Initiate C_8x2sat_42sd_500tar | Real Run True | Runtime start 11:10:35
Generated Cue constellation with nPlanes 8, nSats 2, F 1
Initiated logging files
Total number of simulation steps: 86401
		0 Time iteration: 2.19 | Time plot: 1.10 | Simulation time: 0h 0m 0s
		10 Time iteration: 0.92 | Time plot: 0.00 | Simulation time: 0h 0m 10s
		20 Time iteration: 1.97 | Time plot: 1.14 | Simulation time: 0h 0m 20s
		30 Time iteration: 0.83 | Time plot: 0.00 | Simulation time: 0h 0m 30s
		40 Time iteration: 0.83 | Time plot: 0.68 | Simulation time: 0h 0m 40s
		50 Time iteration: 0.81 | Time plot: 0.00 | Simulation time: 0h 0m 50s
		60 Time iteration: 0.76 | Time plot: 0.70 | Simulation time: 0h 1m 0s
		70 Time iteration: 0.78 | Time plot: 0.00 | Simulation time: 0h 1m 10s
		80 Time iteration: 0.75 | Time plot: 0.66 | Simulation time: 0h 1m 20s
		90 Time iteration: 0.77 | Time plot: 0.00 | Simulation time: 0h 1m 30s
		100 Time iteration: 0.90 | Time plot: 0.68 | Simulation time: 0h 1m 40s
		110 Time iteration: 0.78 | Time plot: 0.00 | Simulation time: 0h 1m 50s
		120 Time iteration: 0.78 | Time plot: 0.67 | Simulation time: 0h 2m 0s
		130 Time iteration: 1.03 | Time plot: 0.00 | Simulation time: 0h 2m 10s
		140 Time iteration: 1.07 | Time plot: 0.85 | Simulation time: 0h 2m 20s
		150 Time iteration: 0.73 | Time plot: 0.00 | Simulation time: 0h 2m 30s
		160 Time iteration: 0.73 | Time plot: 0.64 | Simulation time: 0h 2m 40s
		170 Time iteration: 0.77 | Time plot: 0.00 | Simulation time: 0h 2m 50s
		180 Time iteration: 0.73 | Time plot: 0.64 | Simulation time: 0h 3m 0s
		190 Time iteration: 0.73 | Time plot: 0.00 | Simulation time: 0h 3m 10s
		200 Time iteration: 0.85 | Time plot: 0.68 | Simulation time: 0h 3m 20s
		210 Time iteration: 0.79 | Time plot: 0.00 | Simulation time: 0h 3m 30s
		220 Time iteration: 0.75 | Time plot: 0.67 | Simulation time: 0h 3m 40s
		230 Time iteration: 0.75 | Time plot: 0.00 | Simulation time: 0h 3m 50s
		240 Time iteration: 0.74 | Time plot: 0.67 | Simulation time: 0h 4m 0s
		250 Time iteration: 0.74 | Time plot: 0.00 | Simulation time: 0h 4m 10s
		260 Time iteration: 0.75 | Time plot: 0.65 | Simulation time: 0h 4m 20s
		270 Time iteration: 0.74 | Time plot: 0.00 | Simulation time: 0h 4m 30s
		280 Time iteration: 0.74 | Time plot: 0.65 | Simulation time: 0h 4m 40s
		290 Time iteration: 0.79 | Time plot: 0.00 | Simulation time: 0h 4m 50s
		300 Time iteration: 0.85 | Time plot: 0.66 | Simulation time: 0h 5m 0s
		310 Time iteration: 0.74 | Time plot: 0.00 | Simulation time: 0h 5m 10s
		320 Time iteration: 0.74 | Time plot: 0.67 | Simulation time: 0h 5m 20s
		330 Time iteration: 0.74 | Time plot: 0.00 | Simulation time: 0h 5m 30s
		340 Time iteration: 0.75 | Time plot: 0.66 | Simulation time: 0h 5m 40s
		350 Time iteration: 0.76 | Time plot: 0.00 | Simulation time: 0h 5m 50s
		360 Time iteration: 0.77 | Time plot: 0.72 | Simulation time: 0h 6m 0s
		370 Time iteration: 0.75 | Time plot: 0.00 | Simulation time: 0h 6m 10s
		380 Time iteration: 0.76 | Time plot: 0.63 | Simulation time: 0h 6m 20s
		390 Time iteration: 0.75 | Time plot: 0.00 | Simulation time: 0h 6m 30s
		400 Time iteration: 0.83 | Time plot: 0.64 | Simulation time: 0h 6m 40s
		410 Time iteration: 0.73 | Time plot: 0.00 | Simulation time: 0h 6m 50s
		420 Time iteration: 0.74 | Time plot: 0.63 | Simulation time: 0h 7m 0s
		430 Time iteration: 0.75 | Time plot: 0.00 | Simulation time: 0h 7m 10s
		440 Time iteration: 0.74 | Time plot: 0.66 | Simulation time: 0h 7m 20s
		450 Time iteration: 0.73 | Time plot: 0.00 | Simulation time: 0h 7m 30s
		460 Time iteration: 0.74 | Time plot: 0.64 | Simulation time: 0h 7m 40s
		470 Time iteration: 0.73 | Time plot: 0.00 | Simulation time: 0h 7m 50s
		480 Time iteration: 0.75 | Time plot: 0.65 | Simulation time: 0h 8m 0s
		490 Time iteration: 0.74 | Time plot: 0.00 | Simulation time: 0h 8m 10s
		500 Time iteration: 0.84 | Time plot: 0.66 | Simulation time: 0h 8m 20s
		510 Time iteration: 0.75 | Time plot: 0.00 | Simulation time: 0h 8m 30s
		520 Time iteration: 0.76 | Time plot: 0.66 | Simulation time: 0h 8m 40s
		530 Time iteration: 0.76 | Time plot: 0.00 | Simulation time: 0h 8m 50s
		540 Time iteration: 0.73 | Time plot: 0.67 | Simulation time: 0h 9m 0s
		550 Time iteration: 0.74 | Time plot: 0.00 | Simulation time: 0h 9m 10s
		560 Time iteration: 0.74 | Time plot: 0.67 | Simulation time: 0h 9m 20s
		570 Time iteration: 0.74 | Time plot: 0.00 | Simulation time: 0h 9m 30s
		580 Time iteration: 0.74 | Time plot: 0.66 | Simulation time: 0h 9m 40s
		590 Time iteration: 0.75 | Time plot: 0.00 | Simulation time: 0h 9m 50s
		600 Time iteration: 0.86 | Time plot: 0.66 | Simulation time: 0h 10m 0s
		610 Time iteration: 0.87 | Time plot: 0.00 | Simulation time: 0h 10m 10s
		620 Time iteration: 0.76 | Time plot: 0.65 | Simulation time: 0h 10m 20s
		630 Time iteration: 0.74 | Time plot: 0.00 | Simulation time: 0h 10m 30s
		640 Time iteration: 0.77 | Time plot: 0.65 | Simulation time: 0h 10m 40s
		650 Time iteration: 0.74 | Time plot: 0.00 | Simulation time: 0h 10m 50s
		660 Time iteration: 0.73 | Time plot: 0.66 | Simulation time: 0h 11m 0s
		670 Time iteration: 0.74 | Time plot: 0.00 | Simulation time: 0h 11m 10s
		680 Time iteration: 0.73 | Time plot: 0.66 | Simulation time: 0h 11m 20s
		690 Time iteration: 0.77 | Time plot: 0.00 | Simulation time: 0h 11m 30s
		700 Time iteration: 0.85 | Time plot: 0.65 | Simulation time: 0h 11m 40s
		710 Time iteration: 0.76 | Time plot: 0.00 | Simulation time: 0h 11m 50s
		720 Time iteration: 0.75 | Time plot: 0.66 | Simulation time: 0h 12m 0s
		730 Time iteration: 0.76 | Time plot: 0.00 | Simulation time: 0h 12m 10s
		740 Time iteration: 0.76 | Time plot: 0.64 | Simulation time: 0h 12m 20s
		750 Time iteration: 0.75 | Time plot: 0.00 | Simulation time: 0h 12m 30s
		760 Time iteration: 0.77 | Time plot: 0.66 | Simulation time: 0h 12m 40s
		770 Time iteration: 0.75 | Time plot: 0.00 | Simulation time: 0h 12m 50s
		780 Time iteration: 0.76 | Time plot: 0.65 | Simulation time: 0h 13m 0s
		790 Time iteration: 0.75 | Time plot: 0.00 | Simulation time: 0h 13m 10s
		800 Time iteration: 0.88 | Time plot: 0.65 | Simulation time: 0h 13m 20s
		810 Time iteration: 0.77 | Time plot: 0.00 | Simulation time: 0h 13m 30s
		820 Time iteration: 0.76 | Time plot: 0.64 | Simulation time: 0h 13m 40s
		830 Time iteration: 0.75 | Time plot: 0.00 | Simulation time: 0h 13m 50s
		840 Time iteration: 0.76 | Time plot: 0.65 | Simulation time: 0h 14m 0s
		850 Time iteration: 0.77 | Time plot: 0.00 | Simulation time: 0h 14m 10s
		860 Time iteration: 0.77 | Time plot: 0.76 | Simulation time: 0h 14m 20s
		870 Time iteration: 0.75 | Time plot: 0.00 | Simulation time: 0h 14m 30s
		880 Time iteration: 0.75 | Time plot: 0.65 | Simulation time: 0h 14m 40s
		890 Time iteration: 0.76 | Time plot: 0.00 | Simulation time: 0h 14m 50s
		900 Time iteration: 0.88 | Time plot: 0.72 | Simulation time: 0h 15m 0s
		910 Time iteration: 0.78 | Time plot: 0.00 | Simulation time: 0h 15m 10s
		920 Time iteration: 0.76 | Time plot: 0.66 | Simulation time: 0h 15m 20s
		930 Time iteration: 0.74 | Time plot: 0.00 | Simulation time: 0h 15m 30s
		940 Time iteration: 0.75 | Time plot: 0.64 | Simulation time: 0h 15m 40s
		950 Time iteration: 0.75 | Time plot: 0.00 | Simulation time: 0h 15m 50s
		960 Time iteration: 0.75 | Time plot: 0.67 | Simulation time: 0h 16m 0s
		970 Time iteration: 0.89 | Time plot: 0.00 | Simulation time: 0h 16m 10s
		980 Time iteration: 0.80 | Time plot: 0.65 | Simulation time: 0h 16m 20s
		990 Time iteration: 0.78 | Time plot: 0.00 | Simulation time: 0h 16m 30s
		1000 Time iteration: 0.90 | Time plot: 0.66 | Simulation time: 0h 16m 40s
		1010 Time iteration: 0.79 | Time plot: 0.00 | Simulation time: 0h 16m 50s
		1020 Time iteration: 0.76 | Time plot: 0.63 | Simulation time: 0h 17m 0s
		1030 Time iteration: 0.75 | Time plot: 0.00 | Simulation time: 0h 17m 10s
		1040 Time iteration: 0.76 | Time plot: 0.65 | Simulation time: 0h 17m 20s
		1050 Time iteration: 0.77 | Time plot: 0.00 | Simulation time: 0h 17m 30s
		1060 Time iteration: 0.82 | Time plot: 0.68 | Simulation time: 0h 17m 40s
		1070 Time iteration: 0.77 | Time plot: 0.00 | Simulation time: 0h 17m 50s
		1080 Time iteration: 0.78 | Time plot: 0.66 | Simulation time: 0h 18m 0s
		1090 Time iteration: 0.78 | Time plot: 0.00 | Simulation time: 0h 18m 10s
		1100 Time iteration: 0.90 | Time plot: 0.67 | Simulation time: 0h 18m 20s
		1110 Time iteration: 0.78 | Time plot: 0.00 | Simulation time: 0h 18m 30s
		1120 Time iteration: 0.77 | Time plot: 0.65 | Simulation time: 0h 18m 40s
		1130 Time iteration: 0.81 | Time plot: 0.00 | Simulation time: 0h 18m 50s
		1140 Time iteration: 0.79 | Time plot: 0.66 | Simulation time: 0h 19m 0s
		1150 Time iteration: 0.76 | Time plot: 0.00 | Simulation time: 0h 19m 10s
		1160 Time iteration: 0.78 | Time plot: 0.66 | Simulation time: 0h 19m 20s
		1170 Time iteration: 0.78 | Time plot: 0.00 | Simulation time: 0h 19m 30s
		1180 Time iteration: 0.77 | Time plot: 0.65 | Simulation time: 0h 19m 40s
		1190 Time iteration: 0.77 | Time plot: 0.00 | Simulation time: 0h 19m 50s
		1200 Time iteration: 0.89 | Time plot: 0.65 | Simulation time: 0h 20m 0s
		1210 Time iteration: 0.79 | Time plot: 0.00 | Simulation time: 0h 20m 10s
		1220 Time iteration: 0.78 | Time plot: 0.65 | Simulation time: 0h 20m 20s
		1230 Time iteration: 0.77 | Time plot: 0.00 | Simulation time: 0h 20m 30s
		1240 Time iteration: 0.78 | Time plot: 0.65 | Simulation time: 0h 20m 40s
		1250 Time iteration: 0.77 | Time plot: 0.00 | Simulation time: 0h 20m 50s
		1260 Time iteration: 0.78 | Time plot: 0.66 | Simulation time: 0h 21m 0s
		1270 Time iteration: 0.95 | Time plot: 0.00 | Simulation time: 0h 21m 10s
		1280 Time iteration: 0.79 | Time plot: 0.69 | Simulation time: 0h 21m 20s
		1290 Time iteration: 0.78 | Time plot: 0.00 | Simulation time: 0h 21m 30s
		1300 Time iteration: 0.89 | Time plot: 0.64 | Simulation time: 0h 21m 40s
		1310 Time iteration: 0.76 | Time plot: 0.00 | Simulation time: 0h 21m 50s
		1320 Time iteration: 0.77 | Time plot: 0.65 | Simulation time: 0h 22m 0s
		1330 Time iteration: 0.77 | Time plot: 0.00 | Simulation time: 0h 22m 10s
		1340 Time iteration: 0.77 | Time plot: 0.66 | Simulation time: 0h 22m 20s
		1350 Time iteration: 0.77 | Time plot: 0.00 | Simulation time: 0h 22m 30s
		1360 Time iteration: 0.82 | Time plot: 0.67 | Simulation time: 0h 22m 40s
		1370 Time iteration: 0.78 | Time plot: 0.00 | Simulation time: 0h 22m 50s
		1380 Time iteration: 0.78 | Time plot: 0.65 | Simulation time: 0h 23m 0s
		1390 Time iteration: 0.77 | Time plot: 0.00 | Simulation time: 0h 23m 10s
		1400 Time iteration: 0.89 | Time plot: 0.65 | Simulation time: 0h 23m 20s
		1410 Time iteration: 0.78 | Time plot: 0.00 | Simulation time: 0h 23m 30s
		1420 Time iteration: 0.75 | Time plot: 0.65 | Simulation time: 0h 23m 40s
		1430 Time iteration: 0.76 | Time plot: 0.00 | Simulation time: 0h 23m 50s
		1440 Time iteration: 0.75 | Time plot: 0.65 | Simulation time: 0h 24m 0s
		1450 Time iteration: 0.75 | Time plot: 0.00 | Simulation time: 0h 24m 10s
		1460 Time iteration: 0.75 | Time plot: 0.67 | Simulation time: 0h 24m 20s
		1470 Time iteration: 0.76 | Time plot: 0.00 | Simulation time: 0h 24m 30s
		1480 Time iteration: 0.75 | Time plot: 0.65 | Simulation time: 0h 24m 40s
		1490 Time iteration: 0.75 | Time plot: 0.00 | Simulation time: 0h 24m 50s
		1500 Time iteration: 0.88 | Time plot: 0.66 | Simulation time: 0h 25m 0s
		1510 Time iteration: 0.78 | Time plot: 0.00 | Simulation time: 0h 25m 10s
		1520 Time iteration: 0.76 | Time plot: 0.66 | Simulation time: 0h 25m 20s
		1530 Time iteration: 0.77 | Time plot: 0.00 | Simulation time: 0h 25m 30s
		1540 Time iteration: 0.76 | Time plot: 0.66 | Simulation time: 0h 25m 40s
		1550 Time iteration: 0.77 | Time plot: 0.00 | Simulation time: 0h 25m 50s
		1560 Time iteration: 0.75 | Time plot: 0.65 | Simulation time: 0h 26m 0s
		1570 Time iteration: 0.76 | Time plot: 0.00 | Simulation time: 0h 26m 10s
		1580 Time iteration: 0.74 | Time plot: 0.65 | Simulation time: 0h 26m 20s
		1590 Time iteration: 0.74 | Time plot: 0.00 | Simulation time: 0h 26m 30s
		1600 Time iteration: 0.83 | Time plot: 0.63 | Simulation time: 0h 26m 40s
		1610 Time iteration: 0.73 | Time plot: 0.00 | Simulation time: 0h 26m 50s
		1620 Time iteration: 0.73 | Time plot: 0.63 | Simulation time: 0h 27m 0s
		1630 Time iteration: 0.74 | Time plot: 0.00 | Simulation time: 0h 27m 10s
		1640 Time iteration: 0.73 | Time plot: 0.64 | Simulation time: 0h 27m 20s
		1650 Time iteration: 0.72 | Time plot: 0.00 | Simulation time: 0h 27m 30s
		1660 Time iteration: 0.72 | Time plot: 0.63 | Simulation time: 0h 27m 40s
		1670 Time iteration: 0.72 | Time plot: 0.00 | Simulation time: 0h 27m 50s
		1680 Time iteration: 0.72 | Time plot: 0.64 | Simulation time: 0h 28m 0s
		1690 Time iteration: 0.73 | Time plot: 0.00 | Simulation time: 0h 28m 10s
		1700 Time iteration: 0.83 | Time plot: 0.66 | Simulation time: 0h 28m 20s
		1710 Time iteration: 0.72 | Time plot: 0.00 | Simulation time: 0h 28m 30s
		1720 Time iteration: 0.72 | Time plot: 0.66 | Simulation time: 0h 28m 40s
		1730 Time iteration: 0.72 | Time plot: 0.00 | Simulation time: 0h 28m 50s
		1740 Time iteration: 0.74 | Time plot: 0.64 | Simulation time: 0h 29m 0s
		1750 Time iteration: 0.76 | Time plot: 0.00 | Simulation time: 0h 29m 10s
		1760 Time iteration: 0.76 | Time plot: 0.65 | Simulation time: 0h 29m 20s
		1770 Time iteration: 0.76 | Time plot: 0.00 | Simulation time: 0h 29m 30s
		1780 Time iteration: 0.75 | Time plot: 0.64 | Simulation time: 0h 29m 40s
		1790 Time iteration: 0.75 | Time plot: 0.00 | Simulation time: 0h 29m 50s
		1800 Time iteration: 0.86 | Time plot: 0.65 | Simulation time: 0h 30m 0s
		1810 Time iteration: 0.73 | Time plot: 0.00 | Simulation time: 0h 30m 10s
		1820 Time iteration: 0.72 | Time plot: 0.64 | Simulation time: 0h 30m 20s
		1830 Time iteration: 0.73 | Time plot: 0.00 | Simulation time: 0h 30m 30s
		1840 Time iteration: 0.74 | Time plot: 0.66 | Simulation time: 0h 30m 40s
		1850 Time iteration: 0.72 | Time plot: 0.00 | Simulation time: 0h 30m 50s
		1860 Time iteration: 0.74 | Time plot: 0.63 | Simulation time: 0h 31m 0s
		1870 Time iteration: 0.73 | Time plot: 0.00 | Simulation time: 0h 31m 10s
		1880 Time iteration: 0.73 | Time plot: 0.64 | Simulation time: 0h 31m 20s
		1890 Time iteration: 0.73 | Time plot: 0.00 | Simulation time: 0h 31m 30s
		1900 Time iteration: 0.84 | Time plot: 0.64 | Simulation time: 0h 31m 40s
		1910 Time iteration: 0.73 | Time plot: 0.00 | Simulation time: 0h 31m 50s
		1920 Time iteration: 0.95 | Time plot: 0.70 | Simulation time: 0h 32m 0s
		1930 Time iteration: 0.74 | Time plot: 0.00 | Simulation time: 0h 32m 10s
		1940 Time iteration: 0.71 | Time plot: 0.63 | Simulation time: 0h 32m 20s
		1950 Time iteration: 0.73 | Time plot: 0.00 | Simulation time: 0h 32m 30s
		1960 Time iteration: 0.72 | Time plot: 0.63 | Simulation time: 0h 32m 40s
		1970 Time iteration: 0.72 | Time plot: 0.00 | Simulation time: 0h 32m 50s
		1980 Time iteration: 0.73 | Time plot: 0.64 | Simulation time: 0h 33m 0s
		1990 Time iteration: 0.73 | Time plot: 0.00 | Simulation time: 0h 33m 10s
		2000 Time iteration: 0.85 | Time plot: 0.66 | Simulation time: 0h 33m 20s
		2010 Time iteration: 0.74 | Time plot: 0.00 | Simulation time: 0h 33m 30s
		2020 Time iteration: 0.73 | Time plot: 0.65 | Simulation time: 0h 33m 40s
		2030 Time iteration: 0.74 | Time plot: 0.00 | Simulation time: 0h 33m 50s
		2040 Time iteration: 0.73 | Time plot: 0.66 | Simulation time: 0h 34m 0s
		2050 Time iteration: 0.73 | Time plot: 0.00 | Simulation time: 0h 34m 10s
		2060 Time iteration: 0.74 | Time plot: 0.66 | Simulation time: 0h 34m 20s
		2070 Time iteration: 0.74 | Time plot: 0.00 | Simulation time: 0h 34m 30s
		2080 Time iteration: 0.78 | Time plot: 0.67 | Simulation time: 0h 34m 40s
		2090 Time iteration: 0.75 | Time plot: 0.00 | Simulation time: 0h 34m 50s
		2100 Time iteration: 0.87 | Time plot: 0.65 | Simulation time: 0h 35m 0s
		2110 Time iteration: 0.73 | Time plot: 0.00 | Simulation time: 0h 35m 10s
		2120 Time iteration: 0.77 | Time plot: 0.66 | Simulation time: 0h 35m 20s
		2130 Time iteration: 0.74 | Time plot: 0.00 | Simulation time: 0h 35m 30s
		2140 Time iteration: 0.74 | Time plot: 0.66 | Simulation time: 0h 35m 40s
		2150 Time iteration: 0.73 | Time plot: 0.00 | Simulation time: 0h 35m 50s
		2160 Time iteration: 0.76 | Time plot: 0.69 | Simulation time: 0h 36m 0s
!! Cue_plane2_sat0: Observed Target 427 at off-nadir 0.0 deg
		2170 Time iteration: 0.83 | Time plot: 0.00 | Simulation time: 0h 36m 10s
		2180 Time iteration: 0.72 | Time plot: 0.65 | Simulation time: 0h 36m 20s
		2190 Time iteration: 0.76 | Time plot: 0.00 | Simulation time: 0h 36m 30s
		2200 Time iteration: 0.86 | Time plot: 0.67 | Simulation time: 0h 36m 40s
		2210 Time iteration: 0.93 | Time plot: 0.00 | Simulation time: 0h 36m 50s
		2220 Time iteration: 0.75 | Time plot: 0.67 | Simulation time: 0h 37m 0s
!! Cue_plane0_sat0: Confirmed Target 427=whale (actual=whale)
		2230 Time iteration: 0.91 | Time plot: 0.00 | Simulation time: 0h 37m 10s
		2240 Time iteration: 0.76 | Time plot: 0.66 | Simulation time: 0h 37m 20s
		2250 Time iteration: 0.77 | Time plot: 0.00 | Simulation time: 0h 37m 30s
		2260 Time iteration: 0.76 | Time plot: 0.66 | Simulation time: 0h 37m 40s
		2270 Time iteration: 0.80 | Time plot: 0.00 | Simulation time: 0h 37m 50s
		2280 Time iteration: 0.77 | Time plot: 0.65 | Simulation time: 0h 38m 0s
		2290 Time iteration: 0.78 | Time plot: 0.00 | Simulation time: 0h 38m 10s
		2300 Time iteration: 0.86 | Time plot: 0.66 | Simulation time: 0h 38m 20s
		2310 Time iteration: 0.75 | Time plot: 0.00 | Simulation time: 0h 38m 30s
		2320 Time iteration: 0.77 | Time plot: 0.67 | Simulation time: 0h 38m 40s
		2330 Time iteration: 0.77 | Time plot: 0.00 | Simulation time: 0h 38m 50s
		2340 Time iteration: 0.77 | Time plot: 0.65 | Simulation time: 0h 39m 0s
		2350 Time iteration: 0.76 | Time plot: 0.00 | Simulation time: 0h 39m 10s
		2360 Time iteration: 0.76 | Time plot: 0.67 | Simulation time: 0h 39m 20s
		2370 Time iteration: 0.76 | Time plot: 0.00 | Simulation time: 0h 39m 30s
		2380 Time iteration: 0.75 | Time plot: 0.65 | Simulation time: 0h 39m 40s
		2390 Time iteration: 0.76 | Time plot: 0.00 | Simulation time: 0h 39m 50s
		2400 Time iteration: 0.87 | Time plot: 0.66 | Simulation time: 0h 40m 0s
		2410 Time iteration: 0.90 | Time plot: 0.00 | Simulation time: 0h 40m 10s
		2420 Time iteration: 0.77 | Time plot: 0.69 | Simulation time: 0h 40m 20s
		2430 Time iteration: 0.76 | Time plot: 0.00 | Simulation time: 0h 40m 30s
		2440 Time iteration: 0.77 | Time plot: 0.66 | Simulation time: 0h 40m 40s
		2450 Time iteration: 0.76 | Time plot: 0.00 | Simulation time: 0h 40m 50s
		2460 Time iteration: 0.79 | Time plot: 0.65 | Simulation time: 0h 41m 0s
		2470 Time iteration: 0.79 | Time plot: 0.00 | Simulation time: 0h 41m 10s
		2480 Time iteration: 0.76 | Time plot: 0.64 | Simulation time: 0h 41m 20s
		2490 Time iteration: 0.76 | Time plot: 0.00 | Simulation time: 0h 41m 30s
		2500 Time iteration: 0.85 | Time plot: 0.65 | Simulation time: 0h 41m 40s
		2510 Time iteration: 0.78 | Time plot: 0.00 | Simulation time: 0h 41m 50s
		2520 Time iteration: 0.76 | Time plot: 0.64 | Simulation time: 0h 42m 0s
		2530 Time iteration: 0.76 | Time plot: 0.00 | Simulation time: 0h 42m 10s
		2540 Time iteration: 0.77 | Time plot: 0.64 | Simulation time: 0h 42m 20s
		2550 Time iteration: 0.75 | Time plot: 0.00 | Simulation time: 0h 42m 30s
		2560 Time iteration: 0.76 | Time plot: 0.64 | Simulation time: 0h 42m 40s
		2570 Time iteration: 0.76 | Time plot: 0.00 | Simulation time: 0h 42m 50s
		2580 Time iteration: 0.76 | Time plot: 0.64 | Simulation time: 0h 43m 0s
		2590 Time iteration: 0.83 | Time plot: 0.00 | Simulation time: 0h 43m 10s
		2600 Time iteration: 0.86 | Time plot: 0.66 | Simulation time: 0h 43m 20s
		2610 Time iteration: 0.76 | Time plot: 0.00 | Simulation time: 0h 43m 30s
		2620 Time iteration: 0.87 | Time plot: 0.80 | Simulation time: 0h 43m 40s
		2630 Time iteration: 0.75 | Time plot: 0.00 | Simulation time: 0h 43m 50s
		2640 Time iteration: 0.76 | Time plot: 0.66 | Simulation time: 0h 44m 0s
		2650 Time iteration: 0.80 | Time plot: 0.00 | Simulation time: 0h 44m 10s
		2660 Time iteration: 0.78 | Time plot: 0.64 | Simulation time: 0h 44m 20s
		2670 Time iteration: 0.75 | Time plot: 0.00 | Simulation time: 0h 44m 30s
		2680 Time iteration: 0.74 | Time plot: 0.64 | Simulation time: 0h 44m 40s
		2690 Time iteration: 0.73 | Time plot: 0.00 | Simulation time: 0h 44m 50s
		2700 Time iteration: 0.90 | Time plot: 0.70 | Simulation time: 0h 45m 0s
		2710 Time iteration: 0.74 | Time plot: 0.00 | Simulation time: 0h 45m 10s
		2720 Time iteration: 1.36 | Time plot: 0.91 | Simulation time: 0h 45m 20s
		2730 Time iteration: 0.77 | Time plot: 0.00 | Simulation time: 0h 45m 30s
		2740 Time iteration: 0.76 | Time plot: 0.66 | Simulation time: 0h 45m 40s
		2750 Time iteration: 0.76 | Time plot: 0.00 | Simulation time: 0h 45m 50s
		2760 Time iteration: 0.75 | Time plot: 0.66 | Simulation time: 0h 46m 0s
		2770 Time iteration: 0.80 | Time plot: 0.00 | Simulation time: 0h 46m 10s
		2780 Time iteration: 0.77 | Time plot: 0.65 | Simulation time: 0h 46m 20s
		2790 Time iteration: 0.74 | Time plot: 0.00 | Simulation time: 0h 46m 30s
		2800 Time iteration: 0.87 | Time plot: 0.65 | Simulation time: 0h 46m 40s
		2810 Time iteration: 0.99 | Time plot: 0.00 | Simulation time: 0h 46m 50s
		2820 Time iteration: 2.59 | Time plot: 1.58 | Simulation time: 0h 47m 0s
		2830 Time iteration: 1.66 | Time plot: 0.00 | Simulation time: 0h 47m 10s
		2840 Time iteration: 1.04 | Time plot: 0.81 | Simulation time: 0h 47m 20s
		2850 Time iteration: 0.96 | Time plot: 0.00 | Simulation time: 0h 47m 30s
		2860 Time iteration: 1.46 | Time plot: 1.47 | Simulation time: 0h 47m 40s
		2870 Time iteration: 1.38 | Time plot: 0.00 | Simulation time: 0h 47m 50s
		2880 Time iteration: 1.22 | Time plot: 1.01 | Simulation time: 0h 48m 0s
		2890 Time iteration: 1.07 | Time plot: 0.00 | Simulation time: 0h 48m 10s
		2900 Time iteration: 2.68 | Time plot: 0.85 | Simulation time: 0h 48m 20s
		2910 Time iteration: 0.94 | Time plot: 0.00 | Simulation time: 0h 48m 30s
		2920 Time iteration: 0.76 | Time plot: 0.68 | Simulation time: 0h 48m 40s
		2930 Time iteration: 0.89 | Time plot: 0.00 | Simulation time: 0h 48m 50s
		2940 Time iteration: 0.84 | Time plot: 0.72 | Simulation time: 0h 49m 0s
		2950 Time iteration: 0.75 | Time plot: 0.00 | Simulation time: 0h 49m 10s
		2960 Time iteration: 0.75 | Time plot: 0.70 | Simulation time: 0h 49m 20s
		2970 Time iteration: 0.77 | Time plot: 0.00 | Simulation time: 0h 49m 30s
		2980 Time iteration: 0.76 | Time plot: 0.70 | Simulation time: 0h 49m 40s
		2990 Time iteration: 0.78 | Time plot: 0.00 | Simulation time: 0h 49m 50s
		3000 Time iteration: 0.87 | Time plot: 0.67 | Simulation time: 0h 50m 0s
		3010 Time iteration: 0.76 | Time plot: 0.00 | Simulation time: 0h 50m 10s
		3020 Time iteration: 0.76 | Time plot: 0.66 | Simulation time: 0h 50m 20s
		3030 Time iteration: 0.76 | Time plot: 0.00 | Simulation time: 0h 50m 30s
		3040 Time iteration: 0.77 | Time plot: 0.71 | Simulation time: 0h 50m 40s
!! Cue_plane0_sat0: Observed Target 31 at off-nadir 0.0 deg
		3050 Time iteration: 1.73 | Time plot: 0.00 | Simulation time: 0h 50m 50s
		3060 Time iteration: 1.01 | Time plot: 0.73 | Simulation time: 0h 51m 0s
		3070 Time iteration: 0.79 | Time plot: 0.00 | Simulation time: 0h 51m 10s
		3080 Time iteration: 0.74 | Time plot: 0.66 | Simulation time: 0h 51m 20s
		3090 Time iteration: 0.74 | Time plot: 0.00 | Simulation time: 0h 51m 30s
		3100 Time iteration: 0.85 | Time plot: 0.68 | Simulation time: 0h 51m 40s
		3110 Time iteration: 0.73 | Time plot: 0.00 | Simulation time: 0h 51m 50s
!! Cue_plane0_sat0: Confirmed Target 31=not-whale (actual=whale)
		3120 Time iteration: 0.83 | Time plot: 0.71 | Simulation time: 0h 52m 0s
		3130 Time iteration: 0.80 | Time plot: 0.00 | Simulation time: 0h 52m 10s
		3140 Time iteration: 0.82 | Time plot: 0.80 | Simulation time: 0h 52m 20s
		3150 Time iteration: 0.90 | Time plot: 0.00 | Simulation time: 0h 52m 30s
		3160 Time iteration: 1.08 | Time plot: 0.74 | Simulation time: 0h 52m 40s
		3170 Time iteration: 0.82 | Time plot: 0.00 | Simulation time: 0h 52m 50s
		3180 Time iteration: 1.41 | Time plot: 0.95 | Simulation time: 0h 53m 0s
		3190 Time iteration: 1.18 | Time plot: 0.00 | Simulation time: 0h 53m 10s
		3200 Time iteration: 1.07 | Time plot: 0.92 | Simulation time: 0h 53m 20s
		3210 Time iteration: 0.88 | Time plot: 0.00 | Simulation time: 0h 53m 30s
		3220 Time iteration: 0.74 | Time plot: 0.70 | Simulation time: 0h 53m 40s
		3230 Time iteration: 0.78 | Time plot: 0.00 | Simulation time: 0h 53m 50s
		3240 Time iteration: 0.80 | Time plot: 0.69 | Simulation time: 0h 54m 0s
		3250 Time iteration: 0.81 | Time plot: 0.00 | Simulation time: 0h 54m 10s
		3260 Time iteration: 0.77 | Time plot: 0.76 | Simulation time: 0h 54m 20s
		3270 Time iteration: 0.83 | Time plot: 0.00 | Simulation time: 0h 54m 30s
		3280 Time iteration: 0.85 | Time plot: 0.79 | Simulation time: 0h 54m 40s
		3290 Time iteration: 0.92 | Time plot: 0.00 | Simulation time: 0h 54m 50s
		3300 Time iteration: 1.02 | Time plot: 0.80 | Simulation time: 0h 55m 0s
		3310 Time iteration: 0.88 | Time plot: 0.00 | Simulation time: 0h 55m 10s
		3320 Time iteration: 0.83 | Time plot: 0.77 | Simulation time: 0h 55m 20s
		3330 Time iteration: 0.81 | Time plot: 0.00 | Simulation time: 0h 55m 30s
		3340 Time iteration: 0.81 | Time plot: 0.74 | Simulation time: 0h 55m 40s
		3350 Time iteration: 0.74 | Time plot: 0.00 | Simulation time: 0h 55m 50s
		3360 Time iteration: 0.76 | Time plot: 0.74 | Simulation time: 0h 56m 0s
		3370 Time iteration: 0.76 | Time plot: 0.00 | Simulation time: 0h 56m 10s
		3380 Time iteration: 0.79 | Time plot: 0.68 | Simulation time: 0h 56m 20s
		3390 Time iteration: 1.17 | Time plot: 0.00 | Simulation time: 0h 56m 30s
		3400 Time iteration: 1.11 | Time plot: 0.80 | Simulation time: 0h 56m 40s
		3410 Time iteration: 0.91 | Time plot: 0.00 | Simulation time: 0h 56m 50s
		3420 Time iteration: 0.84 | Time plot: 0.74 | Simulation time: 0h 57m 0s
		3430 Time iteration: 0.86 | Time plot: 0.00 | Simulation time: 0h 57m 10s
		3440 Time iteration: 1.06 | Time plot: 0.70 | Simulation time: 0h 57m 20s
		3450 Time iteration: 0.85 | Time plot: 0.00 | Simulation time: 0h 57m 30s
		3460 Time iteration: 0.91 | Time plot: 0.71 | Simulation time: 0h 57m 40s
		3470 Time iteration: 0.86 | Time plot: 0.00 | Simulation time: 0h 57m 50s
		3480 Time iteration: 0.87 | Time plot: 0.76 | Simulation time: 0h 58m 0s
		3490 Time iteration: 0.81 | Time plot: 0.00 | Simulation time: 0h 58m 10s
		3500 Time iteration: 0.95 | Time plot: 0.79 | Simulation time: 0h 58m 20s
		3510 Time iteration: 1.07 | Time plot: 0.00 | Simulation time: 0h 58m 30s
		3520 Time iteration: 0.90 | Time plot: 0.77 | Simulation time: 0h 58m 40s
		3530 Time iteration: 0.97 | Time plot: 0.00 | Simulation time: 0h 58m 50s
		3540 Time iteration: 0.89 | Time plot: 0.93 | Simulation time: 0h 59m 0s
		3550 Time iteration: 0.96 | Time plot: 0.00 | Simulation time: 0h 59m 10s
		3560 Time iteration: 1.00 | Time plot: 0.91 | Simulation time: 0h 59m 20s
		3570 Time iteration: 0.74 | Time plot: 0.00 | Simulation time: 0h 59m 30s
		3580 Time iteration: 0.98 | Time plot: 0.84 | Simulation time: 0h 59m 40s
		3590 Time iteration: 0.95 | Time plot: 0.00 | Simulation time: 0h 59m 50s
		3600 Time iteration: 1.17 | Time plot: 0.85 | Simulation time: 1h 0m 0s
		3610 Time iteration: 0.93 | Time plot: 0.00 | Simulation time: 1h 0m 10s
		3620 Time iteration: 1.07 | Time plot: 0.79 | Simulation time: 1h 0m 20s
		3630 Time iteration: 0.82 | Time plot: 0.00 | Simulation time: 1h 0m 30s
		3640 Time iteration: 0.97 | Time plot: 0.87 | Simulation time: 1h 0m 40s
		3650 Time iteration: 0.81 | Time plot: 0.00 | Simulation time: 1h 0m 50s
		3660 Time iteration: 1.00 | Time plot: 0.78 | Simulation time: 1h 1m 0s
		3670 Time iteration: 0.79 | Time plot: 0.00 | Simulation time: 1h 1m 10s
		3680 Time iteration: 0.88 | Time plot: 0.81 | Simulation time: 1h 1m 20s
		3690 Time iteration: 0.84 | Time plot: 0.00 | Simulation time: 1h 1m 30s
		3700 Time iteration: 0.97 | Time plot: 0.80 | Simulation time: 1h 1m 40s
		3710 Time iteration: 1.00 | Time plot: 0.00 | Simulation time: 1h 1m 50s
		3720 Time iteration: 0.80 | Time plot: 0.85 | Simulation time: 1h 2m 0s
		3730 Time iteration: 0.92 | Time plot: 0.00 | Simulation time: 1h 2m 10s
		3740 Time iteration: 0.76 | Time plot: 0.92 | Simulation time: 1h 2m 20s
		3750 Time iteration: 0.75 | Time plot: 0.00 | Simulation time: 1h 2m 30s
		3760 Time iteration: 1.00 | Time plot: 0.81 | Simulation time: 1h 2m 40s
		3770 Time iteration: 0.99 | Time plot: 0.00 | Simulation time: 1h 2m 50s
		3780 Time iteration: 0.96 | Time plot: 0.86 | Simulation time: 1h 3m 0s
		3790 Time iteration: 0.93 | Time plot: 0.00 | Simulation time: 1h 3m 10s
		3800 Time iteration: 0.94 | Time plot: 0.85 | Simulation time: 1h 3m 20s
		3810 Time iteration: 0.99 | Time plot: 0.00 | Simulation time: 1h 3m 30s
		3820 Time iteration: 0.82 | Time plot: 0.76 | Simulation time: 1h 3m 40s
		3830 Time iteration: 0.86 | Time plot: 0.00 | Simulation time: 1h 3m 50s
		3840 Time iteration: 0.83 | Time plot: 0.78 | Simulation time: 1h 4m 0s
		3850 Time iteration: 0.84 | Time plot: 0.00 | Simulation time: 1h 4m 10s
		3860 Time iteration: 0.74 | Time plot: 0.67 | Simulation time: 1h 4m 20s
		3870 Time iteration: 0.89 | Time plot: 0.00 | Simulation time: 1h 4m 30s
		3880 Time iteration: 0.88 | Time plot: 0.78 | Simulation time: 1h 4m 40s
		3890 Time iteration: 0.76 | Time plot: 0.00 | Simulation time: 1h 4m 50s
		3900 Time iteration: 0.96 | Time plot: 0.73 | Simulation time: 1h 5m 0s
		3910 Time iteration: 0.88 | Time plot: 0.00 | Simulation time: 1h 5m 10s
		3920 Time iteration: 0.91 | Time plot: 0.73 | Simulation time: 1h 5m 20s
		3930 Time iteration: 1.21 | Time plot: 0.00 | Simulation time: 1h 5m 30s
		3940 Time iteration: 0.89 | Time plot: 0.76 | Simulation time: 1h 5m 40s
		3950 Time iteration: 0.80 | Time plot: 0.00 | Simulation time: 1h 5m 50s
		3960 Time iteration: 0.81 | Time plot: 0.72 | Simulation time: 1h 6m 0s
		3970 Time iteration: 0.84 | Time plot: 0.00 | Simulation time: 1h 6m 10s
		3980 Time iteration: 0.82 | Time plot: 0.75 | Simulation time: 1h 6m 20s
		3990 Time iteration: 0.79 | Time plot: 0.00 | Simulation time: 1h 6m 30s
		4000 Time iteration: 0.94 | Time plot: 0.72 | Simulation time: 1h 6m 40s
		4010 Time iteration: 0.81 | Time plot: 0.00 | Simulation time: 1h 6m 50s
		4020 Time iteration: 0.83 | Time plot: 0.70 | Simulation time: 1h 7m 0s
		4030 Time iteration: 0.82 | Time plot: 0.00 | Simulation time: 1h 7m 10s
		4040 Time iteration: 1.07 | Time plot: 0.90 | Simulation time: 1h 7m 20s
		4050 Time iteration: 0.85 | Time plot: 0.00 | Simulation time: 1h 7m 30s
		4060 Time iteration: 0.86 | Time plot: 0.72 | Simulation time: 1h 7m 40s
		4070 Time iteration: 1.07 | Time plot: 0.00 | Simulation time: 1h 7m 50s
		4080 Time iteration: 0.94 | Time plot: 0.76 | Simulation time: 1h 8m 0s
		4090 Time iteration: 0.91 | Time plot: 0.00 | Simulation time: 1h 8m 10s
		4100 Time iteration: 1.26 | Time plot: 0.89 | Simulation time: 1h 8m 20s
		4110 Time iteration: 0.83 | Time plot: 0.00 | Simulation time: 1h 8m 30s
		4120 Time iteration: 0.81 | Time plot: 0.68 | Simulation time: 1h 8m 40s
		4130 Time iteration: 0.79 | Time plot: 0.00 | Simulation time: 1h 8m 50s
		4140 Time iteration: 0.95 | Time plot: 0.87 | Simulation time: 1h 9m 0s
		4150 Time iteration: 1.00 | Time plot: 0.00 | Simulation time: 1h 9m 10s
		4160 Time iteration: 0.79 | Time plot: 0.81 | Simulation time: 1h 9m 20s
		4170 Time iteration: 0.78 | Time plot: 0.00 | Simulation time: 1h 9m 30s
		4180 Time iteration: 0.76 | Time plot: 0.65 | Simulation time: 1h 9m 40s
		4190 Time iteration: 0.99 | Time plot: 0.00 | Simulation time: 1h 9m 50s
		4200 Time iteration: 1.20 | Time plot: 0.92 | Simulation time: 1h 10m 0s
		4210 Time iteration: 0.99 | Time plot: 0.00 | Simulation time: 1h 10m 10s
		4220 Time iteration: 0.92 | Time plot: 0.83 | Simulation time: 1h 10m 20s
		4230 Time iteration: 0.79 | Time plot: 0.00 | Simulation time: 1h 10m 30s
		4240 Time iteration: 0.99 | Time plot: 0.78 | Simulation time: 1h 10m 40s
		4250 Time iteration: 1.01 | Time plot: 0.00 | Simulation time: 1h 10m 50s
		4260 Time iteration: 1.06 | Time plot: 0.79 | Simulation time: 1h 11m 0s
		4270 Time iteration: 0.77 | Time plot: 0.00 | Simulation time: 1h 11m 10s
		4280 Time iteration: 0.84 | Time plot: 0.71 | Simulation time: 1h 11m 20s
		4290 Time iteration: 0.80 | Time plot: 0.00 | Simulation time: 1h 11m 30s
		4300 Time iteration: 0.94 | Time plot: 0.80 | Simulation time: 1h 11m 40s
		4310 Time iteration: 0.80 | Time plot: 0.00 | Simulation time: 1h 11m 50s
		4320 Time iteration: 0.86 | Time plot: 0.68 | Simulation time: 1h 12m 0s
		4330 Time iteration: 0.94 | Time plot: 0.00 | Simulation time: 1h 12m 10s
		4340 Time iteration: 0.83 | Time plot: 0.78 | Simulation time: 1h 12m 20s
		4350 Time iteration: 0.95 | Time plot: 0.00 | Simulation time: 1h 12m 30s
		4360 Time iteration: 0.84 | Time plot: 0.90 | Simulation time: 1h 12m 40s
		4370 Time iteration: 1.08 | Time plot: 0.00 | Simulation time: 1h 12m 50s
		4380 Time iteration: 0.79 | Time plot: 0.68 | Simulation time: 1h 13m 0s
		4390 Time iteration: 0.95 | Time plot: 0.00 | Simulation time: 1h 13m 10s
		4400 Time iteration: 1.37 | Time plot: 0.94 | Simulation time: 1h 13m 20s
		4410 Time iteration: 0.95 | Time plot: 0.00 | Simulation time: 1h 13m 30s
		4420 Time iteration: 0.74 | Time plot: 0.75 | Simulation time: 1h 13m 40s
		4430 Time iteration: 0.82 | Time plot: 0.00 | Simulation time: 1h 13m 50s
		4440 Time iteration: 1.03 | Time plot: 1.06 | Simulation time: 1h 14m 0s
		4450 Time iteration: 1.06 | Time plot: 0.00 | Simulation time: 1h 14m 10s
		4460 Time iteration: 0.87 | Time plot: 0.90 | Simulation time: 1h 14m 20s
		4470 Time iteration: 1.01 | Time plot: 0.00 | Simulation time: 1h 14m 30s
		4480 Time iteration: 0.91 | Time plot: 0.69 | Simulation time: 1h 14m 40s
		4490 Time iteration: 1.07 | Time plot: 0.00 | Simulation time: 1h 14m 50s
		4500 Time iteration: 0.83 | Time plot: 0.66 | Simulation time: 1h 15m 0s
		4510 Time iteration: 0.72 | Time plot: 0.00 | Simulation time: 1h 15m 10s
		4520 Time iteration: 0.95 | Time plot: 0.68 | Simulation time: 1h 15m 20s
		4530 Time iteration: 0.96 | Time plot: 0.00 | Simulation time: 1h 15m 30s
		4540 Time iteration: 0.87 | Time plot: 0.68 | Simulation time: 1h 15m 40s
		4550 Time iteration: 1.04 | Time plot: 0.00 | Simulation time: 1h 15m 50s
		4560 Time iteration: 0.79 | Time plot: 1.02 | Simulation time: 1h 16m 0s
		4570 Time iteration: 1.01 | Time plot: 0.00 | Simulation time: 1h 16m 10s
		4580 Time iteration: 0.99 | Time plot: 0.69 | Simulation time: 1h 16m 20s
		4590 Time iteration: 0.99 | Time plot: 0.00 | Simulation time: 1h 16m 30s
		4600 Time iteration: 1.19 | Time plot: 0.82 | Simulation time: 1h 16m 40s
		4610 Time iteration: 0.84 | Time plot: 0.00 | Simulation time: 1h 16m 50s
		4620 Time iteration: 1.08 | Time plot: 1.26 | Simulation time: 1h 17m 0s
		4630 Time iteration: 6.29 | Time plot: 0.00 | Simulation time: 1h 17m 10s
		4640 Time iteration: 0.84 | Time plot: 1.73 | Simulation time: 1h 17m 20s
		4650 Time iteration: 1.29 | Time plot: 0.00 | Simulation time: 1h 17m 30s
		4660 Time iteration: 1.01 | Time plot: 0.77 | Simulation time: 1h 17m 40s
		4670 Time iteration: 1.19 | Time plot: 0.00 | Simulation time: 1h 17m 50s
		4680 Time iteration: 0.95 | Time plot: 0.77 | Simulation time: 1h 18m 0s
		4690 Time iteration: 0.79 | Time plot: 0.00 | Simulation time: 1h 18m 10s
		4700 Time iteration: 3.32 | Time plot: 0.98 | Simulation time: 1h 18m 20s
		4710 Time iteration: 1.01 | Time plot: 0.00 | Simulation time: 1h 18m 30s
		4720 Time iteration: 1.17 | Time plot: 0.99 | Simulation time: 1h 18m 40s
		4730 Time iteration: 1.14 | Time plot: 0.00 | Simulation time: 1h 18m 50s
		4740 Time iteration: 1.01 | Time plot: 0.87 | Simulation time: 1h 19m 0s
		4750 Time iteration: 1.04 | Time plot: 0.00 | Simulation time: 1h 19m 10s
		4760 Time iteration: 0.99 | Time plot: 0.86 | Simulation time: 1h 19m 20s
		4770 Time iteration: 0.96 | Time plot: 0.00 | Simulation time: 1h 19m 30s
		4780 Time iteration: 0.86 | Time plot: 0.77 | Simulation time: 1h 19m 40s
		4790 Time iteration: 0.85 | Time plot: 0.00 | Simulation time: 1h 19m 50s
		4800 Time iteration: 1.14 | Time plot: 1.21 | Simulation time: 1h 20m 0s
		4810 Time iteration: 0.88 | Time plot: 0.00 | Simulation time: 1h 20m 10s
		4820 Time iteration: 0.82 | Time plot: 0.95 | Simulation time: 1h 20m 20s
		4830 Time iteration: 0.94 | Time plot: 0.00 | Simulation time: 1h 20m 30s
		4840 Time iteration: 0.86 | Time plot: 0.81 | Simulation time: 1h 20m 40s
		4850 Time iteration: 0.79 | Time plot: 0.00 | Simulation time: 1h 20m 50s
		4860 Time iteration: 0.74 | Time plot: 0.81 | Simulation time: 1h 21m 0s
		4870 Time iteration: 0.95 | Time plot: 0.00 | Simulation time: 1h 21m 10s
		4880 Time iteration: 0.90 | Time plot: 0.73 | Simulation time: 1h 21m 20s
		4890 Time iteration: 2.04 | Time plot: 0.00 | Simulation time: 1h 21m 30s
		4900 Time iteration: 1.58 | Time plot: 1.33 | Simulation time: 1h 21m 40s
		4910 Time iteration: 0.85 | Time plot: 0.00 | Simulation time: 1h 21m 50s
		4920 Time iteration: 1.08 | Time plot: 1.07 | Simulation time: 1h 22m 0s
		4930 Time iteration: 0.77 | Time plot: 0.00 | Simulation time: 1h 22m 10s
		4940 Time iteration: 0.82 | Time plot: 0.85 | Simulation time: 1h 22m 20s
		4950 Time iteration: 1.13 | Time plot: 0.00 | Simulation time: 1h 22m 30s
		4960 Time iteration: 0.90 | Time plot: 0.76 | Simulation time: 1h 22m 40s
		4970 Time iteration: 1.02 | Time plot: 0.00 | Simulation time: 1h 22m 50s
		4980 Time iteration: 1.19 | Time plot: 1.04 | Simulation time: 1h 23m 0s
		4990 Time iteration: 0.89 | Time plot: 0.00 | Simulation time: 1h 23m 10s
		5000 Time iteration: 3.49 | Time plot: 1.34 | Simulation time: 1h 23m 20s
		5010 Time iteration: 0.87 | Time plot: 0.00 | Simulation time: 1h 23m 30s
		5020 Time iteration: 0.75 | Time plot: 0.69 | Simulation time: 1h 23m 40s
		5030 Time iteration: 1.16 | Time plot: 0.00 | Simulation time: 1h 23m 50s
		5040 Time iteration: 1.11 | Time plot: 1.73 | Simulation time: 1h 24m 0s
		5050 Time iteration: 1.00 | Time plot: 0.00 | Simulation time: 1h 24m 10s
		5060 Time iteration: 1.03 | Time plot: 0.84 | Simulation time: 1h 24m 20s
		5070 Time iteration: 0.82 | Time plot: 0.00 | Simulation time: 1h 24m 30s
		5080 Time iteration: 0.93 | Time plot: 1.06 | Simulation time: 1h 24m 40s
		5090 Time iteration: 0.92 | Time plot: 0.00 | Simulation time: 1h 24m 50s
		5100 Time iteration: 0.91 | Time plot: 0.69 | Simulation time: 1h 25m 0s
		5110 Time iteration: 0.88 | Time plot: 0.00 | Simulation time: 1h 25m 10s
		5120 Time iteration: 0.94 | Time plot: 0.79 | Simulation time: 1h 25m 20s
		5130 Time iteration: 0.96 | Time plot: 0.00 | Simulation time: 1h 25m 30s
		5140 Time iteration: 0.74 | Time plot: 0.67 | Simulation time: 1h 25m 40s
		5150 Time iteration: 0.86 | Time plot: 0.00 | Simulation time: 1h 25m 50s
		5160 Time iteration: 1.03 | Time plot: 0.98 | Simulation time: 1h 26m 0s
		5170 Time iteration: 0.81 | Time plot: 0.00 | Simulation time: 1h 26m 10s
		5180 Time iteration: 0.93 | Time plot: 0.76 | Simulation time: 1h 26m 20s
		5190 Time iteration: 0.80 | Time plot: 0.00 | Simulation time: 1h 26m 30s
		5200 Time iteration: 0.92 | Time plot: 0.67 | Simulation time: 1h 26m 40s
		5210 Time iteration: 0.88 | Time plot: 0.00 | Simulation time: 1h 26m 50s
		5220 Time iteration: 1.11 | Time plot: 0.96 | Simulation time: 1h 27m 0s
		5230 Time iteration: 0.77 | Time plot: 0.00 | Simulation time: 1h 27m 10s
		5240 Time iteration: 0.78 | Time plot: 0.67 | Simulation time: 1h 27m 20s
		5250 Time iteration: 0.93 | Time plot: 0.00 | Simulation time: 1h 27m 30s
		5260 Time iteration: 1.09 | Time plot: 0.94 | Simulation time: 1h 27m 40s
		5270 Time iteration: 1.05 | Time plot: 0.00 | Simulation time: 1h 27m 50s
		5280 Time iteration: 0.81 | Time plot: 0.78 | Simulation time: 1h 28m 0s
		5290 Time iteration: 0.79 | Time plot: 0.00 | Simulation time: 1h 28m 10s
		5300 Time iteration: 0.99 | Time plot: 0.69 | Simulation time: 1h 28m 20s
		5310 Time iteration: 0.88 | Time plot: 0.00 | Simulation time: 1h 28m 30s
		5320 Time iteration: 0.89 | Time plot: 0.73 | Simulation time: 1h 28m 40s
		5330 Time iteration: 0.75 | Time plot: 0.00 | Simulation time: 1h 28m 50s
		5340 Time iteration: 0.76 | Time plot: 0.67 | Simulation time: 1h 29m 0s
		5350 Time iteration: 0.76 | Time plot: 0.00 | Simulation time: 1h 29m 10s
		5360 Time iteration: 1.02 | Time plot: 0.70 | Simulation time: 1h 29m 20s
		5370 Time iteration: 0.81 | Time plot: 0.00 | Simulation time: 1h 29m 30s
		5380 Time iteration: 0.84 | Time plot: 0.77 | Simulation time: 1h 29m 40s
		5390 Time iteration: 0.85 | Time plot: 0.00 | Simulation time: 1h 29m 50s
		5400 Time iteration: 0.98 | Time plot: 0.73 | Simulation time: 1h 30m 0s
		5410 Time iteration: 0.84 | Time plot: 0.00 | Simulation time: 1h 30m 10s
		5420 Time iteration: 0.79 | Time plot: 0.72 | Simulation time: 1h 30m 20s
		5430 Time iteration: 0.83 | Time plot: 0.00 | Simulation time: 1h 30m 30s
		5440 Time iteration: 0.87 | Time plot: 0.74 | Simulation time: 1h 30m 40s
		5450 Time iteration: 0.80 | Time plot: 0.00 | Simulation time: 1h 30m 50s
		5460 Time iteration: 0.95 | Time plot: 0.70 | Simulation time: 1h 31m 0s
		5470 Time iteration: 0.90 | Time plot: 0.00 | Simulation time: 1h 31m 10s
		5480 Time iteration: 1.30 | Time plot: 0.88 | Simulation time: 1h 31m 20s
		5490 Time iteration: 0.85 | Time plot: 0.00 | Simulation time: 1h 31m 30s
		5500 Time iteration: 1.18 | Time plot: 0.99 | Simulation time: 1h 31m 40s
		5510 Time iteration: 0.94 | Time plot: 0.00 | Simulation time: 1h 31m 50s
		5520 Time iteration: 1.50 | Time plot: 1.02 | Simulation time: 1h 32m 0s
		5530 Time iteration: 1.13 | Time plot: 0.00 | Simulation time: 1h 32m 10s
		5540 Time iteration: 1.42 | Time plot: 2.28 | Simulation time: 1h 32m 20s
		5550 Time iteration: 1.10 | Time plot: 0.00 | Simulation time: 1h 32m 30s
		5560 Time iteration: 0.83 | Time plot: 0.70 | Simulation time: 1h 32m 40s
		5570 Time iteration: 0.83 | Time plot: 0.00 | Simulation time: 1h 32m 50s
		5580 Time iteration: 0.83 | Time plot: 0.74 | Simulation time: 1h 33m 0s
		5590 Time iteration: 0.75 | Time plot: 0.00 | Simulation time: 1h 33m 10s
		5600 Time iteration: 1.18 | Time plot: 0.86 | Simulation time: 1h 33m 20s
		5610 Time iteration: 0.96 | Time plot: 0.00 | Simulation time: 1h 33m 30s
		5620 Time iteration: 0.81 | Time plot: 0.80 | Simulation time: 1h 33m 40s
		5630 Time iteration: 0.80 | Time plot: 0.00 | Simulation time: 1h 33m 50s
		5640 Time iteration: 0.90 | Time plot: 0.89 | Simulation time: 1h 34m 0s
		5650 Time iteration: 1.05 | Time plot: 0.00 | Simulation time: 1h 34m 10s
		5660 Time iteration: 0.96 | Time plot: 0.72 | Simulation time: 1h 34m 20s
		5670 Time iteration: 0.93 | Time plot: 0.00 | Simulation time: 1h 34m 30s
		5680 Time iteration: 0.77 | Time plot: 0.69 | Simulation time: 1h 34m 40s
		5690 Time iteration: 1.07 | Time plot: 0.00 | Simulation time: 1h 34m 50s
		5700 Time iteration: 1.29 | Time plot: 0.72 | Simulation time: 1h 35m 0s
		5710 Time iteration: 0.86 | Time plot: 0.00 | Simulation time: 1h 35m 10s
		5720 Time iteration: 0.89 | Time plot: 0.72 | Simulation time: 1h 35m 20s
		5730 Time iteration: 0.75 | Time plot: 0.00 | Simulation time: 1h 35m 30s
		5740 Time iteration: 0.77 | Time plot: 0.73 | Simulation time: 1h 35m 40s
		5750 Time iteration: 0.83 | Time plot: 0.00 | Simulation time: 1h 35m 50s
		5760 Time iteration: 0.77 | Time plot: 0.70 | Simulation time: 1h 36m 0s
		5770 Time iteration: 0.93 | Time plot: 0.00 | Simulation time: 1h 36m 10s
		5780 Time iteration: 0.97 | Time plot: 1.00 | Simulation time: 1h 36m 20s
		5790 Time iteration: 0.85 | Time plot: 0.00 | Simulation time: 1h 36m 30s
		5800 Time iteration: 1.01 | Time plot: 0.86 | Simulation time: 1h 36m 40s
		5810 Time iteration: 0.75 | Time plot: 0.00 | Simulation time: 1h 36m 50s
		5820 Time iteration: 0.75 | Time plot: 0.69 | Simulation time: 1h 37m 0s
		5830 Time iteration: 0.86 | Time plot: 0.00 | Simulation time: 1h 37m 10s
		5840 Time iteration: 0.83 | Time plot: 0.76 | Simulation time: 1h 37m 20s
		5850 Time iteration: 0.79 | Time plot: 0.00 | Simulation time: 1h 37m 30s
		5860 Time iteration: 0.78 | Time plot: 0.68 | Simulation time: 1h 37m 40s
		5870 Time iteration: 0.76 | Time plot: 0.00 | Simulation time: 1h 37m 50s
		5880 Time iteration: 0.86 | Time plot: 0.71 | Simulation time: 1h 38m 0s
		5890 Time iteration: 0.85 | Time plot: 0.00 | Simulation time: 1h 38m 10s
		5900 Time iteration: 1.03 | Time plot: 1.11 | Simulation time: 1h 38m 20s
		5910 Time iteration: 1.15 | Time plot: 0.00 | Simulation time: 1h 38m 30s
		5920 Time iteration: 0.91 | Time plot: 0.75 | Simulation time: 1h 38m 40s
		5930 Time iteration: 0.81 | Time plot: 0.00 | Simulation time: 1h 38m 50s
		5940 Time iteration: 0.99 | Time plot: 0.76 | Simulation time: 1h 39m 0s
		5950 Time iteration: 0.78 | Time plot: 0.00 | Simulation time: 1h 39m 10s
		5960 Time iteration: 0.79 | Time plot: 0.69 | Simulation time: 1h 39m 20s
		5970 Time iteration: 0.77 | Time plot: 0.00 | Simulation time: 1h 39m 30s
		5980 Time iteration: 0.87 | Time plot: 0.76 | Simulation time: 1h 39m 40s
		5990 Time iteration: 1.33 | Time plot: 0.00 | Simulation time: 1h 39m 50s
		6000 Time iteration: 1.00 | Time plot: 0.69 | Simulation time: 1h 40m 0s
		6010 Time iteration: 0.89 | Time plot: 0.00 | Simulation time: 1h 40m 10s
		6020 Time iteration: 0.79 | Time plot: 0.77 | Simulation time: 1h 40m 20s
		6030 Time iteration: 0.86 | Time plot: 0.00 | Simulation time: 1h 40m 30s
		6040 Time iteration: 0.87 | Time plot: 0.80 | Simulation time: 1h 40m 40s
		6050 Time iteration: 0.75 | Time plot: 0.00 | Simulation time: 1h 40m 50s
		6060 Time iteration: 0.75 | Time plot: 0.69 | Simulation time: 1h 41m 0s
		6070 Time iteration: 0.95 | Time plot: 0.00 | Simulation time: 1h 41m 10s
		6080 Time iteration: 0.98 | Time plot: 0.82 | Simulation time: 1h 41m 20s
		6090 Time iteration: 0.96 | Time plot: 0.00 | Simulation time: 1h 41m 30s
		6100 Time iteration: 1.30 | Time plot: 1.02 | Simulation time: 1h 41m 40s
		6110 Time iteration: 0.84 | Time plot: 0.00 | Simulation time: 1h 41m 50s
		6120 Time iteration: 0.83 | Time plot: 0.71 | Simulation time: 1h 42m 0s
		6130 Time iteration: 0.79 | Time plot: 0.00 | Simulation time: 1h 42m 10s
		6140 Time iteration: 0.86 | Time plot: 0.82 | Simulation time: 1h 42m 20s
		6150 Time iteration: 1.06 | Time plot: 0.00 | Simulation time: 1h 42m 30s
		6160 Time iteration: 0.76 | Time plot: 0.68 | Simulation time: 1h 42m 40s
		6170 Time iteration: 1.08 | Time plot: 0.00 | Simulation time: 1h 42m 50s
		6180 Time iteration: 0.80 | Time plot: 0.72 | Simulation time: 1h 43m 0s
		6190 Time iteration: 0.80 | Time plot: 0.00 | Simulation time: 1h 43m 10s
		6200 Time iteration: 0.87 | Time plot: 0.68 | Simulation time: 1h 43m 20s
		6210 Time iteration: 0.79 | Time plot: 0.00 | Simulation time: 1h 43m 30s
		6220 Time iteration: 0.78 | Time plot: 0.72 | Simulation time: 1h 43m 40s
		6230 Time iteration: 0.93 | Time plot: 0.00 | Simulation time: 1h 43m 50s
		6240 Time iteration: 0.81 | Time plot: 0.72 | Simulation time: 1h 44m 0s
		6250 Time iteration: 0.79 | Time plot: 0.00 | Simulation time: 1h 44m 10s
		6260 Time iteration: 0.75 | Time plot: 0.68 | Simulation time: 1h 44m 20s
		6270 Time iteration: 1.14 | Time plot: 0.00 | Simulation time: 1h 44m 30s
		6280 Time iteration: 0.80 | Time plot: 0.74 | Simulation time: 1h 44m 40s
		6290 Time iteration: 0.80 | Time plot: 0.00 | Simulation time: 1h 44m 50s
		6300 Time iteration: 0.93 | Time plot: 0.76 | Simulation time: 1h 45m 0s
		6310 Time iteration: 0.83 | Time plot: 0.00 | Simulation time: 1h 45m 10s
		6320 Time iteration: 1.14 | Time plot: 0.90 | Simulation time: 1h 45m 20s
		6330 Time iteration: 0.81 | Time plot: 0.00 | Simulation time: 1h 45m 30s
		6340 Time iteration: 0.76 | Time plot: 0.70 | Simulation time: 1h 45m 40s
		6350 Time iteration: 0.90 | Time plot: 0.00 | Simulation time: 1h 45m 50s
		6360 Time iteration: 0.74 | Time plot: 1.03 | Simulation time: 1h 46m 0s
		6370 Time iteration: 0.81 | Time plot: 0.00 | Simulation time: 1h 46m 10s
		6380 Time iteration: 0.80 | Time plot: 0.74 | Simulation time: 1h 46m 20s
		6390 Time iteration: 0.80 | Time plot: 0.00 | Simulation time: 1h 46m 30s
		6400 Time iteration: 1.04 | Time plot: 0.95 | Simulation time: 1h 46m 40s
		6410 Time iteration: 1.11 | Time plot: 0.00 | Simulation time: 1h 46m 50s
		6420 Time iteration: 1.08 | Time plot: 0.91 | Simulation time: 1h 47m 0s
		6430 Time iteration: 1.07 | Time plot: 0.00 | Simulation time: 1h 47m 10s
		6440 Time iteration: 0.85 | Time plot: 0.74 | Simulation time: 1h 47m 20s
		6450 Time iteration: 0.78 | Time plot: 0.00 | Simulation time: 1h 47m 30s
		6460 Time iteration: 0.87 | Time plot: 0.88 | Simulation time: 1h 47m 40s
		6470 Time iteration: 0.94 | Time plot: 0.00 | Simulation time: 1h 47m 50s
		6480 Time iteration: 1.01 | Time plot: 1.08 | Simulation time: 1h 48m 0s
		6490 Time iteration: 0.83 | Time plot: 0.00 | Simulation time: 1h 48m 10s
		6500 Time iteration: 2.40 | Time plot: 0.74 | Simulation time: 1h 48m 20s
		6510 Time iteration: 0.73 | Time plot: 0.00 | Simulation time: 1h 48m 30s
		6520 Time iteration: 0.77 | Time plot: 0.70 | Simulation time: 1h 48m 40s
		6530 Time iteration: 0.74 | Time plot: 0.00 | Simulation time: 1h 48m 50s
		6540 Time iteration: 0.77 | Time plot: 0.74 | Simulation time: 1h 49m 0s
		6550 Time iteration: 0.77 | Time plot: 0.00 | Simulation time: 1h 49m 10s
		6560 Time iteration: 0.79 | Time plot: 0.72 | Simulation time: 1h 49m 20s
		6570 Time iteration: 0.75 | Time plot: 0.00 | Simulation time: 1h 49m 30s
		6580 Time iteration: 0.77 | Time plot: 0.70 | Simulation time: 1h 49m 40s
		6590 Time iteration: 0.92 | Time plot: 0.00 | Simulation time: 1h 49m 50s
		6600 Time iteration: 0.90 | Time plot: 0.69 | Simulation time: 1h 50m 0s
		6610 Time iteration: 0.75 | Time plot: 0.00 | Simulation time: 1h 50m 10s
		6620 Time iteration: 0.93 | Time plot: 0.69 | Simulation time: 1h 50m 20s
		6630 Time iteration: 0.84 | Time plot: 0.00 | Simulation time: 1h 50m 30s
		6640 Time iteration: 0.75 | Time plot: 0.70 | Simulation time: 1h 50m 40s
		6650 Time iteration: 0.74 | Time plot: 0.00 | Simulation time: 1h 50m 50s
		6660 Time iteration: 0.74 | Time plot: 0.67 | Simulation time: 1h 51m 0s
		6670 Time iteration: 0.74 | Time plot: 0.00 | Simulation time: 1h 51m 10s
		6680 Time iteration: 0.74 | Time plot: 0.68 | Simulation time: 1h 51m 20s
		6690 Time iteration: 0.92 | Time plot: 0.00 | Simulation time: 1h 51m 30s
		6700 Time iteration: 1.20 | Time plot: 1.06 | Simulation time: 1h 51m 40s
		6710 Time iteration: 0.94 | Time plot: 0.00 | Simulation time: 1h 51m 50s
		6720 Time iteration: 1.01 | Time plot: 0.87 | Simulation time: 1h 52m 0s
		6730 Time iteration: 1.05 | Time plot: 0.00 | Simulation time: 1h 52m 10s
		6740 Time iteration: 1.11 | Time plot: 0.96 | Simulation time: 1h 52m 20s
		6750 Time iteration: 1.02 | Time plot: 0.00 | Simulation time: 1h 52m 30s
		6760 Time iteration: 0.84 | Time plot: 0.73 | Simulation time: 1h 52m 40s
		6770 Time iteration: 1.23 | Time plot: 0.00 | Simulation time: 1h 52m 50s
		6780 Time iteration: 0.90 | Time plot: 0.75 | Simulation time: 1h 53m 0s
		6790 Time iteration: 0.94 | Time plot: 0.00 | Simulation time: 1h 53m 10s
		6800 Time iteration: 0.95 | Time plot: 0.90 | Simulation time: 1h 53m 20s
		6810 Time iteration: 0.82 | Time plot: 0.00 | Simulation time: 1h 53m 30s
		6820 Time iteration: 1.53 | Time plot: 0.95 | Simulation time: 1h 53m 40s
		6830 Time iteration: 0.93 | Time plot: 0.00 | Simulation time: 1h 53m 50s
		6840 Time iteration: 0.88 | Time plot: 0.88 | Simulation time: 1h 54m 0s
		6850 Time iteration: 1.22 | Time plot: 0.00 | Simulation time: 1h 54m 10s
		6860 Time iteration: 1.11 | Time plot: 0.90 | Simulation time: 1h 54m 20s
		6870 Time iteration: 0.83 | Time plot: 0.00 | Simulation time: 1h 54m 30s
		6880 Time iteration: 0.87 | Time plot: 1.06 | Simulation time: 1h 54m 40s
		6890 Time iteration: 0.90 | Time plot: 0.00 | Simulation time: 1h 54m 50s
		6900 Time iteration: 0.98 | Time plot: 0.71 | Simulation time: 1h 55m 0s
		6910 Time iteration: 0.82 | Time plot: 0.00 | Simulation time: 1h 55m 10s
		6920 Time iteration: 0.88 | Time plot: 0.78 | Simulation time: 1h 55m 20s
		6930 Time iteration: 0.85 | Time plot: 0.00 | Simulation time: 1h 55m 30s
		6940 Time iteration: 0.93 | Time plot: 0.96 | Simulation time: 1h 55m 40s
		6950 Time iteration: 0.87 | Time plot: 0.00 | Simulation time: 1h 55m 50s
		6960 Time iteration: 0.98 | Time plot: 0.95 | Simulation time: 1h 56m 0s
		6970 Time iteration: 0.85 | Time plot: 0.00 | Simulation time: 1h 56m 10s
		6980 Time iteration: 0.81 | Time plot: 0.81 | Simulation time: 1h 56m 20s
		6990 Time iteration: 1.62 | Time plot: 0.00 | Simulation time: 1h 56m 30s
		7000 Time iteration: 1.55 | Time plot: 0.97 | Simulation time: 1h 56m 40s
		7010 Time iteration: 0.85 | Time plot: 0.00 | Simulation time: 1h 56m 50s
		7020 Time iteration: 0.90 | Time plot: 0.82 | Simulation time: 1h 57m 0s
		7030 Time iteration: 0.82 | Time plot: 0.00 | Simulation time: 1h 57m 10s
		7040 Time iteration: 0.82 | Time plot: 0.81 | Simulation time: 1h 57m 20s
		7050 Time iteration: 1.09 | Time plot: 0.00 | Simulation time: 1h 57m 30s
		7060 Time iteration: 1.07 | Time plot: 1.02 | Simulation time: 1h 57m 40s
		7070 Time iteration: 1.45 | Time plot: 0.00 | Simulation time: 1h 57m 50s
		7080 Time iteration: 1.47 | Time plot: 0.84 | Simulation time: 1h 58m 0s
		7090 Time iteration: 1.03 | Time plot: 0.00 | Simulation time: 1h 58m 10s
		7100 Time iteration: 0.92 | Time plot: 0.68 | Simulation time: 1h 58m 20s
		7110 Time iteration: 0.80 | Time plot: 0.00 | Simulation time: 1h 58m 30s
		7120 Time iteration: 0.92 | Time plot: 0.89 | Simulation time: 1h 58m 40s
		7130 Time iteration: 0.78 | Time plot: 0.00 | Simulation time: 1h 58m 50s
		7140 Time iteration: 0.77 | Time plot: 0.71 | Simulation time: 1h 59m 0s
		7150 Time iteration: 0.95 | Time plot: 0.00 | Simulation time: 1h 59m 10s
		7160 Time iteration: 1.09 | Time plot: 0.88 | Simulation time: 1h 59m 20s
		7170 Time iteration: 1.10 | Time plot: 0.00 | Simulation time: 1h 59m 30s
		7180 Time iteration: 0.87 | Time plot: 0.86 | Simulation time: 1h 59m 40s
		7190 Time iteration: 1.00 | Time plot: 0.00 | Simulation time: 1h 59m 50s
		7200 Time iteration: 1.33 | Time plot: 0.69 | Simulation time: 2h 0m 0s
		7210 Time iteration: 0.76 | Time plot: 0.00 | Simulation time: 2h 0m 10s
		7220 Time iteration: 0.77 | Time plot: 0.67 | Simulation time: 2h 0m 20s
		7230 Time iteration: 1.12 | Time plot: 0.00 | Simulation time: 2h 0m 30s
		7240 Time iteration: 0.76 | Time plot: 0.69 | Simulation time: 2h 0m 40s
		7250 Time iteration: 0.77 | Time plot: 0.00 | Simulation time: 2h 0m 50s
		7260 Time iteration: 0.75 | Time plot: 0.68 | Simulation time: 2h 1m 0s
		7270 Time iteration: 0.74 | Time plot: 0.00 | Simulation time: 2h 1m 10s
		7280 Time iteration: 0.75 | Time plot: 0.70 | Simulation time: 2h 1m 20s
		7290 Time iteration: 0.80 | Time plot: 0.00 | Simulation time: 2h 1m 30s
		7300 Time iteration: 0.98 | Time plot: 1.15 | Simulation time: 2h 1m 40s
		7310 Time iteration: 1.33 | Time plot: 0.00 | Simulation time: 2h 1m 50s
		7320 Time iteration: 1.77 | Time plot: 1.32 | Simulation time: 2h 2m 0s
		7330 Time iteration: 0.96 | Time plot: 0.00 | Simulation time: 2h 2m 10s
		7340 Time iteration: 1.70 | Time plot: 0.96 | Simulation time: 2h 2m 20s
		7350 Time iteration: 1.29 | Time plot: 0.00 | Simulation time: 2h 2m 30s
		7360 Time iteration: 0.74 | Time plot: 0.68 | Simulation time: 2h 2m 40s
		7370 Time iteration: 0.74 | Time plot: 0.00 | Simulation time: 2h 2m 50s
		7380 Time iteration: 0.76 | Time plot: 0.69 | Simulation time: 2h 3m 0s
		7390 Time iteration: 0.76 | Time plot: 0.00 | Simulation time: 2h 3m 10s
		7400 Time iteration: 1.46 | Time plot: 0.70 | Simulation time: 2h 3m 20s
		7410 Time iteration: 1.29 | Time plot: 0.00 | Simulation time: 2h 3m 30s
		7420 Time iteration: 1.19 | Time plot: 1.09 | Simulation time: 2h 3m 40s
		7430 Time iteration: 0.82 | Time plot: 0.00 | Simulation time: 2h 3m 50s
		7440 Time iteration: 1.31 | Time plot: 0.97 | Simulation time: 2h 4m 0s
		7450 Time iteration: 0.88 | Time plot: 0.00 | Simulation time: 2h 4m 10s
		7460 Time iteration: 1.41 | Time plot: 0.95 | Simulation time: 2h 4m 20s
		7470 Time iteration: 0.84 | Time plot: 0.00 | Simulation time: 2h 4m 30s
		7480 Time iteration: 0.93 | Time plot: 1.31 | Simulation time: 2h 4m 40s
		7490 Time iteration: 0.78 | Time plot: 0.00 | Simulation time: 2h 4m 50s
		7500 Time iteration: 1.54 | Time plot: 0.93 | Simulation time: 2h 5m 0s
		7510 Time iteration: 0.93 | Time plot: 0.00 | Simulation time: 2h 5m 10s
		7520 Time iteration: 1.32 | Time plot: 0.99 | Simulation time: 2h 5m 20s
		7530 Time iteration: 0.84 | Time plot: 0.00 | Simulation time: 2h 5m 30s
		7540 Time iteration: 0.93 | Time plot: 0.85 | Simulation time: 2h 5m 40s
		7550 Time iteration: 1.05 | Time plot: 0.00 | Simulation time: 2h 5m 50s
		7560 Time iteration: 0.81 | Time plot: 0.70 | Simulation time: 2h 6m 0s
		7570 Time iteration: 0.75 | Time plot: 0.00 | Simulation time: 2h 6m 10s
		7580 Time iteration: 0.76 | Time plot: 0.68 | Simulation time: 2h 6m 20s
		7590 Time iteration: 0.75 | Time plot: 0.00 | Simulation time: 2h 6m 30s
		7600 Time iteration: 0.86 | Time plot: 0.69 | Simulation time: 2h 6m 40s
		7610 Time iteration: 0.76 | Time plot: 0.00 | Simulation time: 2h 6m 50s
		7620 Time iteration: 0.74 | Time plot: 0.71 | Simulation time: 2h 7m 0s
		7630 Time iteration: 0.79 | Time plot: 0.00 | Simulation time: 2h 7m 10s
		7640 Time iteration: 0.72 | Time plot: 0.68 | Simulation time: 2h 7m 20s
		7650 Time iteration: 0.73 | Time plot: 0.00 | Simulation time: 2h 7m 30s
		7660 Time iteration: 0.74 | Time plot: 0.67 | Simulation time: 2h 7m 40s
		7670 Time iteration: 0.74 | Time plot: 0.00 | Simulation time: 2h 7m 50s
		7680 Time iteration: 0.73 | Time plot: 0.67 | Simulation time: 2h 8m 0s
		7690 Time iteration: 0.73 | Time plot: 0.00 | Simulation time: 2h 8m 10s
		7700 Time iteration: 0.86 | Time plot: 0.67 | Simulation time: 2h 8m 20s
		7710 Time iteration: 0.72 | Time plot: 0.00 | Simulation time: 2h 8m 30s
		7720 Time iteration: 0.73 | Time plot: 0.70 | Simulation time: 2h 8m 40s
		7730 Time iteration: 0.73 | Time plot: 0.00 | Simulation time: 2h 8m 50s
		7740 Time iteration: 0.72 | Time plot: 0.71 | Simulation time: 2h 9m 0s
		7750 Time iteration: 0.72 | Time plot: 0.00 | Simulation time: 2h 9m 10s
		7760 Time iteration: 0.73 | Time plot: 0.67 | Simulation time: 2h 9m 20s
		7770 Time iteration: 0.72 | Time plot: 0.00 | Simulation time: 2h 9m 30s
		7780 Time iteration: 0.74 | Time plot: 0.67 | Simulation time: 2h 9m 40s
		7790 Time iteration: 0.72 | Time plot: 0.00 | Simulation time: 2h 9m 50s
		7800 Time iteration: 0.85 | Time plot: 0.70 | Simulation time: 2h 10m 0s
		7810 Time iteration: 0.72 | Time plot: 0.00 | Simulation time: 2h 10m 10s
		7820 Time iteration: 0.74 | Time plot: 0.68 | Simulation time: 2h 10m 20s
		7830 Time iteration: 0.86 | Time plot: 0.00 | Simulation time: 2h 10m 30s
		7840 Time iteration: 1.16 | Time plot: 0.92 | Simulation time: 2h 10m 40s
		7850 Time iteration: 0.81 | Time plot: 0.00 | Simulation time: 2h 10m 50s
		7860 Time iteration: 1.09 | Time plot: 0.93 | Simulation time: 2h 11m 0s
		7870 Time iteration: 0.72 | Time plot: 0.00 | Simulation time: 2h 11m 10s
		7880 Time iteration: 0.89 | Time plot: 0.79 | Simulation time: 2h 11m 20s
		7890 Time iteration: 0.74 | Time plot: 0.00 | Simulation time: 2h 11m 30s
		7900 Time iteration: 1.02 | Time plot: 0.68 | Simulation time: 2h 11m 40s
		7910 Time iteration: 0.86 | Time plot: 0.00 | Simulation time: 2h 11m 50s
		7920 Time iteration: 1.11 | Time plot: 1.05 | Simulation time: 2h 12m 0s
		7930 Time iteration: 0.85 | Time plot: 0.00 | Simulation time: 2h 12m 10s
		7940 Time iteration: 0.81 | Time plot: 0.88 | Simulation time: 2h 12m 20s
		7950 Time iteration: 0.86 | Time plot: 0.00 | Simulation time: 2h 12m 30s
		7960 Time iteration: 0.84 | Time plot: 0.71 | Simulation time: 2h 12m 40s
		7970 Time iteration: 0.82 | Time plot: 0.00 | Simulation time: 2h 12m 50s
		7980 Time iteration: 0.91 | Time plot: 0.92 | Simulation time: 2h 13m 0s
		7990 Time iteration: 0.89 | Time plot: 0.00 | Simulation time: 2h 13m 10s
		8000 Time iteration: 1.17 | Time plot: 0.74 | Simulation time: 2h 13m 20s
		8010 Time iteration: 0.80 | Time plot: 0.00 | Simulation time: 2h 13m 30s
		8020 Time iteration: 1.01 | Time plot: 0.81 | Simulation time: 2h 13m 40s
		8030 Time iteration: 0.79 | Time plot: 0.00 | Simulation time: 2h 13m 50s
		8040 Time iteration: 0.79 | Time plot: 0.83 | Simulation time: 2h 14m 0s
		8050 Time iteration: 0.76 | Time plot: 0.00 | Simulation time: 2h 14m 10s
		8060 Time iteration: 0.87 | Time plot: 0.76 | Simulation time: 2h 14m 20s
		8070 Time iteration: 0.80 | Time plot: 0.00 | Simulation time: 2h 14m 30s
		8080 Time iteration: 0.77 | Time plot: 0.71 | Simulation time: 2h 14m 40s
		8090 Time iteration: 0.76 | Time plot: 0.00 | Simulation time: 2h 14m 50s
		8100 Time iteration: 0.97 | Time plot: 0.68 | Simulation time: 2h 15m 0s
		8110 Time iteration: 0.76 | Time plot: 0.00 | Simulation time: 2h 15m 10s
		8120 Time iteration: 0.87 | Time plot: 0.79 | Simulation time: 2h 15m 20s
		8130 Time iteration: 0.86 | Time plot: 0.00 | Simulation time: 2h 15m 30s
		8140 Time iteration: 1.01 | Time plot: 0.96 | Simulation time: 2h 15m 40s
		8150 Time iteration: 0.92 | Time plot: 0.00 | Simulation time: 2h 15m 50s
		8160 Time iteration: 0.90 | Time plot: 0.75 | Simulation time: 2h 16m 0s
		8170 Time iteration: 0.85 | Time plot: 0.00 | Simulation time: 2h 16m 10s
		8180 Time iteration: 1.51 | Time plot: 1.22 | Simulation time: 2h 16m 20s
		8190 Time iteration: 0.84 | Time plot: 0.00 | Simulation time: 2h 16m 30s
		8200 Time iteration: 1.07 | Time plot: 0.71 | Simulation time: 2h 16m 40s
		8210 Time iteration: 0.82 | Time plot: 0.00 | Simulation time: 2h 16m 50s
		8220 Time iteration: 1.01 | Time plot: 1.13 | Simulation time: 2h 17m 0s
		8230 Time iteration: 0.95 | Time plot: 0.00 | Simulation time: 2h 17m 10s
		8240 Time iteration: 0.77 | Time plot: 0.88 | Simulation time: 2h 17m 20s
		8250 Time iteration: 0.90 | Time plot: 0.00 | Simulation time: 2h 17m 30s
		8260 Time iteration: 0.85 | Time plot: 0.76 | Simulation time: 2h 17m 40s
		8270 Time iteration: 0.88 | Time plot: 0.00 | Simulation time: 2h 17m 50s
		8280 Time iteration: 0.75 | Time plot: 0.79 | Simulation time: 2h 18m 0s
		8290 Time iteration: 0.85 | Time plot: 0.00 | Simulation time: 2h 18m 10s
		8300 Time iteration: 1.06 | Time plot: 0.77 | Simulation time: 2h 18m 20s
		8310 Time iteration: 0.85 | Time plot: 0.00 | Simulation time: 2h 18m 30s
		8320 Time iteration: 0.81 | Time plot: 0.68 | Simulation time: 2h 18m 40s
		8330 Time iteration: 0.77 | Time plot: 0.00 | Simulation time: 2h 18m 50s
		8340 Time iteration: 0.96 | Time plot: 0.70 | Simulation time: 2h 19m 0s
		8350 Time iteration: 0.89 | Time plot: 0.00 | Simulation time: 2h 19m 10s
		8360 Time iteration: 0.91 | Time plot: 0.73 | Simulation time: 2h 19m 20s
		8370 Time iteration: 0.90 | Time plot: 0.00 | Simulation time: 2h 19m 30s
		8380 Time iteration: 0.77 | Time plot: 0.71 | Simulation time: 2h 19m 40s
		8390 Time iteration: 0.91 | Time plot: 0.00 | Simulation time: 2h 19m 50s
		8400 Time iteration: 0.93 | Time plot: 0.82 | Simulation time: 2h 20m 0s
		8410 Time iteration: 0.83 | Time plot: 0.00 | Simulation time: 2h 20m 10s
		8420 Time iteration: 0.77 | Time plot: 0.82 | Simulation time: 2h 20m 20s
		8430 Time iteration: 0.76 | Time plot: 0.00 | Simulation time: 2h 20m 30s
		8440 Time iteration: 0.78 | Time plot: 0.77 | Simulation time: 2h 20m 40s
		8450 Time iteration: 0.77 | Time plot: 0.00 | Simulation time: 2h 20m 50s
		8460 Time iteration: 0.76 | Time plot: 0.69 | Simulation time: 2h 21m 0s
		8470 Time iteration: 0.78 | Time plot: 0.00 | Simulation time: 2h 21m 10s
		8480 Time iteration: 1.09 | Time plot: 0.92 | Simulation time: 2h 21m 20s
		8490 Time iteration: 0.92 | Time plot: 0.00 | Simulation time: 2h 21m 30s
		8500 Time iteration: 0.92 | Time plot: 0.75 | Simulation time: 2h 21m 40s
		8510 Time iteration: 1.10 | Time plot: 0.00 | Simulation time: 2h 21m 50s
		8520 Time iteration: 1.32 | Time plot: 1.33 | Simulation time: 2h 22m 0s
		8530 Time iteration: 0.86 | Time plot: 0.00 | Simulation time: 2h 22m 10s
		8540 Time iteration: 0.84 | Time plot: 0.72 | Simulation time: 2h 22m 20s
		8550 Time iteration: 1.01 | Time plot: 0.00 | Simulation time: 2h 22m 30s
		8560 Time iteration: 0.75 | Time plot: 0.69 | Simulation time: 2h 22m 40s
		8570 Time iteration: 0.83 | Time plot: 0.00 | Simulation time: 2h 22m 50s
		8580 Time iteration: 0.83 | Time plot: 0.77 | Simulation time: 2h 23m 0s
		8590 Time iteration: 1.15 | Time plot: 0.00 | Simulation time: 2h 23m 10s
		8600 Time iteration: 1.17 | Time plot: 0.71 | Simulation time: 2h 23m 20s
		8610 Time iteration: 0.87 | Time plot: 0.00 | Simulation time: 2h 23m 30s
		8620 Time iteration: 0.94 | Time plot: 0.79 | Simulation time: 2h 23m 40s
		8630 Time iteration: 0.91 | Time plot: 0.00 | Simulation time: 2h 23m 50s
		8640 Time iteration: 0.89 | Time plot: 0.86 | Simulation time: 2h 24m 0s
		8650 Time iteration: 0.80 | Time plot: 0.00 | Simulation time: 2h 24m 10s
		8660 Time iteration: 0.92 | Time plot: 0.94 | Simulation time: 2h 24m 20s
		8670 Time iteration: 0.86 | Time plot: 0.00 | Simulation time: 2h 24m 30s
		8680 Time iteration: 0.86 | Time plot: 0.80 | Simulation time: 2h 24m 40s
		8690 Time iteration: 0.79 | Time plot: 0.00 | Simulation time: 2h 24m 50s
		8700 Time iteration: 1.03 | Time plot: 0.80 | Simulation time: 2h 25m 0s
		8710 Time iteration: 0.97 | Time plot: 0.00 | Simulation time: 2h 25m 10s
		8720 Time iteration: 0.74 | Time plot: 0.73 | Simulation time: 2h 25m 20s
		8730 Time iteration: 0.85 | Time plot: 0.00 | Simulation time: 2h 25m 30s
		8740 Time iteration: 0.87 | Time plot: 0.90 | Simulation time: 2h 25m 40s
		8750 Time iteration: 1.33 | Time plot: 0.00 | Simulation time: 2h 25m 50s
		8760 Time iteration: 0.84 | Time plot: 0.75 | Simulation time: 2h 26m 0s
		8770 Time iteration: 0.93 | Time plot: 0.00 | Simulation time: 2h 26m 10s
		8780 Time iteration: 0.83 | Time plot: 0.70 | Simulation time: 2h 26m 20s
		8790 Time iteration: 0.79 | Time plot: 0.00 | Simulation time: 2h 26m 30s
		8800 Time iteration: 0.99 | Time plot: 0.69 | Simulation time: 2h 26m 40s
		8810 Time iteration: 0.97 | Time plot: 0.00 | Simulation time: 2h 26m 50s
		8820 Time iteration: 0.78 | Time plot: 0.69 | Simulation time: 2h 27m 0s
		8830 Time iteration: 0.76 | Time plot: 0.00 | Simulation time: 2h 27m 10s
		8840 Time iteration: 0.75 | Time plot: 0.69 | Simulation time: 2h 27m 20s
		8850 Time iteration: 0.75 | Time plot: 0.00 | Simulation time: 2h 27m 30s
		8860 Time iteration: 0.99 | Time plot: 0.77 | Simulation time: 2h 27m 40s
		8870 Time iteration: 0.90 | Time plot: 0.00 | Simulation time: 2h 27m 50s
		8880 Time iteration: 0.91 | Time plot: 0.74 | Simulation time: 2h 28m 0s
		8890 Time iteration: 0.74 | Time plot: 0.00 | Simulation time: 2h 28m 10s
		8900 Time iteration: 0.89 | Time plot: 0.97 | Simulation time: 2h 28m 20s
		8910 Time iteration: 0.80 | Time plot: 0.00 | Simulation time: 2h 28m 30s
		8920 Time iteration: 0.94 | Time plot: 0.78 | Simulation time: 2h 28m 40s
		8930 Time iteration: 0.79 | Time plot: 0.00 | Simulation time: 2h 28m 50s
		8940 Time iteration: 0.82 | Time plot: 0.99 | Simulation time: 2h 29m 0s
		8950 Time iteration: 0.82 | Time plot: 0.00 | Simulation time: 2h 29m 10s
		8960 Time iteration: 0.80 | Time plot: 0.70 | Simulation time: 2h 29m 20s
		8970 Time iteration: 0.74 | Time plot: 0.00 | Simulation time: 2h 29m 30s
		8980 Time iteration: 0.80 | Time plot: 0.74 | Simulation time: 2h 29m 40s
		8990 Time iteration: 0.73 | Time plot: 0.00 | Simulation time: 2h 29m 50s
		9000 Time iteration: 1.00 | Time plot: 0.71 | Simulation time: 2h 30m 0s
		9010 Time iteration: 0.81 | Time plot: 0.00 | Simulation time: 2h 30m 10s
		9020 Time iteration: 0.79 | Time plot: 0.78 | Simulation time: 2h 30m 20s
		9030 Time iteration: 0.80 | Time plot: 0.00 | Simulation time: 2h 30m 30s
		9040 Time iteration: 0.80 | Time plot: 0.79 | Simulation time: 2h 30m 40s
		9050 Time iteration: 0.90 | Time plot: 0.00 | Simulation time: 2h 30m 50s
		9060 Time iteration: 0.77 | Time plot: 0.70 | Simulation time: 2h 31m 0s
		9070 Time iteration: 1.10 | Time plot: 0.00 | Simulation time: 2h 31m 10s
		9080 Time iteration: 0.89 | Time plot: 0.92 | Simulation time: 2h 31m 20s
		9090 Time iteration: 0.86 | Time plot: 0.00 | Simulation time: 2h 31m 30s
		9100 Time iteration: 1.02 | Time plot: 0.84 | Simulation time: 2h 31m 40s
		9110 Time iteration: 0.82 | Time plot: 0.00 | Simulation time: 2h 31m 50s
		9120 Time iteration: 1.16 | Time plot: 0.99 | Simulation time: 2h 32m 0s
		9130 Time iteration: 1.32 | Time plot: 0.00 | Simulation time: 2h 32m 10s
		9140 Time iteration: 0.87 | Time plot: 0.82 | Simulation time: 2h 32m 20s
		9150 Time iteration: 0.74 | Time plot: 0.00 | Simulation time: 2h 32m 30s
		9160 Time iteration: 0.83 | Time plot: 1.19 | Simulation time: 2h 32m 40s
		9170 Time iteration: 0.75 | Time plot: 0.00 | Simulation time: 2h 32m 50s
		9180 Time iteration: 1.09 | Time plot: 0.99 | Simulation time: 2h 33m 0s
		9190 Time iteration: 0.82 | Time plot: 0.00 | Simulation time: 2h 33m 10s
		9200 Time iteration: 1.37 | Time plot: 0.85 | Simulation time: 2h 33m 20s
		9210 Time iteration: 0.87 | Time plot: 0.00 | Simulation time: 2h 33m 30s
		9220 Time iteration: 0.90 | Time plot: 0.95 | Simulation time: 2h 33m 40s
		9230 Time iteration: 2.14 | Time plot: 0.00 | Simulation time: 2h 33m 50s
		9240 Time iteration: 1.00 | Time plot: 0.91 | Simulation time: 2h 34m 0s
		9250 Time iteration: 0.75 | Time plot: 0.00 | Simulation time: 2h 34m 10s
		9260 Time iteration: 0.87 | Time plot: 0.76 | Simulation time: 2h 34m 20s
		9270 Time iteration: 0.98 | Time plot: 0.00 | Simulation time: 2h 34m 30s
		9280 Time iteration: 1.09 | Time plot: 0.88 | Simulation time: 2h 34m 40s
		9290 Time iteration: 0.87 | Time plot: 0.00 | Simulation time: 2h 34m 50s
		9300 Time iteration: 1.21 | Time plot: 0.86 | Simulation time: 2h 35m 0s
		9310 Time iteration: 0.92 | Time plot: 0.00 | Simulation time: 2h 35m 10s
		9320 Time iteration: 0.79 | Time plot: 0.74 | Simulation time: 2h 35m 20s
		9330 Time iteration: 0.77 | Time plot: 0.00 | Simulation time: 2h 35m 30s
		9340 Time iteration: 0.92 | Time plot: 0.89 | Simulation time: 2h 35m 40s
		9350 Time iteration: 0.96 | Time plot: 0.00 | Simulation time: 2h 35m 50s
		9360 Time iteration: 0.79 | Time plot: 0.75 | Simulation time: 2h 36m 0s
		9370 Time iteration: 0.79 | Time plot: 0.00 | Simulation time: 2h 36m 10s
		9380 Time iteration: 0.77 | Time plot: 0.71 | Simulation time: 2h 36m 20s
		9390 Time iteration: 1.03 | Time plot: 0.00 | Simulation time: 2h 36m 30s
		9400 Time iteration: 0.99 | Time plot: 0.82 | Simulation time: 2h 36m 40s
		9410 Time iteration: 0.76 | Time plot: 0.00 | Simulation time: 2h 36m 50s
		9420 Time iteration: 0.79 | Time plot: 0.86 | Simulation time: 2h 37m 0s
		9430 Time iteration: 0.82 | Time plot: 0.00 | Simulation time: 2h 37m 10s
		9440 Time iteration: 0.77 | Time plot: 0.72 | Simulation time: 2h 37m 20s
		9450 Time iteration: 0.92 | Time plot: 0.00 | Simulation time: 2h 37m 30s
		9460 Time iteration: 1.18 | Time plot: 1.74 | Simulation time: 2h 37m 40s
		9470 Time iteration: 1.18 | Time plot: 0.00 | Simulation time: 2h 37m 50s
		9480 Time iteration: 1.03 | Time plot: 0.87 | Simulation time: 2h 38m 0s
		9490 Time iteration: 1.28 | Time plot: 0.00 | Simulation time: 2h 38m 10s
		9500 Time iteration: 1.28 | Time plot: 0.96 | Simulation time: 2h 38m 20s
		9510 Time iteration: 0.79 | Time plot: 0.00 | Simulation time: 2h 38m 30s
		9520 Time iteration: 0.80 | Time plot: 0.79 | Simulation time: 2h 38m 40s
		9530 Time iteration: 0.96 | Time plot: 0.00 | Simulation time: 2h 38m 50s
		9540 Time iteration: 0.87 | Time plot: 0.90 | Simulation time: 2h 39m 0s
		9550 Time iteration: 0.75 | Time plot: 0.00 | Simulation time: 2h 39m 10s
		9560 Time iteration: 0.77 | Time plot: 0.74 | Simulation time: 2h 39m 20s
		9570 Time iteration: 0.75 | Time plot: 0.00 | Simulation time: 2h 39m 30s
		9580 Time iteration: 1.24 | Time plot: 1.57 | Simulation time: 2h 39m 40s
		9590 Time iteration: 0.98 | Time plot: 0.00 | Simulation time: 2h 39m 50s
		9600 Time iteration: 1.24 | Time plot: 0.81 | Simulation time: 2h 40m 0s
		9610 Time iteration: 0.91 | Time plot: 0.00 | Simulation time: 2h 40m 10s
		9620 Time iteration: 0.81 | Time plot: 0.80 | Simulation time: 2h 40m 20s
		9630 Time iteration: 1.50 | Time plot: 0.00 | Simulation time: 2h 40m 30s
		9640 Time iteration: 0.84 | Time plot: 0.88 | Simulation time: 2h 40m 40s
		9650 Time iteration: 0.80 | Time plot: 0.00 | Simulation time: 2h 40m 50s
		9660 Time iteration: 0.80 | Time plot: 0.72 | Simulation time: 2h 41m 0s
		9670 Time iteration: 0.81 | Time plot: 0.00 | Simulation time: 2h 41m 10s
		9680 Time iteration: 0.89 | Time plot: 0.76 | Simulation time: 2h 41m 20s
		9690 Time iteration: 0.89 | Time plot: 0.00 | Simulation time: 2h 41m 30s
		9700 Time iteration: 1.03 | Time plot: 0.70 | Simulation time: 2h 41m 40s
		9710 Time iteration: 0.79 | Time plot: 0.00 | Simulation time: 2h 41m 50s
		9720 Time iteration: 0.94 | Time plot: 0.74 | Simulation time: 2h 42m 0s
		9730 Time iteration: 0.92 | Time plot: 0.00 | Simulation time: 2h 42m 10s
		9740 Time iteration: 0.94 | Time plot: 0.79 | Simulation time: 2h 42m 20s
		9750 Time iteration: 0.91 | Time plot: 0.00 | Simulation time: 2h 42m 30s
		9760 Time iteration: 0.78 | Time plot: 0.72 | Simulation time: 2h 42m 40s
		9770 Time iteration: 0.89 | Time plot: 0.00 | Simulation time: 2h 42m 50s
		9780 Time iteration: 0.86 | Time plot: 0.79 | Simulation time: 2h 43m 0s
		9790 Time iteration: 0.82 | Time plot: 0.00 | Simulation time: 2h 43m 10s
		9800 Time iteration: 1.04 | Time plot: 0.81 | Simulation time: 2h 43m 20s
		9810 Time iteration: 0.85 | Time plot: 0.00 | Simulation time: 2h 43m 30s
		9820 Time iteration: 1.19 | Time plot: 0.78 | Simulation time: 2h 43m 40s
		9830 Time iteration: 0.86 | Time plot: 0.00 | Simulation time: 2h 43m 50s
		9840 Time iteration: 0.82 | Time plot: 0.70 | Simulation time: 2h 44m 0s
		9850 Time iteration: 0.86 | Time plot: 0.00 | Simulation time: 2h 44m 10s
		9860 Time iteration: 1.00 | Time plot: 0.80 | Simulation time: 2h 44m 20s
		9870 Time iteration: 1.04 | Time plot: 0.00 | Simulation time: 2h 44m 30s
		9880 Time iteration: 0.90 | Time plot: 0.84 | Simulation time: 2h 44m 40s
!! Cue_plane2_sat1: Observed Target 205 at off-nadir 0.0 deg
		9890 Time iteration: 2.13 | Time plot: 0.00 | Simulation time: 2h 44m 50s
		9900 Time iteration: 1.04 | Time plot: 0.85 | Simulation time: 2h 45m 0s
		9910 Time iteration: 0.81 | Time plot: 0.00 | Simulation time: 2h 45m 10s
		9920 Time iteration: 1.03 | Time plot: 0.82 | Simulation time: 2h 45m 20s
		9930 Time iteration: 0.78 | Time plot: 0.00 | Simulation time: 2h 45m 30s
		9940 Time iteration: 0.85 | Time plot: 0.76 | Simulation time: 2h 45m 40s
		9950 Time iteration: 0.97 | Time plot: 0.00 | Simulation time: 2h 45m 50s
!! Cue_plane0_sat0: Confirmed Target 205=whale (actual=whale)
		9960 Time iteration: 0.92 | Time plot: 0.69 | Simulation time: 2h 46m 0s
		9970 Time iteration: 0.78 | Time plot: 0.00 | Simulation time: 2h 46m 10s
		9980 Time iteration: 0.87 | Time plot: 0.82 | Simulation time: 2h 46m 20s
		9990 Time iteration: 0.99 | Time plot: 0.00 | Simulation time: 2h 46m 30s
		10000 Time iteration: 0.93 | Time plot: 0.79 | Simulation time: 2h 46m 40s
		10010 Time iteration: 0.82 | Time plot: 0.00 | Simulation time: 2h 46m 50s
		10020 Time iteration: 0.86 | Time plot: 0.75 | Simulation time: 2h 47m 0s
		10030 Time iteration: 0.84 | Time plot: 0.00 | Simulation time: 2h 47m 10s
		10040 Time iteration: 0.76 | Time plot: 0.70 | Simulation time: 2h 47m 20s
		10050 Time iteration: 0.79 | Time plot: 0.00 | Simulation time: 2h 47m 30s
		10060 Time iteration: 0.88 | Time plot: 0.73 | Simulation time: 2h 47m 40s
		10070 Time iteration: 0.82 | Time plot: 0.00 | Simulation time: 2h 47m 50s
		10080 Time iteration: 0.80 | Time plot: 0.70 | Simulation time: 2h 48m 0s
		10090 Time iteration: 0.82 | Time plot: 0.00 | Simulation time: 2h 48m 10s
		10100 Time iteration: 1.09 | Time plot: 0.91 | Simulation time: 2h 48m 20s
		10110 Time iteration: 0.86 | Time plot: 0.00 | Simulation time: 2h 48m 30s
		10120 Time iteration: 0.76 | Time plot: 0.69 | Simulation time: 2h 48m 40s
		10130 Time iteration: 0.92 | Time plot: 0.00 | Simulation time: 2h 48m 50s
		10140 Time iteration: 0.81 | Time plot: 0.91 | Simulation time: 2h 49m 0s
		10150 Time iteration: 0.84 | Time plot: 0.00 | Simulation time: 2h 49m 10s
		10160 Time iteration: 0.81 | Time plot: 0.90 | Simulation time: 2h 49m 20s
		10170 Time iteration: 0.87 | Time plot: 0.00 | Simulation time: 2h 49m 30s
		10180 Time iteration: 0.78 | Time plot: 0.70 | Simulation time: 2h 49m 40s
		10190 Time iteration: 0.98 | Time plot: 0.00 | Simulation time: 2h 49m 50s
		10200 Time iteration: 1.24 | Time plot: 0.82 | Simulation time: 2h 50m 0s
		10210 Time iteration: 0.84 | Time plot: 0.00 | Simulation time: 2h 50m 10s
		10220 Time iteration: 0.99 | Time plot: 0.76 | Simulation time: 2h 50m 20s
		10230 Time iteration: 0.80 | Time plot: 0.00 | Simulation time: 2h 50m 30s
		10240 Time iteration: 0.94 | Time plot: 0.83 | Simulation time: 2h 50m 40s
		10250 Time iteration: 0.88 | Time plot: 0.00 | Simulation time: 2h 50m 50s
		10260 Time iteration: 0.81 | Time plot: 0.69 | Simulation time: 2h 51m 0s
		10270 Time iteration: 0.77 | Time plot: 0.00 | Simulation time: 2h 51m 10s
		10280 Time iteration: 0.83 | Time plot: 0.83 | Simulation time: 2h 51m 20s
		10290 Time iteration: 0.77 | Time plot: 0.00 | Simulation time: 2h 51m 30s
		10300 Time iteration: 0.98 | Time plot: 0.72 | Simulation time: 2h 51m 40s
		10310 Time iteration: 0.82 | Time plot: 0.00 | Simulation time: 2h 51m 50s
		10320 Time iteration: 0.77 | Time plot: 0.70 | Simulation time: 2h 52m 0s
		10330 Time iteration: 0.80 | Time plot: 0.00 | Simulation time: 2h 52m 10s
		10340 Time iteration: 0.77 | Time plot: 0.75 | Simulation time: 2h 52m 20s
		10350 Time iteration: 0.85 | Time plot: 0.00 | Simulation time: 2h 52m 30s
		10360 Time iteration: 0.83 | Time plot: 0.77 | Simulation time: 2h 52m 40s
		10370 Time iteration: 0.85 | Time plot: 0.00 | Simulation time: 2h 52m 50s
		10380 Time iteration: 0.77 | Time plot: 0.69 | Simulation time: 2h 53m 0s
		10390 Time iteration: 0.80 | Time plot: 0.00 | Simulation time: 2h 53m 10s
		10400 Time iteration: 1.04 | Time plot: 0.71 | Simulation time: 2h 53m 20s
		10410 Time iteration: 0.79 | Time plot: 0.00 | Simulation time: 2h 53m 30s
		10420 Time iteration: 0.79 | Time plot: 0.69 | Simulation time: 2h 53m 40s
		10430 Time iteration: 0.81 | Time plot: 0.00 | Simulation time: 2h 53m 50s
		10440 Time iteration: 4.50 | Time plot: 2.45 | Simulation time: 2h 54m 0s
		10450 Time iteration: 1.10 | Time plot: 0.00 | Simulation time: 2h 54m 10s
		10460 Time iteration: 4.28 | Time plot: 2.42 | Simulation time: 2h 54m 20s
		10470 Time iteration: 1.02 | Time plot: 0.00 | Simulation time: 2h 54m 30s
		10480 Time iteration: 1.11 | Time plot: 0.81 | Simulation time: 2h 54m 40s
		10490 Time iteration: 1.07 | Time plot: 0.00 | Simulation time: 2h 54m 50s
		10500 Time iteration: 2.58 | Time plot: 0.82 | Simulation time: 2h 55m 0s
		10510 Time iteration: 0.70 | Time plot: 0.00 | Simulation time: 2h 55m 10s
		10520 Time iteration: 0.81 | Time plot: 0.71 | Simulation time: 2h 55m 20s
		10530 Time iteration: 0.87 | Time plot: 0.00 | Simulation time: 2h 55m 30s
		10540 Time iteration: 0.86 | Time plot: 0.69 | Simulation time: 2h 55m 40s
		10550 Time iteration: 1.16 | Time plot: 0.00 | Simulation time: 2h 55m 50s
		10560 Time iteration: 0.73 | Time plot: 0.65 | Simulation time: 2h 56m 0s
		10570 Time iteration: 3.33 | Time plot: 0.00 | Simulation time: 2h 56m 10s
		10580 Time iteration: 2.20 | Time plot: 1.28 | Simulation time: 2h 56m 20s
		10590 Time iteration: 0.91 | Time plot: 0.00 | Simulation time: 2h 56m 30s
		10600 Time iteration: 1.88 | Time plot: 1.31 | Simulation time: 2h 56m 40s
		10610 Time iteration: 0.76 | Time plot: 0.00 | Simulation time: 2h 56m 50s
		10620 Time iteration: 0.80 | Time plot: 0.73 | Simulation time: 2h 57m 0s
		10630 Time iteration: 0.77 | Time plot: 0.00 | Simulation time: 2h 57m 10s
		10640 Time iteration: 0.79 | Time plot: 0.77 | Simulation time: 2h 57m 20s
		10650 Time iteration: 0.74 | Time plot: 0.00 | Simulation time: 2h 57m 30s
		10660 Time iteration: 0.77 | Time plot: 0.69 | Simulation time: 2h 57m 40s
		10670 Time iteration: 0.71 | Time plot: 0.00 | Simulation time: 2h 57m 50s
		10680 Time iteration: 1.04 | Time plot: 0.85 | Simulation time: 2h 58m 0s
		10690 Time iteration: 0.83 | Time plot: 0.00 | Simulation time: 2h 58m 10s
		10700 Time iteration: 1.20 | Time plot: 0.86 | Simulation time: 2h 58m 20s
		10710 Time iteration: 0.71 | Time plot: 0.00 | Simulation time: 2h 58m 30s
		10720 Time iteration: 1.05 | Time plot: 0.93 | Simulation time: 2h 58m 40s
		10730 Time iteration: 0.85 | Time plot: 0.00 | Simulation time: 2h 58m 50s
		10740 Time iteration: 0.86 | Time plot: 0.81 | Simulation time: 2h 59m 0s
		10750 Time iteration: 0.72 | Time plot: 0.00 | Simulation time: 2h 59m 10s
		10760 Time iteration: 0.80 | Time plot: 0.76 | Simulation time: 2h 59m 20s
		10770 Time iteration: 0.83 | Time plot: 0.00 | Simulation time: 2h 59m 30s
		10780 Time iteration: 0.73 | Time plot: 0.74 | Simulation time: 2h 59m 40s
		10790 Time iteration: 0.82 | Time plot: 0.00 | Simulation time: 2h 59m 50s
		10800 Time iteration: 0.86 | Time plot: 0.67 | Simulation time: 3h 0m 0s
		10810 Time iteration: 0.71 | Time plot: 0.00 | Simulation time: 3h 0m 10s
		10820 Time iteration: 0.82 | Time plot: 0.87 | Simulation time: 3h 0m 20s
		10830 Time iteration: 0.86 | Time plot: 0.00 | Simulation time: 3h 0m 30s
		10840 Time iteration: 0.83 | Time plot: 0.75 | Simulation time: 3h 0m 40s
		10850 Time iteration: 0.97 | Time plot: 0.00 | Simulation time: 3h 0m 50s
		10860 Time iteration: 0.69 | Time plot: 0.66 | Simulation time: 3h 1m 0s
		10870 Time iteration: 0.71 | Time plot: 0.00 | Simulation time: 3h 1m 10s
		10880 Time iteration: 1.54 | Time plot: 1.32 | Simulation time: 3h 1m 20s
		10890 Time iteration: 0.96 | Time plot: 0.00 | Simulation time: 3h 1m 30s
		10900 Time iteration: 1.36 | Time plot: 0.85 | Simulation time: 3h 1m 40s
		10910 Time iteration: 1.11 | Time plot: 0.00 | Simulation time: 3h 1m 50s
		10920 Time iteration: 0.71 | Time plot: 0.70 | Simulation time: 3h 2m 0s
		10930 Time iteration: 0.73 | Time plot: 0.00 | Simulation time: 3h 2m 10s
		10940 Time iteration: 0.77 | Time plot: 0.67 | Simulation time: 3h 2m 20s
		10950 Time iteration: 0.71 | Time plot: 0.00 | Simulation time: 3h 2m 30s
		10960 Time iteration: 0.78 | Time plot: 0.79 | Simulation time: 3h 2m 40s
		10970 Time iteration: 0.87 | Time plot: 0.00 | Simulation time: 3h 2m 50s
		10980 Time iteration: 0.94 | Time plot: 0.79 | Simulation time: 3h 3m 0s
		10990 Time iteration: 0.90 | Time plot: 0.00 | Simulation time: 3h 3m 10s
		11000 Time iteration: 1.01 | Time plot: 0.95 | Simulation time: 3h 3m 20s
		11010 Time iteration: 0.81 | Time plot: 0.00 | Simulation time: 3h 3m 30s
		11020 Time iteration: 0.74 | Time plot: 0.67 | Simulation time: 3h 3m 40s
		11030 Time iteration: 0.84 | Time plot: 0.00 | Simulation time: 3h 3m 50s
		11040 Time iteration: 0.77 | Time plot: 0.78 | Simulation time: 3h 4m 0s
		11050 Time iteration: 0.89 | Time plot: 0.00 | Simulation time: 3h 4m 10s
		11060 Time iteration: 0.87 | Time plot: 0.76 | Simulation time: 3h 4m 20s
		11070 Time iteration: 0.77 | Time plot: 0.00 | Simulation time: 3h 4m 30s
		11080 Time iteration: 0.83 | Time plot: 0.72 | Simulation time: 3h 4m 40s
		11090 Time iteration: 0.84 | Time plot: 0.00 | Simulation time: 3h 4m 50s
		11100 Time iteration: 0.89 | Time plot: 0.79 | Simulation time: 3h 5m 0s
		11110 Time iteration: 1.04 | Time plot: 0.00 | Simulation time: 3h 5m 10s
		11120 Time iteration: 0.97 | Time plot: 0.79 | Simulation time: 3h 5m 20s
		11130 Time iteration: 0.82 | Time plot: 0.00 | Simulation time: 3h 5m 30s
		11140 Time iteration: 0.88 | Time plot: 0.71 | Simulation time: 3h 5m 40s
		11150 Time iteration: 1.42 | Time plot: 0.00 | Simulation time: 3h 5m 50s
		11160 Time iteration: 1.00 | Time plot: 0.99 | Simulation time: 3h 6m 0s
		11170 Time iteration: 1.07 | Time plot: 0.00 | Simulation time: 3h 6m 10s
		11180 Time iteration: 0.90 | Time plot: 1.05 | Simulation time: 3h 6m 20s
		11190 Time iteration: 1.50 | Time plot: 0.00 | Simulation time: 3h 6m 30s
		11200 Time iteration: 3.06 | Time plot: 1.06 | Simulation time: 3h 6m 40s
		11210 Time iteration: 0.79 | Time plot: 0.00 | Simulation time: 3h 6m 50s
		11220 Time iteration: 0.80 | Time plot: 0.75 | Simulation time: 3h 7m 0s
		11230 Time iteration: 0.81 | Time plot: 0.00 | Simulation time: 3h 7m 10s
		11240 Time iteration: 0.96 | Time plot: 0.92 | Simulation time: 3h 7m 20s
		11250 Time iteration: 0.77 | Time plot: 0.00 | Simulation time: 3h 7m 30s
		11260 Time iteration: 0.89 | Time plot: 0.68 | Simulation time: 3h 7m 40s
		11270 Time iteration: 0.79 | Time plot: 0.00 | Simulation time: 3h 7m 50s
		11280 Time iteration: 0.85 | Time plot: 0.79 | Simulation time: 3h 8m 0s
		11290 Time iteration: 1.02 | Time plot: 0.00 | Simulation time: 3h 8m 10s
		11300 Time iteration: 1.06 | Time plot: 0.92 | Simulation time: 3h 8m 20s
		11310 Time iteration: 0.97 | Time plot: 0.00 | Simulation time: 3h 8m 30s
		11320 Time iteration: 1.41 | Time plot: 1.26 | Simulation time: 3h 8m 40s
		11330 Time iteration: 1.01 | Time plot: 0.00 | Simulation time: 3h 8m 50s
		11340 Time iteration: 1.90 | Time plot: 0.83 | Simulation time: 3h 9m 0s
		11350 Time iteration: 0.98 | Time plot: 0.00 | Simulation time: 3h 9m 10s
		11360 Time iteration: 0.80 | Time plot: 0.84 | Simulation time: 3h 9m 20s
		11370 Time iteration: 1.08 | Time plot: 0.00 | Simulation time: 3h 9m 30s
		11380 Time iteration: 0.74 | Time plot: 0.75 | Simulation time: 3h 9m 40s
		11390 Time iteration: 0.82 | Time plot: 0.00 | Simulation time: 3h 9m 50s
		11400 Time iteration: 1.40 | Time plot: 1.06 | Simulation time: 3h 10m 0s
		11410 Time iteration: 0.76 | Time plot: 0.00 | Simulation time: 3h 10m 10s
		11420 Time iteration: 0.79 | Time plot: 0.70 | Simulation time: 3h 10m 20s
		11430 Time iteration: 0.87 | Time plot: 0.00 | Simulation time: 3h 10m 30s
		11440 Time iteration: 1.00 | Time plot: 0.83 | Simulation time: 3h 10m 40s
		11450 Time iteration: 1.00 | Time plot: 0.00 | Simulation time: 3h 10m 50s
		11460 Time iteration: 1.00 | Time plot: 0.82 | Simulation time: 3h 11m 0s
		11470 Time iteration: 0.80 | Time plot: 0.00 | Simulation time: 3h 11m 10s
		11480 Time iteration: 0.91 | Time plot: 0.86 | Simulation time: 3h 11m 20s
		11490 Time iteration: 0.86 | Time plot: 0.00 | Simulation time: 3h 11m 30s
		11500 Time iteration: 0.92 | Time plot: 0.77 | Simulation time: 3h 11m 40s
		11510 Time iteration: 0.76 | Time plot: 0.00 | Simulation time: 3h 11m 50s
		11520 Time iteration: 0.91 | Time plot: 0.79 | Simulation time: 3h 12m 0s
		11530 Time iteration: 0.88 | Time plot: 0.00 | Simulation time: 3h 12m 10s
		11540 Time iteration: 0.77 | Time plot: 0.74 | Simulation time: 3h 12m 20s
		11550 Time iteration: 0.79 | Time plot: 0.00 | Simulation time: 3h 12m 30s
		11560 Time iteration: 0.81 | Time plot: 0.83 | Simulation time: 3h 12m 40s
		11570 Time iteration: 1.09 | Time plot: 0.00 | Simulation time: 3h 12m 50s
		11580 Time iteration: 1.06 | Time plot: 0.97 | Simulation time: 3h 13m 0s
		11590 Time iteration: 0.87 | Time plot: 0.00 | Simulation time: 3h 13m 10s
		11600 Time iteration: 1.00 | Time plot: 1.47 | Simulation time: 3h 13m 20s
		11610 Time iteration: 1.55 | Time plot: 0.00 | Simulation time: 3h 13m 30s
		11620 Time iteration: 0.90 | Time plot: 0.72 | Simulation time: 3h 13m 40s
		11630 Time iteration: 0.96 | Time plot: 0.00 | Simulation time: 3h 13m 50s
		11640 Time iteration: 1.07 | Time plot: 0.99 | Simulation time: 3h 14m 0s
		11650 Time iteration: 0.84 | Time plot: 0.00 | Simulation time: 3h 14m 10s
		11660 Time iteration: 1.11 | Time plot: 1.23 | Simulation time: 3h 14m 20s
		11670 Time iteration: 0.86 | Time plot: 0.00 | Simulation time: 3h 14m 30s
		11680 Time iteration: 0.92 | Time plot: 0.78 | Simulation time: 3h 14m 40s
		11690 Time iteration: 0.88 | Time plot: 0.00 | Simulation time: 3h 14m 50s
		11700 Time iteration: 1.80 | Time plot: 1.13 | Simulation time: 3h 15m 0s
		11710 Time iteration: 0.82 | Time plot: 0.00 | Simulation time: 3h 15m 10s
		11720 Time iteration: 1.03 | Time plot: 1.05 | Simulation time: 3h 15m 20s
		11730 Time iteration: 1.05 | Time plot: 0.00 | Simulation time: 3h 15m 30s
		11740 Time iteration: 0.90 | Time plot: 0.99 | Simulation time: 3h 15m 40s
		11750 Time iteration: 1.62 | Time plot: 0.00 | Simulation time: 3h 15m 50s
		11760 Time iteration: 0.96 | Time plot: 1.07 | Simulation time: 3h 16m 0s
		11770 Time iteration: 0.81 | Time plot: 0.00 | Simulation time: 3h 16m 10s
		11780 Time iteration: 0.79 | Time plot: 0.71 | Simulation time: 3h 16m 20s
		11790 Time iteration: 1.14 | Time plot: 0.00 | Simulation time: 3h 16m 30s
		11800 Time iteration: 0.90 | Time plot: 0.77 | Simulation time: 3h 16m 40s
		11810 Time iteration: 0.81 | Time plot: 0.00 | Simulation time: 3h 16m 50s
		11820 Time iteration: 0.81 | Time plot: 0.92 | Simulation time: 3h 17m 0s
		11830 Time iteration: 0.77 | Time plot: 0.00 | Simulation time: 3h 17m 10s
		11840 Time iteration: 2.38 | Time plot: 1.22 | Simulation time: 3h 17m 20s
		11850 Time iteration: 0.83 | Time plot: 0.00 | Simulation time: 3h 17m 30s
		11860 Time iteration: 0.93 | Time plot: 0.82 | Simulation time: 3h 17m 40s
		11870 Time iteration: 0.73 | Time plot: 0.00 | Simulation time: 3h 17m 50s
		11880 Time iteration: 0.77 | Time plot: 0.72 | Simulation time: 3h 18m 0s
		11890 Time iteration: 0.74 | Time plot: 0.00 | Simulation time: 3h 18m 10s
		11900 Time iteration: 1.13 | Time plot: 0.87 | Simulation time: 3h 18m 20s
		11910 Time iteration: 0.75 | Time plot: 0.00 | Simulation time: 3h 18m 30s
		11920 Time iteration: 0.94 | Time plot: 0.81 | Simulation time: 3h 18m 40s
		11930 Time iteration: 0.92 | Time plot: 0.00 | Simulation time: 3h 18m 50s
		11940 Time iteration: 0.73 | Time plot: 0.71 | Simulation time: 3h 19m 0s
		11950 Time iteration: 0.76 | Time plot: 0.00 | Simulation time: 3h 19m 10s
		11960 Time iteration: 1.08 | Time plot: 1.12 | Simulation time: 3h 19m 20s
		11970 Time iteration: 0.97 | Time plot: 0.00 | Simulation time: 3h 19m 30s
		11980 Time iteration: 1.02 | Time plot: 1.10 | Simulation time: 3h 19m 40s
		11990 Time iteration: 0.77 | Time plot: 0.00 | Simulation time: 3h 19m 50s
		12000 Time iteration: 1.12 | Time plot: 0.68 | Simulation time: 3h 20m 0s
		12010 Time iteration: 0.81 | Time plot: 0.00 | Simulation time: 3h 20m 10s
		12020 Time iteration: 0.76 | Time plot: 0.92 | Simulation time: 3h 20m 20s
		12030 Time iteration: 0.78 | Time plot: 0.00 | Simulation time: 3h 20m 30s
		12040 Time iteration: 0.84 | Time plot: 0.71 | Simulation time: 3h 20m 40s
		12050 Time iteration: 1.07 | Time plot: 0.00 | Simulation time: 3h 20m 50s
		12060 Time iteration: 1.09 | Time plot: 0.88 | Simulation time: 3h 21m 0s
		12070 Time iteration: 0.90 | Time plot: 0.00 | Simulation time: 3h 21m 10s
		12080 Time iteration: 0.81 | Time plot: 0.77 | Simulation time: 3h 21m 20s
		12090 Time iteration: 0.97 | Time plot: 0.00 | Simulation time: 3h 21m 30s
		12100 Time iteration: 0.87 | Time plot: 0.69 | Simulation time: 3h 21m 40s
		12110 Time iteration: 0.77 | Time plot: 0.00 | Simulation time: 3h 21m 50s
		12120 Time iteration: 0.84 | Time plot: 0.77 | Simulation time: 3h 22m 0s
		12130 Time iteration: 0.95 | Time plot: 0.00 | Simulation time: 3h 22m 10s
		12140 Time iteration: 0.93 | Time plot: 0.70 | Simulation time: 3h 22m 20s
		12150 Time iteration: 0.85 | Time plot: 0.00 | Simulation time: 3h 22m 30s
		12160 Time iteration: 0.79 | Time plot: 0.82 | Simulation time: 3h 22m 40s
		12170 Time iteration: 0.85 | Time plot: 0.00 | Simulation time: 3h 22m 50s
		12180 Time iteration: 0.92 | Time plot: 0.85 | Simulation time: 3h 23m 0s
		12190 Time iteration: 1.03 | Time plot: 0.00 | Simulation time: 3h 23m 10s
		12200 Time iteration: 1.02 | Time plot: 0.78 | Simulation time: 3h 23m 20s
		12210 Time iteration: 0.86 | Time plot: 0.00 | Simulation time: 3h 23m 30s
		12220 Time iteration: 0.86 | Time plot: 0.84 | Simulation time: 3h 23m 40s
		12230 Time iteration: 0.82 | Time plot: 0.00 | Simulation time: 3h 23m 50s
		12240 Time iteration: 1.25 | Time plot: 0.98 | Simulation time: 3h 24m 0s
		12250 Time iteration: 0.84 | Time plot: 0.00 | Simulation time: 3h 24m 10s
		12260 Time iteration: 0.81 | Time plot: 0.91 | Simulation time: 3h 24m 20s
		12270 Time iteration: 1.02 | Time plot: 0.00 | Simulation time: 3h 24m 30s
		12280 Time iteration: 0.88 | Time plot: 1.02 | Simulation time: 3h 24m 40s
		12290 Time iteration: 0.76 | Time plot: 0.00 | Simulation time: 3h 24m 50s
		12300 Time iteration: 0.92 | Time plot: 0.77 | Simulation time: 3h 25m 0s
		12310 Time iteration: 0.79 | Time plot: 0.00 | Simulation time: 3h 25m 10s
		12320 Time iteration: 0.84 | Time plot: 0.80 | Simulation time: 3h 25m 20s
		12330 Time iteration: 0.86 | Time plot: 0.00 | Simulation time: 3h 25m 30s
		12340 Time iteration: 0.72 | Time plot: 0.70 | Simulation time: 3h 25m 40s
		12350 Time iteration: 0.73 | Time plot: 0.00 | Simulation time: 3h 25m 50s
		12360 Time iteration: 0.75 | Time plot: 0.69 | Simulation time: 3h 26m 0s
		12370 Time iteration: 0.75 | Time plot: 0.00 | Simulation time: 3h 26m 10s
		12380 Time iteration: 0.91 | Time plot: 0.70 | Simulation time: 3h 26m 20s
		12390 Time iteration: 0.87 | Time plot: 0.00 | Simulation time: 3h 26m 30s
		12400 Time iteration: 0.94 | Time plot: 0.86 | Simulation time: 3h 26m 40s
		12410 Time iteration: 0.78 | Time plot: 0.00 | Simulation time: 3h 26m 50s
		12420 Time iteration: 0.94 | Time plot: 1.04 | Simulation time: 3h 27m 0s
		12430 Time iteration: 0.76 | Time plot: 0.00 | Simulation time: 3h 27m 10s
		12440 Time iteration: 0.81 | Time plot: 0.78 | Simulation time: 3h 27m 20s
		12450 Time iteration: 0.83 | Time plot: 0.00 | Simulation time: 3h 27m 30s
		12460 Time iteration: 0.81 | Time plot: 0.70 | Simulation time: 3h 27m 40s
		12470 Time iteration: 0.80 | Time plot: 0.00 | Simulation time: 3h 27m 50s
		12480 Time iteration: 0.94 | Time plot: 0.87 | Simulation time: 3h 28m 0s
		12490 Time iteration: 0.86 | Time plot: 0.00 | Simulation time: 3h 28m 10s
		12500 Time iteration: 1.10 | Time plot: 0.89 | Simulation time: 3h 28m 20s
		12510 Time iteration: 0.83 | Time plot: 0.00 | Simulation time: 3h 28m 30s
		12520 Time iteration: 0.80 | Time plot: 0.84 | Simulation time: 3h 28m 40s
		12530 Time iteration: 0.79 | Time plot: 0.00 | Simulation time: 3h 28m 50s
		12540 Time iteration: 1.07 | Time plot: 1.00 | Simulation time: 3h 29m 0s
		12550 Time iteration: 0.74 | Time plot: 0.00 | Simulation time: 3h 29m 10s
		12560 Time iteration: 0.74 | Time plot: 0.77 | Simulation time: 3h 29m 20s
		12570 Time iteration: 0.80 | Time plot: 0.00 | Simulation time: 3h 29m 30s
		12580 Time iteration: 0.86 | Time plot: 0.84 | Simulation time: 3h 29m 40s
		12590 Time iteration: 0.76 | Time plot: 0.00 | Simulation time: 3h 29m 50s
		12600 Time iteration: 1.29 | Time plot: 1.09 | Simulation time: 3h 30m 0s
		12610 Time iteration: 1.01 | Time plot: 0.00 | Simulation time: 3h 30m 10s
		12620 Time iteration: 0.79 | Time plot: 0.70 | Simulation time: 3h 30m 20s
		12630 Time iteration: 0.83 | Time plot: 0.00 | Simulation time: 3h 30m 30s
		12640 Time iteration: 0.80 | Time plot: 0.77 | Simulation time: 3h 30m 40s
		12650 Time iteration: 0.80 | Time plot: 0.00 | Simulation time: 3h 30m 50s
		12660 Time iteration: 1.25 | Time plot: 1.13 | Simulation time: 3h 31m 0s
		12670 Time iteration: 1.11 | Time plot: 0.00 | Simulation time: 3h 31m 10s
		12680 Time iteration: 1.03 | Time plot: 0.96 | Simulation time: 3h 31m 20s
		12690 Time iteration: 0.88 | Time plot: 0.00 | Simulation time: 3h 31m 30s
		12700 Time iteration: 1.00 | Time plot: 0.75 | Simulation time: 3h 31m 40s
		12710 Time iteration: 0.96 | Time plot: 0.00 | Simulation time: 3h 31m 50s
		12720 Time iteration: 1.42 | Time plot: 1.43 | Simulation time: 3h 32m 0s
		12730 Time iteration: 0.91 | Time plot: 0.00 | Simulation time: 3h 32m 10s
		12740 Time iteration: 0.86 | Time plot: 0.79 | Simulation time: 3h 32m 20s
		12750 Time iteration: 0.77 | Time plot: 0.00 | Simulation time: 3h 32m 30s
		12760 Time iteration: 1.00 | Time plot: 0.81 | Simulation time: 3h 32m 40s
		12770 Time iteration: 0.78 | Time plot: 0.00 | Simulation time: 3h 32m 50s
!! Cue_plane4_sat1: Observed Target 210 at off-nadir 0.0 deg
		12780 Time iteration: 2.85 | Time plot: 1.27 | Simulation time: 3h 33m 0s
		12790 Time iteration: 1.16 | Time plot: 0.00 | Simulation time: 3h 33m 10s
		12800 Time iteration: 1.05 | Time plot: 0.75 | Simulation time: 3h 33m 20s
		12810 Time iteration: 0.77 | Time plot: 0.00 | Simulation time: 3h 33m 30s
		12820 Time iteration: 0.80 | Time plot: 0.89 | Simulation time: 3h 33m 40s
		12830 Time iteration: 0.80 | Time plot: 0.00 | Simulation time: 3h 33m 50s
!! Cue_plane0_sat0: Confirmed Target 210=whale (actual=whale)
		12840 Time iteration: 0.92 | Time plot: 1.26 | Simulation time: 3h 34m 0s
		12850 Time iteration: 0.82 | Time plot: 0.00 | Simulation time: 3h 34m 10s
		12860 Time iteration: 0.80 | Time plot: 0.75 | Simulation time: 3h 34m 20s
		12870 Time iteration: 0.85 | Time plot: 0.00 | Simulation time: 3h 34m 30s
		12880 Time iteration: 0.88 | Time plot: 0.85 | Simulation time: 3h 34m 40s
		12890 Time iteration: 0.84 | Time plot: 0.00 | Simulation time: 3h 34m 50s
		12900 Time iteration: 0.96 | Time plot: 0.71 | Simulation time: 3h 35m 0s
		12910 Time iteration: 0.85 | Time plot: 0.00 | Simulation time: 3h 35m 10s
		12920 Time iteration: 0.81 | Time plot: 0.81 | Simulation time: 3h 35m 20s
		12930 Time iteration: 0.85 | Time plot: 0.00 | Simulation time: 3h 35m 30s
		12940 Time iteration: 0.79 | Time plot: 0.73 | Simulation time: 3h 35m 40s
		12950 Time iteration: 0.87 | Time plot: 0.00 | Simulation time: 3h 35m 50s
		12960 Time iteration: 0.84 | Time plot: 0.72 | Simulation time: 3h 36m 0s
		12970 Time iteration: 0.76 | Time plot: 0.00 | Simulation time: 3h 36m 10s
		12980 Time iteration: 0.88 | Time plot: 0.79 | Simulation time: 3h 36m 20s
		12990 Time iteration: 1.07 | Time plot: 0.00 | Simulation time: 3h 36m 30s
		13000 Time iteration: 1.00 | Time plot: 0.77 | Simulation time: 3h 36m 40s
		13010 Time iteration: 0.79 | Time plot: 0.00 | Simulation time: 3h 36m 50s
		13020 Time iteration: 0.82 | Time plot: 0.72 | Simulation time: 3h 37m 0s
		13030 Time iteration: 0.83 | Time plot: 0.00 | Simulation time: 3h 37m 10s
		13040 Time iteration: 0.76 | Time plot: 0.80 | Simulation time: 3h 37m 20s
		13050 Time iteration: 0.78 | Time plot: 0.00 | Simulation time: 3h 37m 30s
		13060 Time iteration: 0.87 | Time plot: 0.70 | Simulation time: 3h 37m 40s
		13070 Time iteration: 0.75 | Time plot: 0.00 | Simulation time: 3h 37m 50s
		13080 Time iteration: 0.77 | Time plot: 0.78 | Simulation time: 3h 38m 0s
		13090 Time iteration: 0.85 | Time plot: 0.00 | Simulation time: 3h 38m 10s
		13100 Time iteration: 0.93 | Time plot: 0.74 | Simulation time: 3h 38m 20s
		13110 Time iteration: 0.77 | Time plot: 0.00 | Simulation time: 3h 38m 30s
		13120 Time iteration: 0.90 | Time plot: 0.80 | Simulation time: 3h 38m 40s
		13130 Time iteration: 0.95 | Time plot: 0.00 | Simulation time: 3h 38m 50s
		13140 Time iteration: 0.79 | Time plot: 0.75 | Simulation time: 3h 39m 0s
		13150 Time iteration: 0.77 | Time plot: 0.00 | Simulation time: 3h 39m 10s
		13160 Time iteration: 0.86 | Time plot: 0.72 | Simulation time: 3h 39m 20s
		13170 Time iteration: 0.74 | Time plot: 0.00 | Simulation time: 3h 39m 30s
		13180 Time iteration: 0.84 | Time plot: 0.85 | Simulation time: 3h 39m 40s
		13190 Time iteration: 0.79 | Time plot: 0.00 | Simulation time: 3h 39m 50s
		13200 Time iteration: 0.98 | Time plot: 0.74 | Simulation time: 3h 40m 0s
		13210 Time iteration: 0.78 | Time plot: 0.00 | Simulation time: 3h 40m 10s
		13220 Time iteration: 0.82 | Time plot: 0.90 | Simulation time: 3h 40m 20s
		13230 Time iteration: 0.78 | Time plot: 0.00 | Simulation time: 3h 40m 30s
		13240 Time iteration: 0.81 | Time plot: 0.72 | Simulation time: 3h 40m 40s
		13250 Time iteration: 0.93 | Time plot: 0.00 | Simulation time: 3h 40m 50s
		13260 Time iteration: 1.09 | Time plot: 0.94 | Simulation time: 3h 41m 0s
		13270 Time iteration: 0.86 | Time plot: 0.00 | Simulation time: 3h 41m 10s
		13280 Time iteration: 0.78 | Time plot: 0.83 | Simulation time: 3h 41m 20s
		13290 Time iteration: 0.72 | Time plot: 0.00 | Simulation time: 3h 41m 30s
		13300 Time iteration: 0.96 | Time plot: 0.80 | Simulation time: 3h 41m 40s
		13310 Time iteration: 0.75 | Time plot: 0.00 | Simulation time: 3h 41m 50s
		13320 Time iteration: 0.86 | Time plot: 0.69 | Simulation time: 3h 42m 0s
		13330 Time iteration: 0.72 | Time plot: 0.00 | Simulation time: 3h 42m 10s
		13340 Time iteration: 0.96 | Time plot: 1.23 | Simulation time: 3h 42m 20s
		13350 Time iteration: 0.76 | Time plot: 0.00 | Simulation time: 3h 42m 30s
		13360 Time iteration: 0.75 | Time plot: 0.69 | Simulation time: 3h 42m 40s
		13370 Time iteration: 0.84 | Time plot: 0.00 | Simulation time: 3h 42m 50s
		13380 Time iteration: 0.91 | Time plot: 0.89 | Simulation time: 3h 43m 0s
		13390 Time iteration: 0.77 | Time plot: 0.00 | Simulation time: 3h 43m 10s
		13400 Time iteration: 1.22 | Time plot: 0.94 | Simulation time: 3h 43m 20s
		13410 Time iteration: 0.82 | Time plot: 0.00 | Simulation time: 3h 43m 30s
		13420 Time iteration: 0.93 | Time plot: 0.75 | Simulation time: 3h 43m 40s
		13430 Time iteration: 0.86 | Time plot: 0.00 | Simulation time: 3h 43m 50s
		13440 Time iteration: 0.89 | Time plot: 0.74 | Simulation time: 3h 44m 0s
		13450 Time iteration: 0.81 | Time plot: 0.00 | Simulation time: 3h 44m 10s
		13460 Time iteration: 0.79 | Time plot: 0.87 | Simulation time: 3h 44m 20s
		13470 Time iteration: 1.02 | Time plot: 0.00 | Simulation time: 3h 44m 30s
		13480 Time iteration: 0.99 | Time plot: 1.34 | Simulation time: 3h 44m 40s
		13490 Time iteration: 0.78 | Time plot: 0.00 | Simulation time: 3h 44m 50s
		13500 Time iteration: 0.94 | Time plot: 0.77 | Simulation time: 3h 45m 0s
		13510 Time iteration: 0.98 | Time plot: 0.00 | Simulation time: 3h 45m 10s
		13520 Time iteration: 0.89 | Time plot: 0.85 | Simulation time: 3h 45m 20s
		13530 Time iteration: 0.72 | Time plot: 0.00 | Simulation time: 3h 45m 30s
		13540 Time iteration: 0.78 | Time plot: 0.76 | Simulation time: 3h 45m 40s
		13550 Time iteration: 0.77 | Time plot: 0.00 | Simulation time: 3h 45m 50s
		13560 Time iteration: 0.85 | Time plot: 0.74 | Simulation time: 3h 46m 0s
		13570 Time iteration: 0.90 | Time plot: 0.00 | Simulation time: 3h 46m 10s
		13580 Time iteration: 0.75 | Time plot: 0.73 | Simulation time: 3h 46m 20s
		13590 Time iteration: 0.94 | Time plot: 0.00 | Simulation time: 3h 46m 30s
		13600 Time iteration: 0.92 | Time plot: 0.73 | Simulation time: 3h 46m 40s
		13610 Time iteration: 0.87 | Time plot: 0.00 | Simulation time: 3h 46m 50s
		13620 Time iteration: 1.33 | Time plot: 1.21 | Simulation time: 3h 47m 0s
		13630 Time iteration: 1.57 | Time plot: 0.00 | Simulation time: 3h 47m 10s
		13640 Time iteration: 0.91 | Time plot: 0.77 | Simulation time: 3h 47m 20s
		13650 Time iteration: 0.81 | Time plot: 0.00 | Simulation time: 3h 47m 30s
		13660 Time iteration: 0.87 | Time plot: 0.83 | Simulation time: 3h 47m 40s
		13670 Time iteration: 0.82 | Time plot: 0.00 | Simulation time: 3h 47m 50s
		13680 Time iteration: 0.72 | Time plot: 0.84 | Simulation time: 3h 48m 0s
		13690 Time iteration: 0.79 | Time plot: 0.00 | Simulation time: 3h 48m 10s
		13700 Time iteration: 1.01 | Time plot: 0.75 | Simulation time: 3h 48m 20s
		13710 Time iteration: 0.74 | Time plot: 0.00 | Simulation time: 3h 48m 30s
		13720 Time iteration: 0.84 | Time plot: 0.70 | Simulation time: 3h 48m 40s
		13730 Time iteration: 1.23 | Time plot: 0.00 | Simulation time: 3h 48m 50s
		13740 Time iteration: 0.85 | Time plot: 0.87 | Simulation time: 3h 49m 0s
		13750 Time iteration: 0.72 | Time plot: 0.00 | Simulation time: 3h 49m 10s
		13760 Time iteration: 0.75 | Time plot: 0.75 | Simulation time: 3h 49m 20s
		13770 Time iteration: 0.86 | Time plot: 0.00 | Simulation time: 3h 49m 30s
		13780 Time iteration: 0.80 | Time plot: 0.80 | Simulation time: 3h 49m 40s
		13790 Time iteration: 0.82 | Time plot: 0.00 | Simulation time: 3h 49m 50s
		13800 Time iteration: 1.29 | Time plot: 1.14 | Simulation time: 3h 50m 0s
		13810 Time iteration: 0.95 | Time plot: 0.00 | Simulation time: 3h 50m 10s
		13820 Time iteration: 1.15 | Time plot: 1.03 | Simulation time: 3h 50m 20s
		13830 Time iteration: 0.81 | Time plot: 0.00 | Simulation time: 3h 50m 30s
		13840 Time iteration: 0.71 | Time plot: 0.70 | Simulation time: 3h 50m 40s
		13850 Time iteration: 1.05 | Time plot: 0.00 | Simulation time: 3h 50m 50s
		13860 Time iteration: 0.76 | Time plot: 0.86 | Simulation time: 3h 51m 0s
		13870 Time iteration: 0.80 | Time plot: 0.00 | Simulation time: 3h 51m 10s
		13880 Time iteration: 2.13 | Time plot: 1.13 | Simulation time: 3h 51m 20s
		13890 Time iteration: 0.85 | Time plot: 0.00 | Simulation time: 3h 51m 30s
		13900 Time iteration: 1.40 | Time plot: 0.87 | Simulation time: 3h 51m 40s
		13910 Time iteration: 0.91 | Time plot: 0.00 | Simulation time: 3h 51m 50s
		13920 Time iteration: 1.49 | Time plot: 0.80 | Simulation time: 3h 52m 0s
		13930 Time iteration: 0.94 | Time plot: 0.00 | Simulation time: 3h 52m 10s
		13940 Time iteration: 0.80 | Time plot: 0.79 | Simulation time: 3h 52m 20s
		13950 Time iteration: 0.87 | Time plot: 0.00 | Simulation time: 3h 52m 30s
		13960 Time iteration: 0.78 | Time plot: 0.79 | Simulation time: 3h 52m 40s
		13970 Time iteration: 0.87 | Time plot: 0.00 | Simulation time: 3h 52m 50s
		13980 Time iteration: 0.86 | Time plot: 0.75 | Simulation time: 3h 53m 0s
		13990 Time iteration: 0.94 | Time plot: 0.00 | Simulation time: 3h 53m 10s
		14000 Time iteration: 0.88 | Time plot: 0.72 | Simulation time: 3h 53m 20s
		14010 Time iteration: 0.93 | Time plot: 0.00 | Simulation time: 3h 53m 30s
		14020 Time iteration: 0.85 | Time plot: 0.79 | Simulation time: 3h 53m 40s
		14030 Time iteration: 0.83 | Time plot: 0.00 | Simulation time: 3h 53m 50s
		14040 Time iteration: 1.09 | Time plot: 0.94 | Simulation time: 3h 54m 0s
		14050 Time iteration: 0.83 | Time plot: 0.00 | Simulation time: 3h 54m 10s
		14060 Time iteration: 0.89 | Time plot: 0.90 | Simulation time: 3h 54m 20s
		14070 Time iteration: 1.29 | Time plot: 0.00 | Simulation time: 3h 54m 30s
		14080 Time iteration: 0.75 | Time plot: 0.83 | Simulation time: 3h 54m 40s
		14090 Time iteration: 0.89 | Time plot: 0.00 | Simulation time: 3h 54m 50s
		14100 Time iteration: 0.98 | Time plot: 0.77 | Simulation time: 3h 55m 0s
		14110 Time iteration: 0.88 | Time plot: 0.00 | Simulation time: 3h 55m 10s
		14120 Time iteration: 0.85 | Time plot: 0.86 | Simulation time: 3h 55m 20s
		14130 Time iteration: 0.78 | Time plot: 0.00 | Simulation time: 3h 55m 30s
		14140 Time iteration: 0.88 | Time plot: 0.78 | Simulation time: 3h 55m 40s
		14150 Time iteration: 1.04 | Time plot: 0.00 | Simulation time: 3h 55m 50s
		14160 Time iteration: 1.09 | Time plot: 0.77 | Simulation time: 3h 56m 0s
		14170 Time iteration: 0.82 | Time plot: 0.00 | Simulation time: 3h 56m 10s
		14180 Time iteration: 0.90 | Time plot: 0.93 | Simulation time: 3h 56m 20s
		14190 Time iteration: 1.30 | Time plot: 0.00 | Simulation time: 3h 56m 30s
		14200 Time iteration: 1.13 | Time plot: 0.83 | Simulation time: 3h 56m 40s
		14210 Time iteration: 0.78 | Time plot: 0.00 | Simulation time: 3h 56m 50s
		14220 Time iteration: 0.94 | Time plot: 0.79 | Simulation time: 3h 57m 0s
		14230 Time iteration: 0.80 | Time plot: 0.00 | Simulation time: 3h 57m 10s
		14240 Time iteration: 0.85 | Time plot: 0.70 | Simulation time: 3h 57m 20s
		14250 Time iteration: 0.88 | Time plot: 0.00 | Simulation time: 3h 57m 30s
		14260 Time iteration: 0.90 | Time plot: 0.76 | Simulation time: 3h 57m 40s
		14270 Time iteration: 0.81 | Time plot: 0.00 | Simulation time: 3h 57m 50s
		14280 Time iteration: 0.96 | Time plot: 0.73 | Simulation time: 3h 58m 0s
		14290 Time iteration: 1.06 | Time plot: 0.00 | Simulation time: 3h 58m 10s
		14300 Time iteration: 1.06 | Time plot: 0.83 | Simulation time: 3h 58m 20s
		14310 Time iteration: 0.90 | Time plot: 0.00 | Simulation time: 3h 58m 30s
		14320 Time iteration: 0.77 | Time plot: 1.02 | Simulation time: 3h 58m 40s
		14330 Time iteration: 0.93 | Time plot: 0.00 | Simulation time: 3h 58m 50s
		14340 Time iteration: 0.94 | Time plot: 0.81 | Simulation time: 3h 59m 0s
		14350 Time iteration: 0.94 | Time plot: 0.00 | Simulation time: 3h 59m 10s
		14360 Time iteration: 0.84 | Time plot: 0.91 | Simulation time: 3h 59m 20s
		14370 Time iteration: 0.83 | Time plot: 0.00 | Simulation time: 3h 59m 30s
		14380 Time iteration: 0.88 | Time plot: 0.80 | Simulation time: 3h 59m 40s
		14390 Time iteration: 0.85 | Time plot: 0.00 | Simulation time: 3h 59m 50s
		14400 Time iteration: 0.93 | Time plot: 0.94 | Simulation time: 4h 0m 0s
		14410 Time iteration: 0.77 | Time plot: 0.00 | Simulation time: 4h 0m 10s
		14420 Time iteration: 0.88 | Time plot: 0.78 | Simulation time: 4h 0m 20s
		14430 Time iteration: 0.80 | Time plot: 0.00 | Simulation time: 4h 0m 30s
		14440 Time iteration: 1.00 | Time plot: 0.75 | Simulation time: 4h 0m 40s
		14450 Time iteration: 0.83 | Time plot: 0.00 | Simulation time: 4h 0m 50s
		14460 Time iteration: 0.82 | Time plot: 0.82 | Simulation time: 4h 1m 0s
		14470 Time iteration: 0.77 | Time plot: 0.00 | Simulation time: 4h 1m 10s
		14480 Time iteration: 0.83 | Time plot: 0.73 | Simulation time: 4h 1m 20s
		14490 Time iteration: 0.77 | Time plot: 0.00 | Simulation time: 4h 1m 30s
		14500 Time iteration: 0.95 | Time plot: 0.73 | Simulation time: 4h 1m 40s
		14510 Time iteration: 0.77 | Time plot: 0.00 | Simulation time: 4h 1m 50s
		14520 Time iteration: 0.84 | Time plot: 0.83 | Simulation time: 4h 2m 0s
		14530 Time iteration: 0.78 | Time plot: 0.00 | Simulation time: 4h 2m 10s
		14540 Time iteration: 0.86 | Time plot: 0.78 | Simulation time: 4h 2m 20s
		14550 Time iteration: 0.90 | Time plot: 0.00 | Simulation time: 4h 2m 30s
		14560 Time iteration: 1.54 | Time plot: 1.22 | Simulation time: 4h 2m 40s
		14570 Time iteration: 0.84 | Time plot: 0.00 | Simulation time: 4h 2m 50s
		14580 Time iteration: 0.91 | Time plot: 0.90 | Simulation time: 4h 3m 0s
		14590 Time iteration: 0.94 | Time plot: 0.00 | Simulation time: 4h 3m 10s
		14600 Time iteration: 0.95 | Time plot: 0.76 | Simulation time: 4h 3m 20s
		14610 Time iteration: 0.82 | Time plot: 0.00 | Simulation time: 4h 3m 30s
		14620 Time iteration: 0.82 | Time plot: 0.70 | Simulation time: 4h 3m 40s
		14630 Time iteration: 0.74 | Time plot: 0.00 | Simulation time: 4h 3m 50s
		14640 Time iteration: 0.88 | Time plot: 0.85 | Simulation time: 4h 4m 0s
		14650 Time iteration: 0.92 | Time plot: 0.00 | Simulation time: 4h 4m 10s
		14660 Time iteration: 0.82 | Time plot: 0.84 | Simulation time: 4h 4m 20s
		14670 Time iteration: 1.52 | Time plot: 0.00 | Simulation time: 4h 4m 30s
		14680 Time iteration: 1.09 | Time plot: 1.05 | Simulation time: 4h 4m 40s
		14690 Time iteration: 0.78 | Time plot: 0.00 | Simulation time: 4h 4m 50s
		14700 Time iteration: 1.26 | Time plot: 0.78 | Simulation time: 4h 5m 0s
		14710 Time iteration: 0.87 | Time plot: 0.00 | Simulation time: 4h 5m 10s
		14720 Time iteration: 0.90 | Time plot: 0.77 | Simulation time: 4h 5m 20s
		14730 Time iteration: 0.87 | Time plot: 0.00 | Simulation time: 4h 5m 30s
		14740 Time iteration: 0.81 | Time plot: 0.78 | Simulation time: 4h 5m 40s
!! Cue_plane0_sat0: Observed Target 24 at off-nadir 0.0 deg
		14750 Time iteration: 0.84 | Time plot: 0.00 | Simulation time: 4h 5m 50s
		14760 Time iteration: 0.94 | Time plot: 1.32 | Simulation time: 4h 6m 0s
		14770 Time iteration: 0.77 | Time plot: 0.00 | Simulation time: 4h 6m 10s
		14780 Time iteration: 0.85 | Time plot: 0.76 | Simulation time: 4h 6m 20s
		14790 Time iteration: 1.08 | Time plot: 0.00 | Simulation time: 4h 6m 30s
		14800 Time iteration: 0.99 | Time plot: 0.75 | Simulation time: 4h 6m 40s
!! Cue_plane0_sat0: Confirmed Target 24=not-whale (actual=whale)
		14810 Time iteration: 0.92 | Time plot: 0.00 | Simulation time: 4h 6m 50s
		14820 Time iteration: 0.77 | Time plot: 0.77 | Simulation time: 4h 7m 0s
		14830 Time iteration: 0.75 | Time plot: 0.00 | Simulation time: 4h 7m 10s
		14840 Time iteration: 0.74 | Time plot: 0.72 | Simulation time: 4h 7m 20s
		14850 Time iteration: 0.76 | Time plot: 0.00 | Simulation time: 4h 7m 30s
		14860 Time iteration: 0.72 | Time plot: 0.69 | Simulation time: 4h 7m 40s
		14870 Time iteration: 0.82 | Time plot: 0.00 | Simulation time: 4h 7m 50s
		14880 Time iteration: 0.87 | Time plot: 0.82 | Simulation time: 4h 8m 0s
		14890 Time iteration: 0.73 | Time plot: 0.00 | Simulation time: 4h 8m 10s
		14900 Time iteration: 1.14 | Time plot: 1.41 | Simulation time: 4h 8m 20s
		14910 Time iteration: 0.87 | Time plot: 0.00 | Simulation time: 4h 8m 30s
		14920 Time iteration: 0.78 | Time plot: 0.68 | Simulation time: 4h 8m 40s
		14930 Time iteration: 0.73 | Time plot: 0.00 | Simulation time: 4h 8m 50s
		14940 Time iteration: 0.74 | Time plot: 0.69 | Simulation time: 4h 9m 0s
		14950 Time iteration: 0.73 | Time plot: 0.00 | Simulation time: 4h 9m 10s
		14960 Time iteration: 0.90 | Time plot: 0.77 | Simulation time: 4h 9m 20s
		14970 Time iteration: 0.73 | Time plot: 0.00 | Simulation time: 4h 9m 30s
		14980 Time iteration: 0.74 | Time plot: 0.68 | Simulation time: 4h 9m 40s
		14990 Time iteration: 0.80 | Time plot: 0.00 | Simulation time: 4h 9m 50s
		15000 Time iteration: 1.01 | Time plot: 0.71 | Simulation time: 4h 10m 0s
!! Cue_plane4_sat0: Observed Target 12 at off-nadir 0.0 deg
		15010 Time iteration: 0.82 | Time plot: 0.00 | Simulation time: 4h 10m 10s
		15020 Time iteration: 0.70 | Time plot: 0.69 | Simulation time: 4h 10m 20s
		15030 Time iteration: 0.72 | Time plot: 0.00 | Simulation time: 4h 10m 30s
		15040 Time iteration: 0.71 | Time plot: 0.68 | Simulation time: 4h 10m 40s
		15050 Time iteration: 0.72 | Time plot: 0.00 | Simulation time: 4h 10m 50s
		15060 Time iteration: 0.71 | Time plot: 0.68 | Simulation time: 4h 11m 0s
!! Cue_plane0_sat0: Confirmed Target 12=whale (actual=whale)
		15070 Time iteration: 0.72 | Time plot: 0.00 | Simulation time: 4h 11m 10s
		15080 Time iteration: 0.71 | Time plot: 0.69 | Simulation time: 4h 11m 20s
		15090 Time iteration: 0.72 | Time plot: 0.00 | Simulation time: 4h 11m 30s
		15100 Time iteration: 0.86 | Time plot: 0.69 | Simulation time: 4h 11m 40s
		15110 Time iteration: 0.71 | Time plot: 0.00 | Simulation time: 4h 11m 50s
		15120 Time iteration: 0.74 | Time plot: 0.71 | Simulation time: 4h 12m 0s
		15130 Time iteration: 0.73 | Time plot: 0.00 | Simulation time: 4h 12m 10s
		15140 Time iteration: 0.73 | Time plot: 0.69 | Simulation time: 4h 12m 20s
		15150 Time iteration: 0.72 | Time plot: 0.00 | Simulation time: 4h 12m 30s
		15160 Time iteration: 0.72 | Time plot: 0.68 | Simulation time: 4h 12m 40s
		15170 Time iteration: 0.73 | Time plot: 0.00 | Simulation time: 4h 12m 50s
		15180 Time iteration: 0.73 | Time plot: 0.69 | Simulation time: 4h 13m 0s
		15190 Time iteration: 0.70 | Time plot: 0.00 | Simulation time: 4h 13m 10s
		15200 Time iteration: 0.84 | Time plot: 0.67 | Simulation time: 4h 13m 20s
		15210 Time iteration: 0.73 | Time plot: 0.00 | Simulation time: 4h 13m 30s
		15220 Time iteration: 0.72 | Time plot: 0.69 | Simulation time: 4h 13m 40s
		15230 Time iteration: 0.72 | Time plot: 0.00 | Simulation time: 4h 13m 50s
		15240 Time iteration: 0.71 | Time plot: 0.67 | Simulation time: 4h 14m 0s
		15250 Time iteration: 0.71 | Time plot: 0.00 | Simulation time: 4h 14m 10s
		15260 Time iteration: 0.71 | Time plot: 0.68 | Simulation time: 4h 14m 20s
		15270 Time iteration: 0.74 | Time plot: 0.00 | Simulation time: 4h 14m 30s
		15280 Time iteration: 0.74 | Time plot: 0.69 | Simulation time: 4h 14m 40s
		15290 Time iteration: 0.74 | Time plot: 0.00 | Simulation time: 4h 14m 50s
		15300 Time iteration: 0.87 | Time plot: 0.70 | Simulation time: 4h 15m 0s
		15310 Time iteration: 0.80 | Time plot: 0.00 | Simulation time: 4h 15m 10s
		15320 Time iteration: 0.73 | Time plot: 0.69 | Simulation time: 4h 15m 20s
		15330 Time iteration: 0.76 | Time plot: 0.00 | Simulation time: 4h 15m 30s
		15340 Time iteration: 0.87 | Time plot: 0.71 | Simulation time: 4h 15m 40s
		15350 Time iteration: 0.73 | Time plot: 0.00 | Simulation time: 4h 15m 50s
		15360 Time iteration: 0.75 | Time plot: 0.67 | Simulation time: 4h 16m 0s
		15370 Time iteration: 0.72 | Time plot: 0.00 | Simulation time: 4h 16m 10s
		15380 Time iteration: 0.73 | Time plot: 0.69 | Simulation time: 4h 16m 20s
		15390 Time iteration: 0.75 | Time plot: 0.00 | Simulation time: 4h 16m 30s
		15400 Time iteration: 0.86 | Time plot: 0.71 | Simulation time: 4h 16m 40s
		15410 Time iteration: 0.72 | Time plot: 0.00 | Simulation time: 4h 16m 50s
		15420 Time iteration: 0.73 | Time plot: 0.70 | Simulation time: 4h 17m 0s
		15430 Time iteration: 0.73 | Time plot: 0.00 | Simulation time: 4h 17m 10s
		15440 Time iteration: 0.74 | Time plot: 0.70 | Simulation time: 4h 17m 20s
		15450 Time iteration: 0.72 | Time plot: 0.00 | Simulation time: 4h 17m 30s
		15460 Time iteration: 0.76 | Time plot: 0.72 | Simulation time: 4h 17m 40s
		15470 Time iteration: 0.73 | Time plot: 0.00 | Simulation time: 4h 17m 50s
		15480 Time iteration: 0.73 | Time plot: 0.70 | Simulation time: 4h 18m 0s
		15490 Time iteration: 0.73 | Time plot: 0.00 | Simulation time: 4h 18m 10s
		15500 Time iteration: 0.87 | Time plot: 0.69 | Simulation time: 4h 18m 20s
		15510 Time iteration: 0.72 | Time plot: 0.00 | Simulation time: 4h 18m 30s
		15520 Time iteration: 0.74 | Time plot: 0.67 | Simulation time: 4h 18m 40s
		15530 Time iteration: 1.05 | Time plot: 0.00 | Simulation time: 4h 18m 50s
		15540 Time iteration: 0.76 | Time plot: 0.69 | Simulation time: 4h 19m 0s
		15550 Time iteration: 0.76 | Time plot: 0.00 | Simulation time: 4h 19m 10s
		15560 Time iteration: 0.74 | Time plot: 0.68 | Simulation time: 4h 19m 20s
		15570 Time iteration: 0.76 | Time plot: 0.00 | Simulation time: 4h 19m 30s
		15580 Time iteration: 0.75 | Time plot: 0.71 | Simulation time: 4h 19m 40s
		15590 Time iteration: 0.74 | Time plot: 0.00 | Simulation time: 4h 19m 50s
		15600 Time iteration: 0.86 | Time plot: 0.68 | Simulation time: 4h 20m 0s
		15610 Time iteration: 0.77 | Time plot: 0.00 | Simulation time: 4h 20m 10s
		15620 Time iteration: 0.75 | Time plot: 0.70 | Simulation time: 4h 20m 20s
		15630 Time iteration: 0.73 | Time plot: 0.00 | Simulation time: 4h 20m 30s
		15640 Time iteration: 0.75 | Time plot: 0.71 | Simulation time: 4h 20m 40s
		15650 Time iteration: 0.74 | Time plot: 0.00 | Simulation time: 4h 20m 50s
		15660 Time iteration: 0.76 | Time plot: 0.68 | Simulation time: 4h 21m 0s
		15670 Time iteration: 0.75 | Time plot: 0.00 | Simulation time: 4h 21m 10s
		15680 Time iteration: 0.74 | Time plot: 0.68 | Simulation time: 4h 21m 20s
		15690 Time iteration: 0.74 | Time plot: 0.00 | Simulation time: 4h 21m 30s
		15700 Time iteration: 0.86 | Time plot: 0.68 | Simulation time: 4h 21m 40s
		15710 Time iteration: 0.76 | Time plot: 0.00 | Simulation time: 4h 21m 50s
		15720 Time iteration: 0.77 | Time plot: 0.70 | Simulation time: 4h 22m 0s
		15730 Time iteration: 0.74 | Time plot: 0.00 | Simulation time: 4h 22m 10s
		15740 Time iteration: 0.75 | Time plot: 0.69 | Simulation time: 4h 22m 20s
		15750 Time iteration: 0.74 | Time plot: 0.00 | Simulation time: 4h 22m 30s
		15760 Time iteration: 0.75 | Time plot: 0.69 | Simulation time: 4h 22m 40s
		15770 Time iteration: 0.75 | Time plot: 0.00 | Simulation time: 4h 22m 50s
		15780 Time iteration: 0.75 | Time plot: 0.68 | Simulation time: 4h 23m 0s
		15790 Time iteration: 0.74 | Time plot: 0.00 | Simulation time: 4h 23m 10s
		15800 Time iteration: 0.87 | Time plot: 0.71 | Simulation time: 4h 23m 20s
		15810 Time iteration: 0.77 | Time plot: 0.00 | Simulation time: 4h 23m 30s
		15820 Time iteration: 0.75 | Time plot: 0.68 | Simulation time: 4h 23m 40s
		15830 Time iteration: 0.74 | Time plot: 0.00 | Simulation time: 4h 23m 50s
		15840 Time iteration: 0.75 | Time plot: 0.67 | Simulation time: 4h 24m 0s
		15850 Time iteration: 0.76 | Time plot: 0.00 | Simulation time: 4h 24m 10s
		15860 Time iteration: 0.75 | Time plot: 0.71 | Simulation time: 4h 24m 20s
		15870 Time iteration: 0.74 | Time plot: 0.00 | Simulation time: 4h 24m 30s
		15880 Time iteration: 0.75 | Time plot: 0.68 | Simulation time: 4h 24m 40s
		15890 Time iteration: 0.75 | Time plot: 0.00 | Simulation time: 4h 24m 50s
		15900 Time iteration: 0.87 | Time plot: 0.68 | Simulation time: 4h 25m 0s
		15910 Time iteration: 0.75 | Time plot: 0.00 | Simulation time: 4h 25m 10s
		15920 Time iteration: 0.75 | Time plot: 0.68 | Simulation time: 4h 25m 20s
		15930 Time iteration: 0.76 | Time plot: 0.00 | Simulation time: 4h 25m 30s
		15940 Time iteration: 0.74 | Time plot: 0.69 | Simulation time: 4h 25m 40s
		15950 Time iteration: 0.76 | Time plot: 0.00 | Simulation time: 4h 25m 50s
		15960 Time iteration: 0.75 | Time plot: 0.69 | Simulation time: 4h 26m 0s
		15970 Time iteration: 0.74 | Time plot: 0.00 | Simulation time: 4h 26m 10s
		15980 Time iteration: 0.75 | Time plot: 0.69 | Simulation time: 4h 26m 20s
		15990 Time iteration: 0.75 | Time plot: 0.00 | Simulation time: 4h 26m 30s
		16000 Time iteration: 0.89 | Time plot: 0.71 | Simulation time: 4h 26m 40s
		16010 Time iteration: 0.73 | Time plot: 0.00 | Simulation time: 4h 26m 50s
		16020 Time iteration: 0.92 | Time plot: 1.36 | Simulation time: 4h 27m 0s
		16030 Time iteration: 0.75 | Time plot: 0.00 | Simulation time: 4h 27m 10s
		16040 Time iteration: 0.72 | Time plot: 0.72 | Simulation time: 4h 27m 20s
		16050 Time iteration: 0.78 | Time plot: 0.00 | Simulation time: 4h 27m 30s
		16060 Time iteration: 0.77 | Time plot: 0.70 | Simulation time: 4h 27m 40s
		16070 Time iteration: 0.74 | Time plot: 0.00 | Simulation time: 4h 27m 50s
		16080 Time iteration: 0.73 | Time plot: 0.73 | Simulation time: 4h 28m 0s
		16090 Time iteration: 0.73 | Time plot: 0.00 | Simulation time: 4h 28m 10s
		16100 Time iteration: 0.94 | Time plot: 0.72 | Simulation time: 4h 28m 20s
		16110 Time iteration: 0.73 | Time plot: 0.00 | Simulation time: 4h 28m 30s
		16120 Time iteration: 0.92 | Time plot: 0.80 | Simulation time: 4h 28m 40s
		16130 Time iteration: 0.73 | Time plot: 0.00 | Simulation time: 4h 28m 50s
		16140 Time iteration: 0.74 | Time plot: 0.67 | Simulation time: 4h 29m 0s
		16150 Time iteration: 0.73 | Time plot: 0.00 | Simulation time: 4h 29m 10s
		16160 Time iteration: 0.77 | Time plot: 0.75 | Simulation time: 4h 29m 20s
		16170 Time iteration: 0.71 | Time plot: 0.00 | Simulation time: 4h 29m 30s
		16180 Time iteration: 0.74 | Time plot: 0.70 | Simulation time: 4h 29m 40s
		16190 Time iteration: 0.74 | Time plot: 0.00 | Simulation time: 4h 29m 50s
		16200 Time iteration: 0.84 | Time plot: 0.71 | Simulation time: 4h 30m 0s
		16210 Time iteration: 0.82 | Time plot: 0.00 | Simulation time: 4h 30m 10s
		16220 Time iteration: 0.72 | Time plot: 0.68 | Simulation time: 4h 30m 20s
		16230 Time iteration: 0.73 | Time plot: 0.00 | Simulation time: 4h 30m 30s
		16240 Time iteration: 0.72 | Time plot: 0.67 | Simulation time: 4h 30m 40s
		16250 Time iteration: 0.73 | Time plot: 0.00 | Simulation time: 4h 30m 50s
		16260 Time iteration: 0.71 | Time plot: 0.71 | Simulation time: 4h 31m 0s
		16270 Time iteration: 0.72 | Time plot: 0.00 | Simulation time: 4h 31m 10s
		16280 Time iteration: 0.72 | Time plot: 0.68 | Simulation time: 4h 31m 20s
		16290 Time iteration: 0.72 | Time plot: 0.00 | Simulation time: 4h 31m 30s
		16300 Time iteration: 0.82 | Time plot: 0.70 | Simulation time: 4h 31m 40s
!! Cue_plane4_sat0: Observed Target 315 at off-nadir 0.0 deg
		16310 Time iteration: 0.73 | Time plot: 0.00 | Simulation time: 4h 31m 50s
		16320 Time iteration: 0.72 | Time plot: 0.68 | Simulation time: 4h 32m 0s
		16330 Time iteration: 0.71 | Time plot: 0.00 | Simulation time: 4h 32m 10s
		16340 Time iteration: 0.72 | Time plot: 0.71 | Simulation time: 4h 32m 20s
		16350 Time iteration: 0.71 | Time plot: 0.00 | Simulation time: 4h 32m 30s
		16360 Time iteration: 0.73 | Time plot: 0.68 | Simulation time: 4h 32m 40s
!! Cue_plane0_sat1: Confirmed Target 315=whale (actual=whale)
		16370 Time iteration: 0.82 | Time plot: 0.00 | Simulation time: 4h 32m 50s
		16380 Time iteration: 0.70 | Time plot: 0.95 | Simulation time: 4h 33m 0s
		16390 Time iteration: 0.71 | Time plot: 0.00 | Simulation time: 4h 33m 10s
		16400 Time iteration: 0.86 | Time plot: 0.71 | Simulation time: 4h 33m 20s
		16410 Time iteration: 0.72 | Time plot: 0.00 | Simulation time: 4h 33m 30s
		16420 Time iteration: 0.75 | Time plot: 0.94 | Simulation time: 4h 33m 40s
		16430 Time iteration: 0.72 | Time plot: 0.00 | Simulation time: 4h 33m 50s
		16440 Time iteration: 0.72 | Time plot: 0.71 | Simulation time: 4h 34m 0s
		16450 Time iteration: 0.72 | Time plot: 0.00 | Simulation time: 4h 34m 10s
		16460 Time iteration: 0.71 | Time plot: 0.70 | Simulation time: 4h 34m 20s
		16470 Time iteration: 0.72 | Time plot: 0.00 | Simulation time: 4h 34m 30s
		16480 Time iteration: 0.72 | Time plot: 0.70 | Simulation time: 4h 34m 40s
		16490 Time iteration: 0.75 | Time plot: 0.00 | Simulation time: 4h 34m 50s
		16500 Time iteration: 1.18 | Time plot: 0.70 | Simulation time: 4h 35m 0s
		16510 Time iteration: 0.73 | Time plot: 0.00 | Simulation time: 4h 35m 10s
		16520 Time iteration: 0.73 | Time plot: 0.69 | Simulation time: 4h 35m 20s
		16530 Time iteration: 0.71 | Time plot: 0.00 | Simulation time: 4h 35m 30s
		16540 Time iteration: 0.72 | Time plot: 0.69 | Simulation time: 4h 35m 40s
		16550 Time iteration: 0.70 | Time plot: 0.00 | Simulation time: 4h 35m 50s
		16560 Time iteration: 0.72 | Time plot: 0.69 | Simulation time: 4h 36m 0s
		16570 Time iteration: 0.72 | Time plot: 0.00 | Simulation time: 4h 36m 10s
		16580 Time iteration: 0.72 | Time plot: 0.71 | Simulation time: 4h 36m 20s
		16590 Time iteration: 0.71 | Time plot: 0.00 | Simulation time: 4h 36m 30s
		16600 Time iteration: 0.85 | Time plot: 0.74 | Simulation time: 4h 36m 40s
		16610 Time iteration: 0.71 | Time plot: 0.00 | Simulation time: 4h 36m 50s
		16620 Time iteration: 0.71 | Time plot: 0.69 | Simulation time: 4h 37m 0s
		16630 Time iteration: 0.71 | Time plot: 0.00 | Simulation time: 4h 37m 10s
		16640 Time iteration: 0.71 | Time plot: 0.67 | Simulation time: 4h 37m 20s
		16650 Time iteration: 0.71 | Time plot: 0.00 | Simulation time: 4h 37m 30s
		16660 Time iteration: 0.72 | Time plot: 0.69 | Simulation time: 4h 37m 40s
		16670 Time iteration: 0.75 | Time plot: 0.00 | Simulation time: 4h 37m 50s
		16680 Time iteration: 0.72 | Time plot: 0.68 | Simulation time: 4h 38m 0s
		16690 Time iteration: 0.71 | Time plot: 0.00 | Simulation time: 4h 38m 10s
		16700 Time iteration: 0.87 | Time plot: 0.71 | Simulation time: 4h 38m 20s
		16710 Time iteration: 0.71 | Time plot: 0.00 | Simulation time: 4h 38m 30s
		16720 Time iteration: 0.73 | Time plot: 0.68 | Simulation time: 4h 38m 40s
		16730 Time iteration: 0.73 | Time plot: 0.00 | Simulation time: 4h 38m 50s
		16740 Time iteration: 0.73 | Time plot: 0.69 | Simulation time: 4h 39m 0s
		16750 Time iteration: 0.74 | Time plot: 0.00 | Simulation time: 4h 39m 10s
		16760 Time iteration: 0.72 | Time plot: 0.67 | Simulation time: 4h 39m 20s
		16770 Time iteration: 0.71 | Time plot: 0.00 | Simulation time: 4h 39m 30s
		16780 Time iteration: 0.75 | Time plot: 0.67 | Simulation time: 4h 39m 40s
		16790 Time iteration: 0.72 | Time plot: 0.00 | Simulation time: 4h 39m 50s
		16800 Time iteration: 0.85 | Time plot: 0.90 | Simulation time: 4h 40m 0s
		16810 Time iteration: 0.74 | Time plot: 0.00 | Simulation time: 4h 40m 10s
		16820 Time iteration: 0.73 | Time plot: 0.68 | Simulation time: 4h 40m 20s
		16830 Time iteration: 0.79 | Time plot: 0.00 | Simulation time: 4h 40m 30s
		16840 Time iteration: 0.73 | Time plot: 0.68 | Simulation time: 4h 40m 40s
		16850 Time iteration: 0.76 | Time plot: 0.00 | Simulation time: 4h 40m 50s
		16860 Time iteration: 0.72 | Time plot: 0.70 | Simulation time: 4h 41m 0s
		16870 Time iteration: 0.74 | Time plot: 0.00 | Simulation time: 4h 41m 10s
		16880 Time iteration: 0.72 | Time plot: 0.69 | Simulation time: 4h 41m 20s
		16890 Time iteration: 0.75 | Time plot: 0.00 | Simulation time: 4h 41m 30s
		16900 Time iteration: 0.86 | Time plot: 0.68 | Simulation time: 4h 41m 40s
		16910 Time iteration: 0.73 | Time plot: 0.00 | Simulation time: 4h 41m 50s
		16920 Time iteration: 0.73 | Time plot: 0.73 | Simulation time: 4h 42m 0s
		16930 Time iteration: 0.73 | Time plot: 0.00 | Simulation time: 4h 42m 10s
		16940 Time iteration: 0.73 | Time plot: 0.67 | Simulation time: 4h 42m 20s
		16950 Time iteration: 0.75 | Time plot: 0.00 | Simulation time: 4h 42m 30s
		16960 Time iteration: 0.78 | Time plot: 0.67 | Simulation time: 4h 42m 40s
		16970 Time iteration: 0.73 | Time plot: 0.00 | Simulation time: 4h 42m 50s
		16980 Time iteration: 0.72 | Time plot: 0.69 | Simulation time: 4h 43m 0s
		16990 Time iteration: 0.74 | Time plot: 0.00 | Simulation time: 4h 43m 10s
		17000 Time iteration: 0.85 | Time plot: 0.68 | Simulation time: 4h 43m 20s
		17010 Time iteration: 0.72 | Time plot: 0.00 | Simulation time: 4h 43m 30s
		17020 Time iteration: 0.73 | Time plot: 0.68 | Simulation time: 4h 43m 40s
		17030 Time iteration: 0.73 | Time plot: 0.00 | Simulation time: 4h 43m 50s
		17040 Time iteration: 0.73 | Time plot: 0.71 | Simulation time: 4h 44m 0s
		17050 Time iteration: 0.72 | Time plot: 0.00 | Simulation time: 4h 44m 10s
		17060 Time iteration: 0.75 | Time plot: 0.93 | Simulation time: 4h 44m 20s
		17070 Time iteration: 0.73 | Time plot: 0.00 | Simulation time: 4h 44m 30s
		17080 Time iteration: 0.76 | Time plot: 1.35 | Simulation time: 4h 44m 40s
		17090 Time iteration: 0.75 | Time plot: 0.00 | Simulation time: 4h 44m 50s
		17100 Time iteration: 0.86 | Time plot: 1.03 | Simulation time: 4h 45m 0s
		17110 Time iteration: 0.76 | Time plot: 0.00 | Simulation time: 4h 45m 10s
		17120 Time iteration: 0.75 | Time plot: 0.85 | Simulation time: 4h 45m 20s
		17130 Time iteration: 0.75 | Time plot: 0.00 | Simulation time: 4h 45m 30s
		17140 Time iteration: 0.78 | Time plot: 0.80 | Simulation time: 4h 45m 40s
		17150 Time iteration: 0.79 | Time plot: 0.00 | Simulation time: 4h 45m 50s
		17160 Time iteration: 0.75 | Time plot: 0.69 | Simulation time: 4h 46m 0s
		17170 Time iteration: 0.75 | Time plot: 0.00 | Simulation time: 4h 46m 10s
		17180 Time iteration: 0.75 | Time plot: 0.68 | Simulation time: 4h 46m 20s
		17190 Time iteration: 0.76 | Time plot: 0.00 | Simulation time: 4h 46m 30s
		17200 Time iteration: 1.24 | Time plot: 1.18 | Simulation time: 4h 46m 40s
		17210 Time iteration: 0.75 | Time plot: 0.00 | Simulation time: 4h 46m 50s
		17220 Time iteration: 0.75 | Time plot: 0.73 | Simulation time: 4h 47m 0s
		17230 Time iteration: 1.04 | Time plot: 0.00 | Simulation time: 4h 47m 10s
		17240 Time iteration: 0.74 | Time plot: 0.69 | Simulation time: 4h 47m 20s
		17250 Time iteration: 0.76 | Time plot: 0.00 | Simulation time: 4h 47m 30s
		17260 Time iteration: 0.73 | Time plot: 0.68 | Simulation time: 4h 47m 40s
		17270 Time iteration: 0.74 | Time plot: 0.00 | Simulation time: 4h 47m 50s
		17280 Time iteration: 0.97 | Time plot: 0.78 | Simulation time: 4h 48m 0s
		17290 Time iteration: 0.74 | Time plot: 0.00 | Simulation time: 4h 48m 10s
		17300 Time iteration: 1.30 | Time plot: 0.75 | Simulation time: 4h 48m 20s
		17310 Time iteration: 0.74 | Time plot: 0.00 | Simulation time: 4h 48m 30s
		17320 Time iteration: 0.74 | Time plot: 0.70 | Simulation time: 4h 48m 40s
		17330 Time iteration: 0.73 | Time plot: 0.00 | Simulation time: 4h 48m 50s
		17340 Time iteration: 0.75 | Time plot: 0.69 | Simulation time: 4h 49m 0s
		17350 Time iteration: 0.74 | Time plot: 0.00 | Simulation time: 4h 49m 10s
		17360 Time iteration: 0.76 | Time plot: 0.69 | Simulation time: 4h 49m 20s
		17370 Time iteration: 0.73 | Time plot: 0.00 | Simulation time: 4h 49m 30s
		17380 Time iteration: 0.73 | Time plot: 0.68 | Simulation time: 4h 49m 40s
		17390 Time iteration: 0.76 | Time plot: 0.00 | Simulation time: 4h 49m 50s
		17400 Time iteration: 1.21 | Time plot: 0.94 | Simulation time: 4h 50m 0s
		17410 Time iteration: 0.76 | Time plot: 0.00 | Simulation time: 4h 50m 10s
		17420 Time iteration: 0.74 | Time plot: 0.89 | Simulation time: 4h 50m 20s
		17430 Time iteration: 0.74 | Time plot: 0.00 | Simulation time: 4h 50m 30s
		17440 Time iteration: 0.74 | Time plot: 0.70 | Simulation time: 4h 50m 40s
		17450 Time iteration: 0.74 | Time plot: 0.00 | Simulation time: 4h 50m 50s
		17460 Time iteration: 0.75 | Time plot: 0.70 | Simulation time: 4h 51m 0s
		17470 Time iteration: 0.74 | Time plot: 0.00 | Simulation time: 4h 51m 10s
		17480 Time iteration: 0.75 | Time plot: 0.69 | Simulation time: 4h 51m 20s
		17490 Time iteration: 0.79 | Time plot: 0.00 | Simulation time: 4h 51m 30s
		17500 Time iteration: 0.85 | Time plot: 0.72 | Simulation time: 4h 51m 40s
		17510 Time iteration: 0.74 | Time plot: 0.00 | Simulation time: 4h 51m 50s
		17520 Time iteration: 0.73 | Time plot: 1.12 | Simulation time: 4h 52m 0s
		17530 Time iteration: 0.77 | Time plot: 0.00 | Simulation time: 4h 52m 10s
		17540 Time iteration: 0.75 | Time plot: 0.73 | Simulation time: 4h 52m 20s
		17550 Time iteration: 0.74 | Time plot: 0.00 | Simulation time: 4h 52m 30s
		17560 Time iteration: 0.74 | Time plot: 0.68 | Simulation time: 4h 52m 40s
		17570 Time iteration: 0.75 | Time plot: 0.00 | Simulation time: 4h 52m 50s
		17580 Time iteration: 0.74 | Time plot: 0.71 | Simulation time: 4h 53m 0s
		17590 Time iteration: 0.74 | Time plot: 0.00 | Simulation time: 4h 53m 10s
		17600 Time iteration: 0.88 | Time plot: 0.69 | Simulation time: 4h 53m 20s
		17610 Time iteration: 0.74 | Time plot: 0.00 | Simulation time: 4h 53m 30s
		17620 Time iteration: 0.73 | Time plot: 0.69 | Simulation time: 4h 53m 40s
		17630 Time iteration: 0.75 | Time plot: 0.00 | Simulation time: 4h 53m 50s
		17640 Time iteration: 0.75 | Time plot: 0.74 | Simulation time: 4h 54m 0s
		17650 Time iteration: 0.74 | Time plot: 0.00 | Simulation time: 4h 54m 10s
!! Cue_plane2_sat1: Observed Target 101 at off-nadir 0.0 deg
		17660 Time iteration: 1.97 | Time plot: 0.76 | Simulation time: 4h 54m 20s
		17670 Time iteration: 0.73 | Time plot: 0.00 | Simulation time: 4h 54m 30s
		17680 Time iteration: 0.73 | Time plot: 0.71 | Simulation time: 4h 54m 40s
		17690 Time iteration: 0.73 | Time plot: 0.00 | Simulation time: 4h 54m 50s
		17700 Time iteration: 0.86 | Time plot: 0.68 | Simulation time: 4h 55m 0s
		17710 Time iteration: 0.73 | Time plot: 0.00 | Simulation time: 4h 55m 10s
		17720 Time iteration: 0.71 | Time plot: 0.68 | Simulation time: 4h 55m 20s
!! Cue_plane0_sat1: Confirmed Target 101=whale (actual=whale)
		17730 Time iteration: 0.74 | Time plot: 0.00 | Simulation time: 4h 55m 30s
		17740 Time iteration: 0.74 | Time plot: 0.67 | Simulation time: 4h 55m 40s
		17750 Time iteration: 0.73 | Time plot: 0.00 | Simulation time: 4h 55m 50s
		17760 Time iteration: 0.73 | Time plot: 0.69 | Simulation time: 4h 56m 0s
		17770 Time iteration: 0.73 | Time plot: 0.00 | Simulation time: 4h 56m 10s
		17780 Time iteration: 0.72 | Time plot: 0.67 | Simulation time: 4h 56m 20s
		17790 Time iteration: 0.73 | Time plot: 0.00 | Simulation time: 4h 56m 30s
		17800 Time iteration: 0.86 | Time plot: 0.67 | Simulation time: 4h 56m 40s
		17810 Time iteration: 0.74 | Time plot: 0.00 | Simulation time: 4h 56m 50s
		17820 Time iteration: 0.72 | Time plot: 0.67 | Simulation time: 4h 57m 0s
		17830 Time iteration: 0.73 | Time plot: 0.00 | Simulation time: 4h 57m 10s
		17840 Time iteration: 0.73 | Time plot: 0.67 | Simulation time: 4h 57m 20s
		17850 Time iteration: 0.74 | Time plot: 0.00 | Simulation time: 4h 57m 30s
		17860 Time iteration: 0.75 | Time plot: 0.70 | Simulation time: 4h 57m 40s
		17870 Time iteration: 0.78 | Time plot: 0.00 | Simulation time: 4h 57m 50s
		17880 Time iteration: 0.75 | Time plot: 0.67 | Simulation time: 4h 58m 0s
		17890 Time iteration: 0.74 | Time plot: 0.00 | Simulation time: 4h 58m 10s
		17900 Time iteration: 0.86 | Time plot: 0.70 | Simulation time: 4h 58m 20s
		17910 Time iteration: 0.96 | Time plot: 0.00 | Simulation time: 4h 58m 30s
		17920 Time iteration: 0.76 | Time plot: 0.69 | Simulation time: 4h 58m 40s
		17930 Time iteration: 0.74 | Time plot: 0.00 | Simulation time: 4h 58m 50s
		17940 Time iteration: 0.73 | Time plot: 0.68 | Simulation time: 4h 59m 0s
		17950 Time iteration: 0.72 | Time plot: 0.00 | Simulation time: 4h 59m 10s
		17960 Time iteration: 0.73 | Time plot: 0.70 | Simulation time: 4h 59m 20s
		17970 Time iteration: 0.73 | Time plot: 0.00 | Simulation time: 4h 59m 30s
		17980 Time iteration: 0.72 | Time plot: 0.69 | Simulation time: 4h 59m 40s
		17990 Time iteration: 0.72 | Time plot: 0.00 | Simulation time: 4h 59m 50s
		18000 Time iteration: 0.90 | Time plot: 0.71 | Simulation time: 5h 0m 0s
		18010 Time iteration: 0.75 | Time plot: 0.00 | Simulation time: 5h 0m 10s
		18020 Time iteration: 0.72 | Time plot: 0.71 | Simulation time: 5h 0m 20s
		18030 Time iteration: 0.74 | Time plot: 0.00 | Simulation time: 5h 0m 30s
		18040 Time iteration: 0.73 | Time plot: 0.72 | Simulation time: 5h 0m 40s
		18050 Time iteration: 0.81 | Time plot: 0.00 | Simulation time: 5h 0m 50s
		18060 Time iteration: 0.71 | Time plot: 0.69 | Simulation time: 5h 1m 0s
		18070 Time iteration: 0.72 | Time plot: 0.00 | Simulation time: 5h 1m 10s
		18080 Time iteration: 0.73 | Time plot: 0.69 | Simulation time: 5h 1m 20s
		18090 Time iteration: 0.74 | Time plot: 0.00 | Simulation time: 5h 1m 30s
		18100 Time iteration: 0.85 | Time plot: 0.70 | Simulation time: 5h 1m 40s
		18110 Time iteration: 0.71 | Time plot: 0.00 | Simulation time: 5h 1m 50s
		18120 Time iteration: 0.73 | Time plot: 0.69 | Simulation time: 5h 2m 0s
		18130 Time iteration: 0.72 | Time plot: 0.00 | Simulation time: 5h 2m 10s
		18140 Time iteration: 0.72 | Time plot: 0.73 | Simulation time: 5h 2m 20s
		18150 Time iteration: 0.72 | Time plot: 0.00 | Simulation time: 5h 2m 30s
		18160 Time iteration: 0.73 | Time plot: 0.69 | Simulation time: 5h 2m 40s
		18170 Time iteration: 0.72 | Time plot: 0.00 | Simulation time: 5h 2m 50s
		18180 Time iteration: 0.76 | Time plot: 0.71 | Simulation time: 5h 3m 0s
		18190 Time iteration: 0.73 | Time plot: 0.00 | Simulation time: 5h 3m 10s
		18200 Time iteration: 0.86 | Time plot: 0.69 | Simulation time: 5h 3m 20s
		18210 Time iteration: 0.73 | Time plot: 0.00 | Simulation time: 5h 3m 30s
		18220 Time iteration: 0.74 | Time plot: 0.67 | Simulation time: 5h 3m 40s
		18230 Time iteration: 0.79 | Time plot: 0.00 | Simulation time: 5h 3m 50s
		18240 Time iteration: 0.74 | Time plot: 0.72 | Simulation time: 5h 4m 0s
		18250 Time iteration: 0.74 | Time plot: 0.00 | Simulation time: 5h 4m 10s
		18260 Time iteration: 0.75 | Time plot: 0.80 | Simulation time: 5h 4m 20s
		18270 Time iteration: 0.84 | Time plot: 0.00 | Simulation time: 5h 4m 30s
		18280 Time iteration: 0.74 | Time plot: 0.81 | Simulation time: 5h 4m 40s
		18290 Time iteration: 0.75 | Time plot: 0.00 | Simulation time: 5h 4m 50s
		18300 Time iteration: 0.86 | Time plot: 0.72 | Simulation time: 5h 5m 0s
		18310 Time iteration: 0.77 | Time plot: 0.00 | Simulation time: 5h 5m 10s
		18320 Time iteration: 0.74 | Time plot: 0.69 | Simulation time: 5h 5m 20s
		18330 Time iteration: 0.79 | Time plot: 0.00 | Simulation time: 5h 5m 30s
		18340 Time iteration: 0.75 | Time plot: 0.68 | Simulation time: 5h 5m 40s
		18350 Time iteration: 0.74 | Time plot: 0.00 | Simulation time: 5h 5m 50s
		18360 Time iteration: 0.77 | Time plot: 0.69 | Simulation time: 5h 6m 0s
		18370 Time iteration: 0.73 | Time plot: 0.00 | Simulation time: 5h 6m 10s
		18380 Time iteration: 0.76 | Time plot: 0.68 | Simulation time: 5h 6m 20s
		18390 Time iteration: 0.74 | Time plot: 0.00 | Simulation time: 5h 6m 30s
		18400 Time iteration: 0.87 | Time plot: 0.67 | Simulation time: 5h 6m 40s
		18410 Time iteration: 0.82 | Time plot: 0.00 | Simulation time: 5h 6m 50s
		18420 Time iteration: 0.76 | Time plot: 0.71 | Simulation time: 5h 7m 0s
		18430 Time iteration: 0.76 | Time plot: 0.00 | Simulation time: 5h 7m 10s
		18440 Time iteration: 0.75 | Time plot: 0.68 | Simulation time: 5h 7m 20s
		18450 Time iteration: 0.75 | Time plot: 0.00 | Simulation time: 5h 7m 30s
		18460 Time iteration: 0.77 | Time plot: 0.69 | Simulation time: 5h 7m 40s
		18470 Time iteration: 0.82 | Time plot: 0.00 | Simulation time: 5h 7m 50s
		18480 Time iteration: 0.77 | Time plot: 0.89 | Simulation time: 5h 8m 0s
		18490 Time iteration: 0.79 | Time plot: 0.00 | Simulation time: 5h 8m 10s
		18500 Time iteration: 0.96 | Time plot: 0.73 | Simulation time: 5h 8m 20s
		18510 Time iteration: 0.76 | Time plot: 0.00 | Simulation time: 5h 8m 30s
		18520 Time iteration: 0.75 | Time plot: 0.78 | Simulation time: 5h 8m 40s
		18530 Time iteration: 0.77 | Time plot: 0.00 | Simulation time: 5h 8m 50s
		18540 Time iteration: 0.76 | Time plot: 1.29 | Simulation time: 5h 9m 0s
		18550 Time iteration: 0.76 | Time plot: 0.00 | Simulation time: 5h 9m 10s
		18560 Time iteration: 0.77 | Time plot: 0.86 | Simulation time: 5h 9m 20s
		18570 Time iteration: 0.75 | Time plot: 0.00 | Simulation time: 5h 9m 30s
		18580 Time iteration: 0.78 | Time plot: 0.72 | Simulation time: 5h 9m 40s
		18590 Time iteration: 0.76 | Time plot: 0.00 | Simulation time: 5h 9m 50s
		18600 Time iteration: 0.98 | Time plot: 1.11 | Simulation time: 5h 10m 0s
		18610 Time iteration: 0.77 | Time plot: 0.00 | Simulation time: 5h 10m 10s
		18620 Time iteration: 0.75 | Time plot: 0.70 | Simulation time: 5h 10m 20s
		18630 Time iteration: 0.76 | Time plot: 0.00 | Simulation time: 5h 10m 30s
		18640 Time iteration: 0.75 | Time plot: 0.69 | Simulation time: 5h 10m 40s
		18650 Time iteration: 0.76 | Time plot: 0.00 | Simulation time: 5h 10m 50s
		18660 Time iteration: 0.77 | Time plot: 0.69 | Simulation time: 5h 11m 0s
		18670 Time iteration: 0.77 | Time plot: 0.00 | Simulation time: 5h 11m 10s
		18680 Time iteration: 0.76 | Time plot: 0.73 | Simulation time: 5h 11m 20s
		18690 Time iteration: 0.75 | Time plot: 0.00 | Simulation time: 5h 11m 30s
		18700 Time iteration: 1.08 | Time plot: 1.18 | Simulation time: 5h 11m 40s
		18710 Time iteration: 0.78 | Time plot: 0.00 | Simulation time: 5h 11m 50s
		18720 Time iteration: 0.77 | Time plot: 0.83 | Simulation time: 5h 12m 0s
		18730 Time iteration: 0.79 | Time plot: 0.00 | Simulation time: 5h 12m 10s
		18740 Time iteration: 0.77 | Time plot: 0.72 | Simulation time: 5h 12m 20s
		18750 Time iteration: 0.76 | Time plot: 0.00 | Simulation time: 5h 12m 30s
		18760 Time iteration: 0.77 | Time plot: 0.69 | Simulation time: 5h 12m 40s
		18770 Time iteration: 0.75 | Time plot: 0.00 | Simulation time: 5h 12m 50s
		18780 Time iteration: 0.76 | Time plot: 0.70 | Simulation time: 5h 13m 0s
		18790 Time iteration: 0.76 | Time plot: 0.00 | Simulation time: 5h 13m 10s
		18800 Time iteration: 0.86 | Time plot: 0.69 | Simulation time: 5h 13m 20s
		18810 Time iteration: 0.77 | Time plot: 0.00 | Simulation time: 5h 13m 30s
		18820 Time iteration: 0.75 | Time plot: 0.67 | Simulation time: 5h 13m 40s
		18830 Time iteration: 0.76 | Time plot: 0.00 | Simulation time: 5h 13m 50s
		18840 Time iteration: 0.77 | Time plot: 0.69 | Simulation time: 5h 14m 0s
		18850 Time iteration: 0.78 | Time plot: 0.00 | Simulation time: 5h 14m 10s
		18860 Time iteration: 0.76 | Time plot: 0.70 | Simulation time: 5h 14m 20s
		18870 Time iteration: 0.75 | Time plot: 0.00 | Simulation time: 5h 14m 30s
		18880 Time iteration: 0.75 | Time plot: 0.68 | Simulation time: 5h 14m 40s
		18890 Time iteration: 0.75 | Time plot: 0.00 | Simulation time: 5h 14m 50s
		18900 Time iteration: 0.90 | Time plot: 0.69 | Simulation time: 5h 15m 0s
		18910 Time iteration: 0.76 | Time plot: 0.00 | Simulation time: 5h 15m 10s
		18920 Time iteration: 0.75 | Time plot: 0.68 | Simulation time: 5h 15m 20s
		18930 Time iteration: 0.76 | Time plot: 0.00 | Simulation time: 5h 15m 30s
		18940 Time iteration: 0.76 | Time plot: 0.67 | Simulation time: 5h 15m 40s
		18950 Time iteration: 0.75 | Time plot: 0.00 | Simulation time: 5h 15m 50s
		18960 Time iteration: 0.74 | Time plot: 0.68 | Simulation time: 5h 16m 0s
		18970 Time iteration: 0.75 | Time plot: 0.00 | Simulation time: 5h 16m 10s
		18980 Time iteration: 0.74 | Time plot: 0.67 | Simulation time: 5h 16m 20s
		18990 Time iteration: 0.78 | Time plot: 0.00 | Simulation time: 5h 16m 30s
		19000 Time iteration: 0.85 | Time plot: 0.67 | Simulation time: 5h 16m 40s
		19010 Time iteration: 0.73 | Time plot: 0.00 | Simulation time: 5h 16m 50s
		19020 Time iteration: 0.74 | Time plot: 0.70 | Simulation time: 5h 17m 0s
		19030 Time iteration: 0.74 | Time plot: 0.00 | Simulation time: 5h 17m 10s
		19040 Time iteration: 0.77 | Time plot: 0.71 | Simulation time: 5h 17m 20s
		19050 Time iteration: 0.76 | Time plot: 0.00 | Simulation time: 5h 17m 30s
		19060 Time iteration: 0.72 | Time plot: 0.68 | Simulation time: 5h 17m 40s
		19070 Time iteration: 0.74 | Time plot: 0.00 | Simulation time: 5h 17m 50s
		19080 Time iteration: 0.72 | Time plot: 0.67 | Simulation time: 5h 18m 0s
		19090 Time iteration: 0.73 | Time plot: 0.00 | Simulation time: 5h 18m 10s
		19100 Time iteration: 0.86 | Time plot: 0.67 | Simulation time: 5h 18m 20s
		19110 Time iteration: 0.75 | Time plot: 0.00 | Simulation time: 5h 18m 30s
		19120 Time iteration: 0.73 | Time plot: 0.66 | Simulation time: 5h 18m 40s
		19130 Time iteration: 0.75 | Time plot: 0.00 | Simulation time: 5h 18m 50s
		19140 Time iteration: 0.73 | Time plot: 0.69 | Simulation time: 5h 19m 0s
		19150 Time iteration: 0.73 | Time plot: 0.00 | Simulation time: 5h 19m 10s
		19160 Time iteration: 0.73 | Time plot: 0.69 | Simulation time: 5h 19m 20s
		19170 Time iteration: 0.75 | Time plot: 0.00 | Simulation time: 5h 19m 30s
		19180 Time iteration: 0.73 | Time plot: 0.69 | Simulation time: 5h 19m 40s
		19190 Time iteration: 0.73 | Time plot: 0.00 | Simulation time: 5h 19m 50s
		19200 Time iteration: 0.87 | Time plot: 0.69 | Simulation time: 5h 20m 0s
		19210 Time iteration: 0.72 | Time plot: 0.00 | Simulation time: 5h 20m 10s
		19220 Time iteration: 0.76 | Time plot: 0.71 | Simulation time: 5h 20m 20s
		19230 Time iteration: 0.73 | Time plot: 0.00 | Simulation time: 5h 20m 30s
		19240 Time iteration: 0.73 | Time plot: 0.69 | Simulation time: 5h 20m 40s
		19250 Time iteration: 0.73 | Time plot: 0.00 | Simulation time: 5h 20m 50s
		19260 Time iteration: 0.72 | Time plot: 0.70 | Simulation time: 5h 21m 0s
		19270 Time iteration: 0.73 | Time plot: 0.00 | Simulation time: 5h 21m 10s
		19280 Time iteration: 0.72 | Time plot: 0.69 | Simulation time: 5h 21m 20s
		19290 Time iteration: 0.74 | Time plot: 0.00 | Simulation time: 5h 21m 30s
		19300 Time iteration: 0.85 | Time plot: 0.69 | Simulation time: 5h 21m 40s
		19310 Time iteration: 0.71 | Time plot: 0.00 | Simulation time: 5h 21m 50s
		19320 Time iteration: 0.74 | Time plot: 0.84 | Simulation time: 5h 22m 0s
		19330 Time iteration: 0.72 | Time plot: 0.00 | Simulation time: 5h 22m 10s
		19340 Time iteration: 0.73 | Time plot: 0.68 | Simulation time: 5h 22m 20s
		19350 Time iteration: 0.73 | Time plot: 0.00 | Simulation time: 5h 22m 30s
		19360 Time iteration: 0.73 | Time plot: 0.70 | Simulation time: 5h 22m 40s
		19370 Time iteration: 0.72 | Time plot: 0.00 | Simulation time: 5h 22m 50s
		19380 Time iteration: 0.75 | Time plot: 0.71 | Simulation time: 5h 23m 0s
		19390 Time iteration: 0.73 | Time plot: 0.00 | Simulation time: 5h 23m 10s
		19400 Time iteration: 0.86 | Time plot: 0.70 | Simulation time: 5h 23m 20s
		19410 Time iteration: 0.72 | Time plot: 0.00 | Simulation time: 5h 23m 30s
		19420 Time iteration: 0.74 | Time plot: 1.38 | Simulation time: 5h 23m 40s
		19430 Time iteration: 0.75 | Time plot: 0.00 | Simulation time: 5h 23m 50s
		19440 Time iteration: 0.73 | Time plot: 0.85 | Simulation time: 5h 24m 0s
		19450 Time iteration: 0.74 | Time plot: 0.00 | Simulation time: 5h 24m 10s
		19460 Time iteration: 0.73 | Time plot: 0.69 | Simulation time: 5h 24m 20s
		19470 Time iteration: 0.77 | Time plot: 0.00 | Simulation time: 5h 24m 30s
		19480 Time iteration: 0.75 | Time plot: 0.67 | Simulation time: 5h 24m 40s
		19490 Time iteration: 0.73 | Time plot: 0.00 | Simulation time: 5h 24m 50s
		19500 Time iteration: 0.92 | Time plot: 0.72 | Simulation time: 5h 25m 0s
		19510 Time iteration: 0.72 | Time plot: 0.00 | Simulation time: 5h 25m 10s
		19520 Time iteration: 0.74 | Time plot: 0.70 | Simulation time: 5h 25m 20s
		19530 Time iteration: 0.74 | Time plot: 0.00 | Simulation time: 5h 25m 30s
		19540 Time iteration: 0.74 | Time plot: 0.71 | Simulation time: 5h 25m 40s
		19550 Time iteration: 0.72 | Time plot: 0.00 | Simulation time: 5h 25m 50s
		19560 Time iteration: 0.73 | Time plot: 0.72 | Simulation time: 5h 26m 0s
		19570 Time iteration: 0.72 | Time plot: 0.00 | Simulation time: 5h 26m 10s
		19580 Time iteration: 0.74 | Time plot: 0.69 | Simulation time: 5h 26m 20s
		19590 Time iteration: 0.73 | Time plot: 0.00 | Simulation time: 5h 26m 30s
		19600 Time iteration: 0.86 | Time plot: 0.69 | Simulation time: 5h 26m 40s
		19610 Time iteration: 0.72 | Time plot: 0.00 | Simulation time: 5h 26m 50s
		19620 Time iteration: 0.74 | Time plot: 0.71 | Simulation time: 5h 27m 0s
		19630 Time iteration: 0.73 | Time plot: 0.00 | Simulation time: 5h 27m 10s
		19640 Time iteration: 0.73 | Time plot: 0.77 | Simulation time: 5h 27m 20s
		19650 Time iteration: 0.74 | Time plot: 0.00 | Simulation time: 5h 27m 30s
		19660 Time iteration: 0.75 | Time plot: 0.77 | Simulation time: 5h 27m 40s
		19670 Time iteration: 0.73 | Time plot: 0.00 | Simulation time: 5h 27m 50s
		19680 Time iteration: 0.76 | Time plot: 0.75 | Simulation time: 5h 28m 0s
		19690 Time iteration: 0.73 | Time plot: 0.00 | Simulation time: 5h 28m 10s
		19700 Time iteration: 0.84 | Time plot: 1.01 | Simulation time: 5h 28m 20s
		19710 Time iteration: 0.75 | Time plot: 0.00 | Simulation time: 5h 28m 30s
		19720 Time iteration: 0.73 | Time plot: 0.90 | Simulation time: 5h 28m 40s
		19730 Time iteration: 0.76 | Time plot: 0.00 | Simulation time: 5h 28m 50s
		19740 Time iteration: 0.77 | Time plot: 0.90 | Simulation time: 5h 29m 0s
		19750 Time iteration: 0.74 | Time plot: 0.00 | Simulation time: 5h 29m 10s
		19760 Time iteration: 0.75 | Time plot: 0.84 | Simulation time: 5h 29m 20s
		19770 Time iteration: 0.74 | Time plot: 0.00 | Simulation time: 5h 29m 30s
		19780 Time iteration: 0.76 | Time plot: 0.70 | Simulation time: 5h 29m 40s
		19790 Time iteration: 0.75 | Time plot: 0.00 | Simulation time: 5h 29m 50s
		19800 Time iteration: 1.19 | Time plot: 1.47 | Simulation time: 5h 30m 0s
		19810 Time iteration: 0.96 | Time plot: 0.00 | Simulation time: 5h 30m 10s
		19820 Time iteration: 0.76 | Time plot: 0.69 | Simulation time: 5h 30m 20s
		19830 Time iteration: 0.75 | Time plot: 0.00 | Simulation time: 5h 30m 30s
		19840 Time iteration: 0.99 | Time plot: 0.73 | Simulation time: 5h 30m 40s
		19850 Time iteration: 0.74 | Time plot: 0.00 | Simulation time: 5h 30m 50s
		19860 Time iteration: 0.74 | Time plot: 0.68 | Simulation time: 5h 31m 0s
		19870 Time iteration: 0.75 | Time plot: 0.00 | Simulation time: 5h 31m 10s
		19880 Time iteration: 0.76 | Time plot: 0.70 | Simulation time: 5h 31m 20s
		19890 Time iteration: 0.75 | Time plot: 0.00 | Simulation time: 5h 31m 30s
		19900 Time iteration: 0.88 | Time plot: 0.69 | Simulation time: 5h 31m 40s
		19910 Time iteration: 0.74 | Time plot: 0.00 | Simulation time: 5h 31m 50s
		19920 Time iteration: 0.75 | Time plot: 0.74 | Simulation time: 5h 32m 0s
		19930 Time iteration: 0.76 | Time plot: 0.00 | Simulation time: 5h 32m 10s
		19940 Time iteration: 0.75 | Time plot: 0.70 | Simulation time: 5h 32m 20s
		19950 Time iteration: 0.74 | Time plot: 0.00 | Simulation time: 5h 32m 30s
		19960 Time iteration: 0.75 | Time plot: 0.73 | Simulation time: 5h 32m 40s
		19970 Time iteration: 0.74 | Time plot: 0.00 | Simulation time: 5h 32m 50s
		19980 Time iteration: 0.80 | Time plot: 0.75 | Simulation time: 5h 33m 0s
		19990 Time iteration: 0.75 | Time plot: 0.00 | Simulation time: 5h 33m 10s
		20000 Time iteration: 1.17 | Time plot: 1.03 | Simulation time: 5h 33m 20s
		20010 Time iteration: 0.76 | Time plot: 0.00 | Simulation time: 5h 33m 30s
		20020 Time iteration: 0.77 | Time plot: 0.68 | Simulation time: 5h 33m 40s
		20030 Time iteration: 0.77 | Time plot: 0.00 | Simulation time: 5h 33m 50s
		20040 Time iteration: 0.77 | Time plot: 0.70 | Simulation time: 5h 34m 0s
		20050 Time iteration: 0.75 | Time plot: 0.00 | Simulation time: 5h 34m 10s
		20060 Time iteration: 0.78 | Time plot: 0.68 | Simulation time: 5h 34m 20s
		20070 Time iteration: 0.80 | Time plot: 0.00 | Simulation time: 5h 34m 30s
		20080 Time iteration: 0.79 | Time plot: 0.68 | Simulation time: 5h 34m 40s
		20090 Time iteration: 0.77 | Time plot: 0.00 | Simulation time: 5h 34m 50s
		20100 Time iteration: 0.92 | Time plot: 0.67 | Simulation time: 5h 35m 0s
		20110 Time iteration: 0.76 | Time plot: 0.00 | Simulation time: 5h 35m 10s
		20120 Time iteration: 0.77 | Time plot: 0.70 | Simulation time: 5h 35m 20s
		20130 Time iteration: 0.76 | Time plot: 0.00 | Simulation time: 5h 35m 30s
		20140 Time iteration: 0.77 | Time plot: 0.71 | Simulation time: 5h 35m 40s
		20150 Time iteration: 0.78 | Time plot: 0.00 | Simulation time: 5h 35m 50s
		20160 Time iteration: 0.78 | Time plot: 0.76 | Simulation time: 5h 36m 0s
		20170 Time iteration: 0.75 | Time plot: 0.00 | Simulation time: 5h 36m 10s
		20180 Time iteration: 0.77 | Time plot: 0.69 | Simulation time: 5h 36m 20s
		20190 Time iteration: 0.75 | Time plot: 0.00 | Simulation time: 5h 36m 30s
		20200 Time iteration: 0.88 | Time plot: 0.69 | Simulation time: 5h 36m 40s
		20210 Time iteration: 0.74 | Time plot: 0.00 | Simulation time: 5h 36m 50s
		20220 Time iteration: 0.74 | Time plot: 0.69 | Simulation time: 5h 37m 0s
		20230 Time iteration: 0.82 | Time plot: 0.00 | Simulation time: 5h 37m 10s
		20240 Time iteration: 0.76 | Time plot: 0.72 | Simulation time: 5h 37m 20s
		20250 Time iteration: 0.78 | Time plot: 0.00 | Simulation time: 5h 37m 30s
		20260 Time iteration: 0.76 | Time plot: 0.68 | Simulation time: 5h 37m 40s
		20270 Time iteration: 0.75 | Time plot: 0.00 | Simulation time: 5h 37m 50s
		20280 Time iteration: 0.76 | Time plot: 0.73 | Simulation time: 5h 38m 0s
		20290 Time iteration: 0.78 | Time plot: 0.00 | Simulation time: 5h 38m 10s
		20300 Time iteration: 0.88 | Time plot: 0.68 | Simulation time: 5h 38m 20s
		20310 Time iteration: 0.75 | Time plot: 0.00 | Simulation time: 5h 38m 30s
		20320 Time iteration: 0.75 | Time plot: 0.68 | Simulation time: 5h 38m 40s
		20330 Time iteration: 0.74 | Time plot: 0.00 | Simulation time: 5h 38m 50s
		20340 Time iteration: 0.74 | Time plot: 0.70 | Simulation time: 5h 39m 0s
		20350 Time iteration: 0.74 | Time plot: 0.00 | Simulation time: 5h 39m 10s
		20360 Time iteration: 0.75 | Time plot: 0.67 | Simulation time: 5h 39m 20s
		20370 Time iteration: 0.76 | Time plot: 0.00 | Simulation time: 5h 39m 30s
		20380 Time iteration: 0.82 | Time plot: 0.76 | Simulation time: 5h 39m 40s
		20390 Time iteration: 0.76 | Time plot: 0.00 | Simulation time: 5h 39m 50s
		20400 Time iteration: 0.88 | Time plot: 0.70 | Simulation time: 5h 40m 0s
		20410 Time iteration: 0.74 | Time plot: 0.00 | Simulation time: 5h 40m 10s
		20420 Time iteration: 0.74 | Time plot: 0.74 | Simulation time: 5h 40m 20s
		20430 Time iteration: 0.75 | Time plot: 0.00 | Simulation time: 5h 40m 30s
		20440 Time iteration: 0.74 | Time plot: 0.71 | Simulation time: 5h 40m 40s
		20450 Time iteration: 0.77 | Time plot: 0.00 | Simulation time: 5h 40m 50s
		20460 Time iteration: 0.74 | Time plot: 0.69 | Simulation time: 5h 41m 0s
		20470 Time iteration: 0.75 | Time plot: 0.00 | Simulation time: 5h 41m 10s
		20480 Time iteration: 0.75 | Time plot: 1.26 | Simulation time: 5h 41m 20s
		20490 Time iteration: 0.74 | Time plot: 0.00 | Simulation time: 5h 41m 30s
		20500 Time iteration: 0.87 | Time plot: 1.15 | Simulation time: 5h 41m 40s
		20510 Time iteration: 0.74 | Time plot: 0.00 | Simulation time: 5h 41m 50s
		20520 Time iteration: 0.75 | Time plot: 0.73 | Simulation time: 5h 42m 0s
		20530 Time iteration: 0.76 | Time plot: 0.00 | Simulation time: 5h 42m 10s
		20540 Time iteration: 1.05 | Time plot: 0.77 | Simulation time: 5h 42m 20s
		20550 Time iteration: 1.05 | Time plot: 0.00 | Simulation time: 5h 42m 30s
		20560 Time iteration: 0.78 | Time plot: 0.82 | Simulation time: 5h 42m 40s
		20570 Time iteration: 0.75 | Time plot: 0.00 | Simulation time: 5h 42m 50s
		20580 Time iteration: 0.74 | Time plot: 0.71 | Simulation time: 5h 43m 0s
		20590 Time iteration: 0.87 | Time plot: 0.00 | Simulation time: 5h 43m 10s
		20600 Time iteration: 0.86 | Time plot: 0.70 | Simulation time: 5h 43m 20s
		20610 Time iteration: 0.73 | Time plot: 0.00 | Simulation time: 5h 43m 30s
		20620 Time iteration: 0.77 | Time plot: 0.70 | Simulation time: 5h 43m 40s
		20630 Time iteration: 0.73 | Time plot: 0.00 | Simulation time: 5h 43m 50s
		20640 Time iteration: 0.72 | Time plot: 0.68 | Simulation time: 5h 44m 0s
		20650 Time iteration: 0.74 | Time plot: 0.00 | Simulation time: 5h 44m 10s
		20660 Time iteration: 0.73 | Time plot: 0.69 | Simulation time: 5h 44m 20s
		20670 Time iteration: 0.75 | Time plot: 0.00 | Simulation time: 5h 44m 30s
		20680 Time iteration: 0.79 | Time plot: 0.68 | Simulation time: 5h 44m 40s
		20690 Time iteration: 0.73 | Time plot: 0.00 | Simulation time: 5h 44m 50s
		20700 Time iteration: 0.92 | Time plot: 0.91 | Simulation time: 5h 45m 0s
		20710 Time iteration: 0.72 | Time plot: 0.00 | Simulation time: 5h 45m 10s
		20720 Time iteration: 0.73 | Time plot: 0.71 | Simulation time: 5h 45m 20s
		20730 Time iteration: 0.72 | Time plot: 0.00 | Simulation time: 5h 45m 30s
		20740 Time iteration: 0.95 | Time plot: 0.73 | Simulation time: 5h 45m 40s
		20750 Time iteration: 0.75 | Time plot: 0.00 | Simulation time: 5h 45m 50s
		20760 Time iteration: 0.75 | Time plot: 0.68 | Simulation time: 5h 46m 0s
		20770 Time iteration: 0.76 | Time plot: 0.00 | Simulation time: 5h 46m 10s
		20780 Time iteration: 0.75 | Time plot: 0.68 | Simulation time: 5h 46m 20s
		20790 Time iteration: 0.75 | Time plot: 0.00 | Simulation time: 5h 46m 30s
		20800 Time iteration: 0.88 | Time plot: 0.69 | Simulation time: 5h 46m 40s
		20810 Time iteration: 0.75 | Time plot: 0.00 | Simulation time: 5h 46m 50s
		20820 Time iteration: 0.75 | Time plot: 0.70 | Simulation time: 5h 47m 0s
		20830 Time iteration: 0.74 | Time plot: 0.00 | Simulation time: 5h 47m 10s
		20840 Time iteration: 0.75 | Time plot: 0.68 | Simulation time: 5h 47m 20s
		20850 Time iteration: 0.74 | Time plot: 0.00 | Simulation time: 5h 47m 30s
		20860 Time iteration: 0.74 | Time plot: 0.68 | Simulation time: 5h 47m 40s
		20870 Time iteration: 0.73 | Time plot: 0.00 | Simulation time: 5h 47m 50s
		20880 Time iteration: 0.74 | Time plot: 0.69 | Simulation time: 5h 48m 0s
		20890 Time iteration: 0.73 | Time plot: 0.00 | Simulation time: 5h 48m 10s
		20900 Time iteration: 0.87 | Time plot: 0.71 | Simulation time: 5h 48m 20s
		20910 Time iteration: 0.74 | Time plot: 0.00 | Simulation time: 5h 48m 30s
		20920 Time iteration: 0.74 | Time plot: 0.68 | Simulation time: 5h 48m 40s
		20930 Time iteration: 0.74 | Time plot: 0.00 | Simulation time: 5h 48m 50s
		20940 Time iteration: 0.74 | Time plot: 0.70 | Simulation time: 5h 49m 0s
		20950 Time iteration: 0.98 | Time plot: 0.00 | Simulation time: 5h 49m 10s
		20960 Time iteration: 0.73 | Time plot: 0.69 | Simulation time: 5h 49m 20s
		20970 Time iteration: 0.73 | Time plot: 0.00 | Simulation time: 5h 49m 30s
		20980 Time iteration: 0.76 | Time plot: 0.67 | Simulation time: 5h 49m 40s
		20990 Time iteration: 0.73 | Time plot: 0.00 | Simulation time: 5h 49m 50s
		21000 Time iteration: 0.87 | Time plot: 0.69 | Simulation time: 5h 50m 0s
		21010 Time iteration: 0.74 | Time plot: 0.00 | Simulation time: 5h 50m 10s
		21020 Time iteration: 0.80 | Time plot: 0.82 | Simulation time: 5h 50m 20s
		21030 Time iteration: 0.77 | Time plot: 0.00 | Simulation time: 5h 50m 30s
		21040 Time iteration: 0.73 | Time plot: 0.67 | Simulation time: 5h 50m 40s
		21050 Time iteration: 0.73 | Time plot: 0.00 | Simulation time: 5h 50m 50s
		21060 Time iteration: 0.72 | Time plot: 0.70 | Simulation time: 5h 51m 0s
		21070 Time iteration: 0.72 | Time plot: 0.00 | Simulation time: 5h 51m 10s
		21080 Time iteration: 0.74 | Time plot: 0.69 | Simulation time: 5h 51m 20s
		21090 Time iteration: 0.76 | Time plot: 0.00 | Simulation time: 5h 51m 30s
		21100 Time iteration: 0.87 | Time plot: 0.69 | Simulation time: 5h 51m 40s
		21110 Time iteration: 0.75 | Time plot: 0.00 | Simulation time: 5h 51m 50s
		21120 Time iteration: 0.78 | Time plot: 0.78 | Simulation time: 5h 52m 0s
		21130 Time iteration: 0.78 | Time plot: 0.00 | Simulation time: 5h 52m 10s
		21140 Time iteration: 0.76 | Time plot: 0.69 | Simulation time: 5h 52m 20s
		21150 Time iteration: 0.74 | Time plot: 0.00 | Simulation time: 5h 52m 30s
		21160 Time iteration: 0.75 | Time plot: 0.67 | Simulation time: 5h 52m 40s
		21170 Time iteration: 0.75 | Time plot: 0.00 | Simulation time: 5h 52m 50s
		21180 Time iteration: 0.75 | Time plot: 0.69 | Simulation time: 5h 53m 0s
		21190 Time iteration: 0.78 | Time plot: 0.00 | Simulation time: 5h 53m 10s
		21200 Time iteration: 0.88 | Time plot: 0.67 | Simulation time: 5h 53m 20s
		21210 Time iteration: 0.75 | Time plot: 0.00 | Simulation time: 5h 53m 30s
		21220 Time iteration: 0.78 | Time plot: 0.67 | Simulation time: 5h 53m 40s
		21230 Time iteration: 0.77 | Time plot: 0.00 | Simulation time: 5h 53m 50s
		21240 Time iteration: 0.75 | Time plot: 0.71 | Simulation time: 5h 54m 0s
		21250 Time iteration: 0.75 | Time plot: 0.00 | Simulation time: 5h 54m 10s
		21260 Time iteration: 0.74 | Time plot: 0.69 | Simulation time: 5h 54m 20s
!! Cue_plane0_sat0: Observed Target 270 at off-nadir 0.0 deg
		21270 Time iteration: 0.93 | Time plot: 0.00 | Simulation time: 5h 54m 30s
		21280 Time iteration: 0.77 | Time plot: 0.68 | Simulation time: 5h 54m 40s
		21290 Time iteration: 0.76 | Time plot: 0.00 | Simulation time: 5h 54m 50s
		21300 Time iteration: 0.87 | Time plot: 1.88 | Simulation time: 5h 55m 0s
		21310 Time iteration: 0.77 | Time plot: 0.00 | Simulation time: 5h 55m 10s
		21320 Time iteration: 0.76 | Time plot: 0.81 | Simulation time: 5h 55m 20s
!! Cue_plane0_sat0: Confirmed Target 270=whale (actual=whale)
		21330 Time iteration: 0.84 | Time plot: 0.00 | Simulation time: 5h 55m 30s
		21340 Time iteration: 0.75 | Time plot: 0.70 | Simulation time: 5h 55m 40s
		21350 Time iteration: 0.79 | Time plot: 0.00 | Simulation time: 5h 55m 50s
		21360 Time iteration: 0.77 | Time plot: 0.69 | Simulation time: 5h 56m 0s
		21370 Time iteration: 0.78 | Time plot: 0.00 | Simulation time: 5h 56m 10s
		21380 Time iteration: 0.78 | Time plot: 0.69 | Simulation time: 5h 56m 20s
		21390 Time iteration: 0.78 | Time plot: 0.00 | Simulation time: 5h 56m 30s
		21400 Time iteration: 1.10 | Time plot: 0.69 | Simulation time: 5h 56m 40s
		21410 Time iteration: 0.78 | Time plot: 0.00 | Simulation time: 5h 56m 50s
		21420 Time iteration: 0.78 | Time plot: 0.69 | Simulation time: 5h 57m 0s
		21430 Time iteration: 0.77 | Time plot: 0.00 | Simulation time: 5h 57m 10s
		21440 Time iteration: 0.75 | Time plot: 0.68 | Simulation time: 5h 57m 20s
		21450 Time iteration: 0.78 | Time plot: 0.00 | Simulation time: 5h 57m 30s
		21460 Time iteration: 0.79 | Time plot: 0.67 | Simulation time: 5h 57m 40s
		21470 Time iteration: 0.83 | Time plot: 0.00 | Simulation time: 5h 57m 50s
		21480 Time iteration: 0.79 | Time plot: 0.78 | Simulation time: 5h 58m 0s
		21490 Time iteration: 0.77 | Time plot: 0.00 | Simulation time: 5h 58m 10s
		21500 Time iteration: 1.13 | Time plot: 1.14 | Simulation time: 5h 58m 20s
		21510 Time iteration: 0.76 | Time plot: 0.00 | Simulation time: 5h 58m 30s
		21520 Time iteration: 0.79 | Time plot: 1.03 | Simulation time: 5h 58m 40s
		21530 Time iteration: 0.78 | Time plot: 0.00 | Simulation time: 5h 58m 50s
		21540 Time iteration: 0.76 | Time plot: 0.88 | Simulation time: 5h 59m 0s
		21550 Time iteration: 0.76 | Time plot: 0.00 | Simulation time: 5h 59m 10s
		21560 Time iteration: 0.81 | Time plot: 0.95 | Simulation time: 5h 59m 20s
		21570 Time iteration: 0.77 | Time plot: 0.00 | Simulation time: 5h 59m 30s
		21580 Time iteration: 0.78 | Time plot: 0.89 | Simulation time: 5h 59m 40s
		21590 Time iteration: 0.77 | Time plot: 0.00 | Simulation time: 5h 59m 50s
		21600 Time iteration: 1.10 | Time plot: 1.03 | Simulation time: 6h 0m 0s
		21610 Time iteration: 0.80 | Time plot: 0.00 | Simulation time: 6h 0m 10s
		21620 Time iteration: 0.79 | Time plot: 0.79 | Simulation time: 6h 0m 20s
		21630 Time iteration: 0.81 | Time plot: 0.00 | Simulation time: 6h 0m 30s
		21640 Time iteration: 0.79 | Time plot: 0.69 | Simulation time: 6h 0m 40s
		21650 Time iteration: 0.77 | Time plot: 0.00 | Simulation time: 6h 0m 50s
		21660 Time iteration: 0.76 | Time plot: 0.69 | Simulation time: 6h 1m 0s
		21670 Time iteration: 0.76 | Time plot: 0.00 | Simulation time: 6h 1m 10s
		21680 Time iteration: 0.77 | Time plot: 0.71 | Simulation time: 6h 1m 20s
		21690 Time iteration: 0.77 | Time plot: 0.00 | Simulation time: 6h 1m 30s
		21700 Time iteration: 1.39 | Time plot: 1.14 | Simulation time: 6h 1m 40s
		21710 Time iteration: 0.77 | Time plot: 0.00 | Simulation time: 6h 1m 50s
		21720 Time iteration: 0.77 | Time plot: 1.03 | Simulation time: 6h 2m 0s
		21730 Time iteration: 0.76 | Time plot: 0.00 | Simulation time: 6h 2m 10s
		21740 Time iteration: 0.78 | Time plot: 0.75 | Simulation time: 6h 2m 20s
		21750 Time iteration: 0.77 | Time plot: 0.00 | Simulation time: 6h 2m 30s
		21760 Time iteration: 0.82 | Time plot: 0.70 | Simulation time: 6h 2m 40s
		21770 Time iteration: 0.77 | Time plot: 0.00 | Simulation time: 6h 2m 50s
		21780 Time iteration: 0.79 | Time plot: 0.73 | Simulation time: 6h 3m 0s
		21790 Time iteration: 0.77 | Time plot: 0.00 | Simulation time: 6h 3m 10s
		21800 Time iteration: 1.05 | Time plot: 0.69 | Simulation time: 6h 3m 20s
		21810 Time iteration: 0.78 | Time plot: 0.00 | Simulation time: 6h 3m 30s
		21820 Time iteration: 0.77 | Time plot: 0.69 | Simulation time: 6h 3m 40s
		21830 Time iteration: 0.77 | Time plot: 0.00 | Simulation time: 6h 3m 50s
		21840 Time iteration: 0.74 | Time plot: 0.81 | Simulation time: 6h 4m 0s
		21850 Time iteration: 0.81 | Time plot: 0.00 | Simulation time: 6h 4m 10s
		21860 Time iteration: 0.80 | Time plot: 0.86 | Simulation time: 6h 4m 20s
		21870 Time iteration: 0.75 | Time plot: 0.00 | Simulation time: 6h 4m 30s
		21880 Time iteration: 0.74 | Time plot: 0.74 | Simulation time: 6h 4m 40s
		21890 Time iteration: 0.74 | Time plot: 0.00 | Simulation time: 6h 4m 50s
		21900 Time iteration: 1.17 | Time plot: 1.11 | Simulation time: 6h 5m 0s
		21910 Time iteration: 0.76 | Time plot: 0.00 | Simulation time: 6h 5m 10s
		21920 Time iteration: 0.75 | Time plot: 0.71 | Simulation time: 6h 5m 20s
		21930 Time iteration: 0.75 | Time plot: 0.00 | Simulation time: 6h 5m 30s
		21940 Time iteration: 0.75 | Time plot: 0.69 | Simulation time: 6h 5m 40s
		21950 Time iteration: 0.75 | Time plot: 0.00 | Simulation time: 6h 5m 50s
		21960 Time iteration: 0.73 | Time plot: 0.69 | Simulation time: 6h 6m 0s
		21970 Time iteration: 0.74 | Time plot: 0.00 | Simulation time: 6h 6m 10s
		21980 Time iteration: 0.74 | Time plot: 0.69 | Simulation time: 6h 6m 20s
		21990 Time iteration: 0.74 | Time plot: 0.00 | Simulation time: 6h 6m 30s
		22000 Time iteration: 1.18 | Time plot: 0.73 | Simulation time: 6h 6m 40s
		22010 Time iteration: 0.74 | Time plot: 0.00 | Simulation time: 6h 6m 50s
		22020 Time iteration: 0.74 | Time plot: 1.05 | Simulation time: 6h 7m 0s
		22030 Time iteration: 0.78 | Time plot: 0.00 | Simulation time: 6h 7m 10s
		22040 Time iteration: 0.73 | Time plot: 0.70 | Simulation time: 6h 7m 20s
		22050 Time iteration: 0.72 | Time plot: 0.00 | Simulation time: 6h 7m 30s
		22060 Time iteration: 0.78 | Time plot: 0.69 | Simulation time: 6h 7m 40s
		22070 Time iteration: 0.72 | Time plot: 0.00 | Simulation time: 6h 7m 50s
		22080 Time iteration: 0.73 | Time plot: 0.71 | Simulation time: 6h 8m 0s
		22090 Time iteration: 0.73 | Time plot: 0.00 | Simulation time: 6h 8m 10s
		22100 Time iteration: 0.87 | Time plot: 0.68 | Simulation time: 6h 8m 20s
		22110 Time iteration: 0.73 | Time plot: 0.00 | Simulation time: 6h 8m 30s
		22120 Time iteration: 0.77 | Time plot: 0.68 | Simulation time: 6h 8m 40s
		22130 Time iteration: 0.75 | Time plot: 0.00 | Simulation time: 6h 8m 50s
		22140 Time iteration: 0.73 | Time plot: 0.70 | Simulation time: 6h 9m 0s
		22150 Time iteration: 0.75 | Time plot: 0.00 | Simulation time: 6h 9m 10s
		22160 Time iteration: 0.73 | Time plot: 0.67 | Simulation time: 6h 9m 20s
		22170 Time iteration: 0.73 | Time plot: 0.00 | Simulation time: 6h 9m 30s
		22180 Time iteration: 0.76 | Time plot: 0.69 | Simulation time: 6h 9m 40s
		22190 Time iteration: 0.71 | Time plot: 0.00 | Simulation time: 6h 9m 50s
		22200 Time iteration: 0.84 | Time plot: 0.81 | Simulation time: 6h 10m 0s
!! Cue_plane2_sat1: Observed Target 94 at off-nadir 0.0 deg
		22210 Time iteration: 0.73 | Time plot: 0.00 | Simulation time: 6h 10m 10s
		22220 Time iteration: 0.73 | Time plot: 0.76 | Simulation time: 6h 10m 20s
		22230 Time iteration: 0.72 | Time plot: 0.00 | Simulation time: 6h 10m 30s
		22240 Time iteration: 0.74 | Time plot: 0.68 | Simulation time: 6h 10m 40s
		22250 Time iteration: 0.72 | Time plot: 0.00 | Simulation time: 6h 10m 50s
		22260 Time iteration: 0.73 | Time plot: 0.69 | Simulation time: 6h 11m 0s
!! Cue_plane0_sat1: Confirmed Target 94=whale (actual=whale)
		22270 Time iteration: 1.45 | Time plot: 0.00 | Simulation time: 6h 11m 10s
		22280 Time iteration: 0.90 | Time plot: 0.71 | Simulation time: 6h 11m 20s
		22290 Time iteration: 0.73 | Time plot: 0.00 | Simulation time: 6h 11m 30s
		22300 Time iteration: 0.99 | Time plot: 0.71 | Simulation time: 6h 11m 40s
		22310 Time iteration: 0.73 | Time plot: 0.00 | Simulation time: 6h 11m 50s
		22320 Time iteration: 0.74 | Time plot: 0.71 | Simulation time: 6h 12m 0s
		22330 Time iteration: 0.75 | Time plot: 0.00 | Simulation time: 6h 12m 10s
		22340 Time iteration: 0.75 | Time plot: 0.69 | Simulation time: 6h 12m 20s
		22350 Time iteration: 0.77 | Time plot: 0.00 | Simulation time: 6h 12m 30s
		22360 Time iteration: 0.73 | Time plot: 0.79 | Simulation time: 6h 12m 40s
		22370 Time iteration: 0.71 | Time plot: 0.00 | Simulation time: 6h 12m 50s
		22380 Time iteration: 0.75 | Time plot: 0.68 | Simulation time: 6h 13m 0s
		22390 Time iteration: 0.74 | Time plot: 0.00 | Simulation time: 6h 13m 10s
		22400 Time iteration: 0.86 | Time plot: 0.68 | Simulation time: 6h 13m 20s
		22410 Time iteration: 0.73 | Time plot: 0.00 | Simulation time: 6h 13m 30s
		22420 Time iteration: 0.73 | Time plot: 0.89 | Simulation time: 6h 13m 40s
		22430 Time iteration: 0.73 | Time plot: 0.00 | Simulation time: 6h 13m 50s
		22440 Time iteration: 0.72 | Time plot: 0.77 | Simulation time: 6h 14m 0s
		22450 Time iteration: 0.76 | Time plot: 0.00 | Simulation time: 6h 14m 10s
		22460 Time iteration: 0.73 | Time plot: 0.99 | Simulation time: 6h 14m 20s
		22470 Time iteration: 0.73 | Time plot: 0.00 | Simulation time: 6h 14m 30s
		22480 Time iteration: 0.72 | Time plot: 0.67 | Simulation time: 6h 14m 40s
		22490 Time iteration: 0.73 | Time plot: 0.00 | Simulation time: 6h 14m 50s
		22500 Time iteration: 0.86 | Time plot: 0.75 | Simulation time: 6h 15m 0s
		22510 Time iteration: 0.76 | Time plot: 0.00 | Simulation time: 6h 15m 10s
		22520 Time iteration: 0.74 | Time plot: 0.78 | Simulation time: 6h 15m 20s
		22530 Time iteration: 0.74 | Time plot: 0.00 | Simulation time: 6h 15m 30s
		22540 Time iteration: 0.75 | Time plot: 0.71 | Simulation time: 6h 15m 40s
		22550 Time iteration: 0.73 | Time plot: 0.00 | Simulation time: 6h 15m 50s
		22560 Time iteration: 0.73 | Time plot: 0.71 | Simulation time: 6h 16m 0s
		22570 Time iteration: 0.73 | Time plot: 0.00 | Simulation time: 6h 16m 10s
		22580 Time iteration: 0.74 | Time plot: 0.68 | Simulation time: 6h 16m 20s
		22590 Time iteration: 0.77 | Time plot: 0.00 | Simulation time: 6h 16m 30s
		22600 Time iteration: 1.23 | Time plot: 0.90 | Simulation time: 6h 16m 40s
		22610 Time iteration: 0.73 | Time plot: 0.00 | Simulation time: 6h 16m 50s
		22620 Time iteration: 0.73 | Time plot: 0.75 | Simulation time: 6h 17m 0s
		22630 Time iteration: 0.72 | Time plot: 0.00 | Simulation time: 6h 17m 10s
		22640 Time iteration: 0.73 | Time plot: 0.69 | Simulation time: 6h 17m 20s
		22650 Time iteration: 0.78 | Time plot: 0.00 | Simulation time: 6h 17m 30s
		22660 Time iteration: 0.76 | Time plot: 1.02 | Simulation time: 6h 17m 40s
		22670 Time iteration: 0.76 | Time plot: 0.00 | Simulation time: 6h 17m 50s
		22680 Time iteration: 0.75 | Time plot: 0.70 | Simulation time: 6h 18m 0s
		22690 Time iteration: 0.74 | Time plot: 0.00 | Simulation time: 6h 18m 10s
		22700 Time iteration: 1.03 | Time plot: 0.82 | Simulation time: 6h 18m 20s
		22710 Time iteration: 0.75 | Time plot: 0.00 | Simulation time: 6h 18m 30s
		22720 Time iteration: 0.76 | Time plot: 0.68 | Simulation time: 6h 18m 40s
		22730 Time iteration: 0.74 | Time plot: 0.00 | Simulation time: 6h 18m 50s
		22740 Time iteration: 0.73 | Time plot: 0.70 | Simulation time: 6h 19m 0s
		22750 Time iteration: 1.02 | Time plot: 0.00 | Simulation time: 6h 19m 10s
		22760 Time iteration: 0.75 | Time plot: 0.69 | Simulation time: 6h 19m 20s
		22770 Time iteration: 0.75 | Time plot: 0.00 | Simulation time: 6h 19m 30s
		22780 Time iteration: 0.73 | Time plot: 0.69 | Simulation time: 6h 19m 40s
		22790 Time iteration: 0.76 | Time plot: 0.00 | Simulation time: 6h 19m 50s
		22800 Time iteration: 0.90 | Time plot: 0.70 | Simulation time: 6h 20m 0s
		22810 Time iteration: 0.74 | Time plot: 0.00 | Simulation time: 6h 20m 10s
!! Cue_plane2_sat1: Observed Target 283 at off-nadir 0.0 deg
		22820 Time iteration: 0.96 | Time plot: 0.81 | Simulation time: 6h 20m 20s
		22830 Time iteration: 0.79 | Time plot: 0.00 | Simulation time: 6h 20m 30s
		22840 Time iteration: 0.91 | Time plot: 0.81 | Simulation time: 6h 20m 40s
		22850 Time iteration: 0.76 | Time plot: 0.00 | Simulation time: 6h 20m 50s
		22860 Time iteration: 0.78 | Time plot: 0.68 | Simulation time: 6h 21m 0s
		22870 Time iteration: 0.80 | Time plot: 0.00 | Simulation time: 6h 21m 10s
!! Cue_plane0_sat1: Confirmed Target 283=whale (actual=whale)
		22880 Time iteration: 0.83 | Time plot: 0.77 | Simulation time: 6h 21m 20s
		22890 Time iteration: 0.78 | Time plot: 0.00 | Simulation time: 6h 21m 30s
		22900 Time iteration: 0.94 | Time plot: 0.69 | Simulation time: 6h 21m 40s
		22910 Time iteration: 0.78 | Time plot: 0.00 | Simulation time: 6h 21m 50s
		22920 Time iteration: 0.76 | Time plot: 0.71 | Simulation time: 6h 22m 0s
		22930 Time iteration: 0.77 | Time plot: 0.00 | Simulation time: 6h 22m 10s
		22940 Time iteration: 0.77 | Time plot: 0.68 | Simulation time: 6h 22m 20s
		22950 Time iteration: 0.76 | Time plot: 0.00 | Simulation time: 6h 22m 30s
		22960 Time iteration: 0.76 | Time plot: 0.70 | Simulation time: 6h 22m 40s
		22970 Time iteration: 0.78 | Time plot: 0.00 | Simulation time: 6h 22m 50s
		22980 Time iteration: 0.76 | Time plot: 0.70 | Simulation time: 6h 23m 0s
		22990 Time iteration: 0.76 | Time plot: 0.00 | Simulation time: 6h 23m 10s
		23000 Time iteration: 0.90 | Time plot: 0.68 | Simulation time: 6h 23m 20s
		23010 Time iteration: 0.76 | Time plot: 0.00 | Simulation time: 6h 23m 30s
		23020 Time iteration: 0.79 | Time plot: 0.68 | Simulation time: 6h 23m 40s
		23030 Time iteration: 0.77 | Time plot: 0.00 | Simulation time: 6h 23m 50s
		23040 Time iteration: 0.76 | Time plot: 0.69 | Simulation time: 6h 24m 0s
		23050 Time iteration: 0.78 | Time plot: 0.00 | Simulation time: 6h 24m 10s
!! Cue_plane7_sat0: Observed Target 153 at off-nadir 0.0 deg
		23060 Time iteration: 0.82 | Time plot: 0.77 | Simulation time: 6h 24m 20s
		23070 Time iteration: 0.74 | Time plot: 0.00 | Simulation time: 6h 24m 30s
		23080 Time iteration: 0.75 | Time plot: 0.70 | Simulation time: 6h 24m 40s
		23090 Time iteration: 0.74 | Time plot: 0.00 | Simulation time: 6h 24m 50s
		23100 Time iteration: 0.89 | Time plot: 0.69 | Simulation time: 6h 25m 0s
		23110 Time iteration: 0.76 | Time plot: 0.00 | Simulation time: 6h 25m 10s
!! Cue_plane0_sat1: Confirmed Target 153=whale (actual=whale)
		23120 Time iteration: 0.76 | Time plot: 0.73 | Simulation time: 6h 25m 20s
		23130 Time iteration: 0.77 | Time plot: 0.00 | Simulation time: 6h 25m 30s
		23140 Time iteration: 0.74 | Time plot: 0.67 | Simulation time: 6h 25m 40s
		23150 Time iteration: 0.75 | Time plot: 0.00 | Simulation time: 6h 25m 50s
		23160 Time iteration: 0.75 | Time plot: 0.69 | Simulation time: 6h 26m 0s
		23170 Time iteration: 0.75 | Time plot: 0.00 | Simulation time: 6h 26m 10s
		23180 Time iteration: 0.82 | Time plot: 0.74 | Simulation time: 6h 26m 20s
		23190 Time iteration: 0.75 | Time plot: 0.00 | Simulation time: 6h 26m 30s
		23200 Time iteration: 0.89 | Time plot: 0.69 | Simulation time: 6h 26m 40s
		23210 Time iteration: 0.79 | Time plot: 0.00 | Simulation time: 6h 26m 50s
		23220 Time iteration: 0.75 | Time plot: 0.70 | Simulation time: 6h 27m 0s
		23230 Time iteration: 0.76 | Time plot: 0.00 | Simulation time: 6h 27m 10s
		23240 Time iteration: 0.75 | Time plot: 0.83 | Simulation time: 6h 27m 20s
		23250 Time iteration: 0.75 | Time plot: 0.00 | Simulation time: 6h 27m 30s
		23260 Time iteration: 0.74 | Time plot: 0.69 | Simulation time: 6h 27m 40s
		23270 Time iteration: 0.75 | Time plot: 0.00 | Simulation time: 6h 27m 50s
		23280 Time iteration: 0.74 | Time plot: 0.72 | Simulation time: 6h 28m 0s
		23290 Time iteration: 0.75 | Time plot: 0.00 | Simulation time: 6h 28m 10s
		23300 Time iteration: 0.88 | Time plot: 0.69 | Simulation time: 6h 28m 20s
		23310 Time iteration: 0.74 | Time plot: 0.00 | Simulation time: 6h 28m 30s
		23320 Time iteration: 0.75 | Time plot: 0.72 | Simulation time: 6h 28m 40s
		23330 Time iteration: 0.74 | Time plot: 0.00 | Simulation time: 6h 28m 50s
		23340 Time iteration: 0.74 | Time plot: 0.68 | Simulation time: 6h 29m 0s
		23350 Time iteration: 0.76 | Time plot: 0.00 | Simulation time: 6h 29m 10s
		23360 Time iteration: 0.74 | Time plot: 0.68 | Simulation time: 6h 29m 20s
		23370 Time iteration: 0.77 | Time plot: 0.00 | Simulation time: 6h 29m 30s
		23380 Time iteration: 0.75 | Time plot: 0.67 | Simulation time: 6h 29m 40s
		23390 Time iteration: 0.75 | Time plot: 0.00 | Simulation time: 6h 29m 50s
		23400 Time iteration: 0.86 | Time plot: 0.70 | Simulation time: 6h 30m 0s
		23410 Time iteration: 0.75 | Time plot: 0.00 | Simulation time: 6h 30m 10s
		23420 Time iteration: 0.76 | Time plot: 0.68 | Simulation time: 6h 30m 20s
		23430 Time iteration: 0.75 | Time plot: 0.00 | Simulation time: 6h 30m 30s
		23440 Time iteration: 0.78 | Time plot: 0.68 | Simulation time: 6h 30m 40s
		23450 Time iteration: 0.74 | Time plot: 0.00 | Simulation time: 6h 30m 50s
		23460 Time iteration: 0.74 | Time plot: 0.68 | Simulation time: 6h 31m 0s
		23470 Time iteration: 0.75 | Time plot: 0.00 | Simulation time: 6h 31m 10s
		23480 Time iteration: 0.75 | Time plot: 0.68 | Simulation time: 6h 31m 20s
		23490 Time iteration: 0.78 | Time plot: 0.00 | Simulation time: 6h 31m 30s
		23500 Time iteration: 0.88 | Time plot: 0.67 | Simulation time: 6h 31m 40s
		23510 Time iteration: 0.73 | Time plot: 0.00 | Simulation time: 6h 31m 50s
		23520 Time iteration: 0.73 | Time plot: 0.69 | Simulation time: 6h 32m 0s
		23530 Time iteration: 0.73 | Time plot: 0.00 | Simulation time: 6h 32m 10s
		23540 Time iteration: 0.74 | Time plot: 0.68 | Simulation time: 6h 32m 20s
		23550 Time iteration: 0.75 | Time plot: 0.00 | Simulation time: 6h 32m 30s
		23560 Time iteration: 0.75 | Time plot: 0.69 | Simulation time: 6h 32m 40s
		23570 Time iteration: 0.73 | Time plot: 0.00 | Simulation time: 6h 32m 50s
		23580 Time iteration: 0.76 | Time plot: 0.70 | Simulation time: 6h 33m 0s
		23590 Time iteration: 1.07 | Time plot: 0.00 | Simulation time: 6h 33m 10s
		23600 Time iteration: 0.88 | Time plot: 0.69 | Simulation time: 6h 33m 20s
		23610 Time iteration: 0.75 | Time plot: 0.00 | Simulation time: 6h 33m 30s
		23620 Time iteration: 0.73 | Time plot: 0.67 | Simulation time: 6h 33m 40s
		23630 Time iteration: 0.74 | Time plot: 0.00 | Simulation time: 6h 33m 50s
		23640 Time iteration: 0.73 | Time plot: 0.73 | Simulation time: 6h 34m 0s
		23650 Time iteration: 0.85 | Time plot: 0.00 | Simulation time: 6h 34m 10s
		23660 Time iteration: 0.75 | Time plot: 0.69 | Simulation time: 6h 34m 20s
		23670 Time iteration: 0.75 | Time plot: 0.00 | Simulation time: 6h 34m 30s
		23680 Time iteration: 0.76 | Time plot: 0.69 | Simulation time: 6h 34m 40s
		23690 Time iteration: 0.74 | Time plot: 0.00 | Simulation time: 6h 34m 50s
		23700 Time iteration: 0.91 | Time plot: 0.68 | Simulation time: 6h 35m 0s
		23710 Time iteration: 0.75 | Time plot: 0.00 | Simulation time: 6h 35m 10s
		23720 Time iteration: 0.76 | Time plot: 0.68 | Simulation time: 6h 35m 20s
		23730 Time iteration: 0.75 | Time plot: 0.00 | Simulation time: 6h 35m 30s
		23740 Time iteration: 0.75 | Time plot: 0.67 | Simulation time: 6h 35m 40s
		23750 Time iteration: 0.78 | Time plot: 0.00 | Simulation time: 6h 35m 50s
		23760 Time iteration: 0.74 | Time plot: 0.69 | Simulation time: 6h 36m 0s
		23770 Time iteration: 0.75 | Time plot: 0.00 | Simulation time: 6h 36m 10s
		23780 Time iteration: 0.74 | Time plot: 0.68 | Simulation time: 6h 36m 20s
		23790 Time iteration: 0.73 | Time plot: 0.00 | Simulation time: 6h 36m 30s
		23800 Time iteration: 0.85 | Time plot: 0.67 | Simulation time: 6h 36m 40s
		23810 Time iteration: 0.74 | Time plot: 0.00 | Simulation time: 6h 36m 50s
		23820 Time iteration: 0.73 | Time plot: 0.67 | Simulation time: 6h 37m 0s
		23830 Time iteration: 0.73 | Time plot: 0.00 | Simulation time: 6h 37m 10s
		23840 Time iteration: 0.74 | Time plot: 0.72 | Simulation time: 6h 37m 20s
		23850 Time iteration: 0.73 | Time plot: 0.00 | Simulation time: 6h 37m 30s
		23860 Time iteration: 0.73 | Time plot: 0.67 | Simulation time: 6h 37m 40s
		23870 Time iteration: 0.74 | Time plot: 0.00 | Simulation time: 6h 37m 50s
		23880 Time iteration: 0.77 | Time plot: 0.68 | Simulation time: 6h 38m 0s
		23890 Time iteration: 0.77 | Time plot: 0.00 | Simulation time: 6h 38m 10s
		23900 Time iteration: 0.87 | Time plot: 0.69 | Simulation time: 6h 38m 20s
		23910 Time iteration: 0.73 | Time plot: 0.00 | Simulation time: 6h 38m 30s
		23920 Time iteration: 0.74 | Time plot: 0.69 | Simulation time: 6h 38m 40s
		23930 Time iteration: 0.75 | Time plot: 0.00 | Simulation time: 6h 38m 50s
		23940 Time iteration: 0.74 | Time plot: 0.72 | Simulation time: 6h 39m 0s
		23950 Time iteration: 0.74 | Time plot: 0.00 | Simulation time: 6h 39m 10s
		23960 Time iteration: 0.75 | Time plot: 0.76 | Simulation time: 6h 39m 20s
		23970 Time iteration: 0.76 | Time plot: 0.00 | Simulation time: 6h 39m 30s
		23980 Time iteration: 0.74 | Time plot: 0.69 | Simulation time: 6h 39m 40s
		23990 Time iteration: 0.73 | Time plot: 0.00 | Simulation time: 6h 39m 50s
		24000 Time iteration: 0.91 | Time plot: 0.68 | Simulation time: 6h 40m 0s
		24010 Time iteration: 0.75 | Time plot: 0.00 | Simulation time: 6h 40m 10s
		24020 Time iteration: 0.77 | Time plot: 0.69 | Simulation time: 6h 40m 20s
		24030 Time iteration: 0.75 | Time plot: 0.00 | Simulation time: 6h 40m 30s
		24040 Time iteration: 0.76 | Time plot: 0.83 | Simulation time: 6h 40m 40s
		24050 Time iteration: 0.80 | Time plot: 0.00 | Simulation time: 6h 40m 50s
		24060 Time iteration: 0.74 | Time plot: 0.68 | Simulation time: 6h 41m 0s
		24070 Time iteration: 0.77 | Time plot: 0.00 | Simulation time: 6h 41m 10s
		24080 Time iteration: 0.76 | Time plot: 0.68 | Simulation time: 6h 41m 20s
		24090 Time iteration: 0.75 | Time plot: 0.00 | Simulation time: 6h 41m 30s
		24100 Time iteration: 1.14 | Time plot: 0.68 | Simulation time: 6h 41m 40s
		24110 Time iteration: 0.75 | Time plot: 0.00 | Simulation time: 6h 41m 50s
		24120 Time iteration: 0.76 | Time plot: 0.68 | Simulation time: 6h 42m 0s
		24130 Time iteration: 0.77 | Time plot: 0.00 | Simulation time: 6h 42m 10s
		24140 Time iteration: 0.74 | Time plot: 0.71 | Simulation time: 6h 42m 20s
		24150 Time iteration: 0.75 | Time plot: 0.00 | Simulation time: 6h 42m 30s
		24160 Time iteration: 0.75 | Time plot: 0.67 | Simulation time: 6h 42m 40s
		24170 Time iteration: 0.76 | Time plot: 0.00 | Simulation time: 6h 42m 50s
		24180 Time iteration: 0.75 | Time plot: 0.67 | Simulation time: 6h 43m 0s
		24190 Time iteration: 0.75 | Time plot: 0.00 | Simulation time: 6h 43m 10s
		24200 Time iteration: 0.89 | Time plot: 0.68 | Simulation time: 6h 43m 20s
		24210 Time iteration: 0.75 | Time plot: 0.00 | Simulation time: 6h 43m 30s
		24220 Time iteration: 0.76 | Time plot: 0.69 | Simulation time: 6h 43m 40s
		24230 Time iteration: 0.75 | Time plot: 0.00 | Simulation time: 6h 43m 50s
		24240 Time iteration: 0.76 | Time plot: 0.68 | Simulation time: 6h 44m 0s
		24250 Time iteration: 0.78 | Time plot: 0.00 | Simulation time: 6h 44m 10s
		24260 Time iteration: 0.78 | Time plot: 0.67 | Simulation time: 6h 44m 20s
		24270 Time iteration: 0.76 | Time plot: 0.00 | Simulation time: 6h 44m 30s
		24280 Time iteration: 0.76 | Time plot: 0.70 | Simulation time: 6h 44m 40s
		24290 Time iteration: 0.77 | Time plot: 0.00 | Simulation time: 6h 44m 50s
		24300 Time iteration: 0.90 | Time plot: 0.70 | Simulation time: 6h 45m 0s
		24310 Time iteration: 0.76 | Time plot: 0.00 | Simulation time: 6h 45m 10s
		24320 Time iteration: 0.77 | Time plot: 0.68 | Simulation time: 6h 45m 20s
		24330 Time iteration: 0.76 | Time plot: 0.00 | Simulation time: 6h 45m 30s
		24340 Time iteration: 0.77 | Time plot: 0.68 | Simulation time: 6h 45m 40s
		24350 Time iteration: 0.75 | Time plot: 0.00 | Simulation time: 6h 45m 50s
		24360 Time iteration: 0.78 | Time plot: 0.68 | Simulation time: 6h 46m 0s
		24370 Time iteration: 1.02 | Time plot: 0.00 | Simulation time: 6h 46m 10s
		24380 Time iteration: 0.76 | Time plot: 0.67 | Simulation time: 6h 46m 20s
		24390 Time iteration: 0.80 | Time plot: 0.00 | Simulation time: 6h 46m 30s
		24400 Time iteration: 0.89 | Time plot: 0.68 | Simulation time: 6h 46m 40s
		24410 Time iteration: 0.77 | Time plot: 0.00 | Simulation time: 6h 46m 50s
		24420 Time iteration: 0.76 | Time plot: 0.69 | Simulation time: 6h 47m 0s
		24430 Time iteration: 0.76 | Time plot: 0.00 | Simulation time: 6h 47m 10s
		24440 Time iteration: 0.80 | Time plot: 0.67 | Simulation time: 6h 47m 20s
		24450 Time iteration: 0.75 | Time plot: 0.00 | Simulation time: 6h 47m 30s
		24460 Time iteration: 0.77 | Time plot: 0.68 | Simulation time: 6h 47m 40s
		24470 Time iteration: 0.77 | Time plot: 0.00 | Simulation time: 6h 47m 50s
		24480 Time iteration: 0.76 | Time plot: 0.67 | Simulation time: 6h 48m 0s
		24490 Time iteration: 0.77 | Time plot: 0.00 | Simulation time: 6h 48m 10s
		24500 Time iteration: 0.88 | Time plot: 0.68 | Simulation time: 6h 48m 20s
		24510 Time iteration: 0.79 | Time plot: 0.00 | Simulation time: 6h 48m 30s
		24520 Time iteration: 0.77 | Time plot: 0.68 | Simulation time: 6h 48m 40s
		24530 Time iteration: 0.76 | Time plot: 0.00 | Simulation time: 6h 48m 50s
		24540 Time iteration: 0.76 | Time plot: 0.70 | Simulation time: 6h 49m 0s
		24550 Time iteration: 0.76 | Time plot: 0.00 | Simulation time: 6h 49m 10s
		24560 Time iteration: 0.77 | Time plot: 0.67 | Simulation time: 6h 49m 20s
		24570 Time iteration: 0.75 | Time plot: 0.00 | Simulation time: 6h 49m 30s
		24580 Time iteration: 0.75 | Time plot: 0.66 | Simulation time: 6h 49m 40s
		24590 Time iteration: 0.77 | Time plot: 0.00 | Simulation time: 6h 49m 50s
		24600 Time iteration: 0.88 | Time plot: 0.70 | Simulation time: 6h 50m 0s
		24610 Time iteration: 0.78 | Time plot: 0.00 | Simulation time: 6h 50m 10s
		24620 Time iteration: 0.76 | Time plot: 0.67 | Simulation time: 6h 50m 20s
		24630 Time iteration: 0.79 | Time plot: 0.00 | Simulation time: 6h 50m 30s
		24640 Time iteration: 0.78 | Time plot: 0.67 | Simulation time: 6h 50m 40s
		24650 Time iteration: 0.77 | Time plot: 0.00 | Simulation time: 6h 50m 50s
		24660 Time iteration: 0.78 | Time plot: 0.69 | Simulation time: 6h 51m 0s
		24670 Time iteration: 0.76 | Time plot: 0.00 | Simulation time: 6h 51m 10s
		24680 Time iteration: 0.77 | Time plot: 0.67 | Simulation time: 6h 51m 20s
		24690 Time iteration: 0.76 | Time plot: 0.00 | Simulation time: 6h 51m 30s
		24700 Time iteration: 0.88 | Time plot: 0.68 | Simulation time: 6h 51m 40s
		24710 Time iteration: 0.76 | Time plot: 0.00 | Simulation time: 6h 51m 50s
		24720 Time iteration: 0.76 | Time plot: 0.67 | Simulation time: 6h 52m 0s
		24730 Time iteration: 0.77 | Time plot: 0.00 | Simulation time: 6h 52m 10s
		24740 Time iteration: 0.76 | Time plot: 0.67 | Simulation time: 6h 52m 20s
		24750 Time iteration: 0.78 | Time plot: 0.00 | Simulation time: 6h 52m 30s
		24760 Time iteration: 0.78 | Time plot: 0.68 | Simulation time: 6h 52m 40s
		24770 Time iteration: 0.74 | Time plot: 0.00 | Simulation time: 6h 52m 50s
		24780 Time iteration: 0.74 | Time plot: 0.69 | Simulation time: 6h 53m 0s
		24790 Time iteration: 0.74 | Time plot: 0.00 | Simulation time: 6h 53m 10s
		24800 Time iteration: 0.88 | Time plot: 0.68 | Simulation time: 6h 53m 20s
		24810 Time iteration: 0.76 | Time plot: 0.00 | Simulation time: 6h 53m 30s
		24820 Time iteration: 0.76 | Time plot: 0.67 | Simulation time: 6h 53m 40s
		24830 Time iteration: 0.76 | Time plot: 0.00 | Simulation time: 6h 53m 50s
		24840 Time iteration: 0.77 | Time plot: 0.67 | Simulation time: 6h 54m 0s
		24850 Time iteration: 0.75 | Time plot: 0.00 | Simulation time: 6h 54m 10s
		24860 Time iteration: 0.75 | Time plot: 0.68 | Simulation time: 6h 54m 20s
		24870 Time iteration: 0.73 | Time plot: 0.00 | Simulation time: 6h 54m 30s
		24880 Time iteration: 0.74 | Time plot: 0.68 | Simulation time: 6h 54m 40s
		24890 Time iteration: 0.73 | Time plot: 0.00 | Simulation time: 6h 54m 50s
		24900 Time iteration: 0.84 | Time plot: 0.70 | Simulation time: 6h 55m 0s
		24910 Time iteration: 0.75 | Time plot: 0.00 | Simulation time: 6h 55m 10s
		24920 Time iteration: 0.72 | Time plot: 0.68 | Simulation time: 6h 55m 20s
		24930 Time iteration: 0.74 | Time plot: 0.00 | Simulation time: 6h 55m 30s
		24940 Time iteration: 0.74 | Time plot: 0.67 | Simulation time: 6h 55m 40s
		24950 Time iteration: 0.73 | Time plot: 0.00 | Simulation time: 6h 55m 50s
		24960 Time iteration: 0.73 | Time plot: 0.68 | Simulation time: 6h 56m 0s
		24970 Time iteration: 0.73 | Time plot: 0.00 | Simulation time: 6h 56m 10s
		24980 Time iteration: 0.73 | Time plot: 0.67 | Simulation time: 6h 56m 20s
		24990 Time iteration: 0.72 | Time plot: 0.00 | Simulation time: 6h 56m 30s
		25000 Time iteration: 0.86 | Time plot: 0.67 | Simulation time: 6h 56m 40s
		25010 Time iteration: 0.73 | Time plot: 0.00 | Simulation time: 6h 56m 50s
		25020 Time iteration: 0.75 | Time plot: 0.68 | Simulation time: 6h 57m 0s
		25030 Time iteration: 0.73 | Time plot: 0.00 | Simulation time: 6h 57m 10s
		25040 Time iteration: 0.74 | Time plot: 0.71 | Simulation time: 6h 57m 20s
		25050 Time iteration: 0.73 | Time plot: 0.00 | Simulation time: 6h 57m 30s
		25060 Time iteration: 0.72 | Time plot: 0.68 | Simulation time: 6h 57m 40s
		25070 Time iteration: 0.76 | Time plot: 0.00 | Simulation time: 6h 57m 50s
		25080 Time iteration: 0.75 | Time plot: 0.67 | Simulation time: 6h 58m 0s
		25090 Time iteration: 0.73 | Time plot: 0.00 | Simulation time: 6h 58m 10s
		25100 Time iteration: 0.84 | Time plot: 0.69 | Simulation time: 6h 58m 20s
		25110 Time iteration: 0.71 | Time plot: 0.00 | Simulation time: 6h 58m 30s
		25120 Time iteration: 0.74 | Time plot: 1.27 | Simulation time: 6h 58m 40s
		25130 Time iteration: 0.72 | Time plot: 0.00 | Simulation time: 6h 58m 50s
		25140 Time iteration: 0.73 | Time plot: 0.69 | Simulation time: 6h 59m 0s
		25150 Time iteration: 0.77 | Time plot: 0.00 | Simulation time: 6h 59m 10s
		25160 Time iteration: 0.75 | Time plot: 1.06 | Simulation time: 6h 59m 20s
		25170 Time iteration: 0.73 | Time plot: 0.00 | Simulation time: 6h 59m 30s
		25180 Time iteration: 0.72 | Time plot: 0.79 | Simulation time: 6h 59m 40s
		25190 Time iteration: 0.78 | Time plot: 0.00 | Simulation time: 6h 59m 50s
		25200 Time iteration: 0.91 | Time plot: 1.22 | Simulation time: 7h 0m 0s
		25210 Time iteration: 0.74 | Time plot: 0.00 | Simulation time: 7h 0m 10s
		25220 Time iteration: 0.73 | Time plot: 0.85 | Simulation time: 7h 0m 20s
		25230 Time iteration: 0.73 | Time plot: 0.00 | Simulation time: 7h 0m 30s
		25240 Time iteration: 0.72 | Time plot: 0.67 | Simulation time: 7h 0m 40s
		25250 Time iteration: 0.74 | Time plot: 0.00 | Simulation time: 7h 0m 50s
		25260 Time iteration: 0.72 | Time plot: 0.68 | Simulation time: 7h 1m 0s
		25270 Time iteration: 0.72 | Time plot: 0.00 | Simulation time: 7h 1m 10s
		25280 Time iteration: 0.72 | Time plot: 0.68 | Simulation time: 7h 1m 20s
		25290 Time iteration: 0.72 | Time plot: 0.00 | Simulation time: 7h 1m 30s
		25300 Time iteration: 1.52 | Time plot: 1.13 | Simulation time: 7h 1m 40s
		25310 Time iteration: 0.74 | Time plot: 0.00 | Simulation time: 7h 1m 50s
		25320 Time iteration: 0.72 | Time plot: 0.71 | Simulation time: 7h 2m 0s
		25330 Time iteration: 0.72 | Time plot: 0.00 | Simulation time: 7h 2m 10s
		25340 Time iteration: 0.73 | Time plot: 0.77 | Simulation time: 7h 2m 20s
		25350 Time iteration: 0.73 | Time plot: 0.00 | Simulation time: 7h 2m 30s
		25360 Time iteration: 0.74 | Time plot: 0.94 | Simulation time: 7h 2m 40s
		25370 Time iteration: 0.75 | Time plot: 0.00 | Simulation time: 7h 2m 50s
		25380 Time iteration: 0.72 | Time plot: 0.97 | Simulation time: 7h 3m 0s
		25390 Time iteration: 0.72 | Time plot: 0.00 | Simulation time: 7h 3m 10s
		25400 Time iteration: 1.04 | Time plot: 0.99 | Simulation time: 7h 3m 20s
		25410 Time iteration: 0.73 | Time plot: 0.00 | Simulation time: 7h 3m 30s
!! Cue_plane3_sat1: Observed Target 111 at off-nadir 0.0 deg
		25420 Time iteration: 0.94 | Time plot: 1.03 | Simulation time: 7h 3m 40s
		25430 Time iteration: 0.73 | Time plot: 0.00 | Simulation time: 7h 3m 50s
		25440 Time iteration: 0.73 | Time plot: 0.90 | Simulation time: 7h 4m 0s
		25450 Time iteration: 0.75 | Time plot: 0.00 | Simulation time: 7h 4m 10s
		25460 Time iteration: 0.73 | Time plot: 0.86 | Simulation time: 7h 4m 20s
		25470 Time iteration: 0.73 | Time plot: 0.00 | Simulation time: 7h 4m 30s
!! Cue_plane0_sat0: Confirmed Target 111=whale (actual=whale)
		25480 Time iteration: 0.79 | Time plot: 0.99 | Simulation time: 7h 4m 40s
		25490 Time iteration: 0.72 | Time plot: 0.00 | Simulation time: 7h 4m 50s
		25500 Time iteration: 1.09 | Time plot: 1.07 | Simulation time: 7h 5m 0s
		25510 Time iteration: 0.74 | Time plot: 0.00 | Simulation time: 7h 5m 10s
		25520 Time iteration: 0.74 | Time plot: 0.97 | Simulation time: 7h 5m 20s
		25530 Time iteration: 0.73 | Time plot: 0.00 | Simulation time: 7h 5m 30s
		25540 Time iteration: 0.77 | Time plot: 0.98 | Simulation time: 7h 5m 40s
		25550 Time iteration: 0.74 | Time plot: 0.00 | Simulation time: 7h 5m 50s
		25560 Time iteration: 0.75 | Time plot: 0.97 | Simulation time: 7h 6m 0s
		25570 Time iteration: 0.75 | Time plot: 0.00 | Simulation time: 7h 6m 10s
		25580 Time iteration: 0.75 | Time plot: 0.95 | Simulation time: 7h 6m 20s
		25590 Time iteration: 0.75 | Time plot: 0.00 | Simulation time: 7h 6m 30s
		25600 Time iteration: 1.07 | Time plot: 0.94 | Simulation time: 7h 6m 40s
		25610 Time iteration: 0.76 | Time plot: 0.00 | Simulation time: 7h 6m 50s
		25620 Time iteration: 0.74 | Time plot: 0.80 | Simulation time: 7h 7m 0s
		25630 Time iteration: 0.75 | Time plot: 0.00 | Simulation time: 7h 7m 10s
		25640 Time iteration: 0.77 | Time plot: 0.69 | Simulation time: 7h 7m 20s
		25650 Time iteration: 0.74 | Time plot: 0.00 | Simulation time: 7h 7m 30s
		25660 Time iteration: 0.76 | Time plot: 0.68 | Simulation time: 7h 7m 40s
		25670 Time iteration: 0.76 | Time plot: 0.00 | Simulation time: 7h 7m 50s
		25680 Time iteration: 0.79 | Time plot: 0.70 | Simulation time: 7h 8m 0s
		25690 Time iteration: 0.77 | Time plot: 0.00 | Simulation time: 7h 8m 10s
		25700 Time iteration: 1.69 | Time plot: 1.27 | Simulation time: 7h 8m 20s
		25710 Time iteration: 0.76 | Time plot: 0.00 | Simulation time: 7h 8m 30s
		25720 Time iteration: 0.74 | Time plot: 1.17 | Simulation time: 7h 8m 40s
		25730 Time iteration: 0.74 | Time plot: 0.00 | Simulation time: 7h 8m 50s
		25740 Time iteration: 0.74 | Time plot: 1.03 | Simulation time: 7h 9m 0s
		25750 Time iteration: 0.74 | Time plot: 0.00 | Simulation time: 7h 9m 10s
		25760 Time iteration: 0.76 | Time plot: 0.68 | Simulation time: 7h 9m 20s
		25770 Time iteration: 0.73 | Time plot: 0.00 | Simulation time: 7h 9m 30s
		25780 Time iteration: 0.75 | Time plot: 0.67 | Simulation time: 7h 9m 40s
		25790 Time iteration: 0.77 | Time plot: 0.00 | Simulation time: 7h 9m 50s
		25800 Time iteration: 0.86 | Time plot: 0.69 | Simulation time: 7h 10m 0s
		25810 Time iteration: 0.75 | Time plot: 0.00 | Simulation time: 7h 10m 10s
		25820 Time iteration: 0.73 | Time plot: 0.68 | Simulation time: 7h 10m 20s
		25830 Time iteration: 0.75 | Time plot: 0.00 | Simulation time: 7h 10m 30s
		25840 Time iteration: 0.77 | Time plot: 0.66 | Simulation time: 7h 10m 40s
		25850 Time iteration: 0.78 | Time plot: 0.00 | Simulation time: 7h 10m 50s
		25860 Time iteration: 0.78 | Time plot: 0.68 | Simulation time: 7h 11m 0s
		25870 Time iteration: 0.76 | Time plot: 0.00 | Simulation time: 7h 11m 10s
		25880 Time iteration: 0.76 | Time plot: 0.67 | Simulation time: 7h 11m 20s
		25890 Time iteration: 0.77 | Time plot: 0.00 | Simulation time: 7h 11m 30s
		25900 Time iteration: 0.90 | Time plot: 0.67 | Simulation time: 7h 11m 40s
		25910 Time iteration: 0.76 | Time plot: 0.00 | Simulation time: 7h 11m 50s
		25920 Time iteration: 0.77 | Time plot: 0.67 | Simulation time: 7h 12m 0s
		25930 Time iteration: 0.77 | Time plot: 0.00 | Simulation time: 7h 12m 10s
		25940 Time iteration: 0.78 | Time plot: 0.71 | Simulation time: 7h 12m 20s
		25950 Time iteration: 0.77 | Time plot: 0.00 | Simulation time: 7h 12m 30s
		25960 Time iteration: 0.76 | Time plot: 0.68 | Simulation time: 7h 12m 40s
		25970 Time iteration: 0.75 | Time plot: 0.00 | Simulation time: 7h 12m 50s
		25980 Time iteration: 0.75 | Time plot: 0.67 | Simulation time: 7h 13m 0s
		25990 Time iteration: 0.76 | Time plot: 0.00 | Simulation time: 7h 13m 10s
!! Cue_plane4_sat1: Observed Target 290 at off-nadir 0.0 deg
		26000 Time iteration: 0.89 | Time plot: 0.84 | Simulation time: 7h 13m 20s
		26010 Time iteration: 0.74 | Time plot: 0.00 | Simulation time: 7h 13m 30s
		26020 Time iteration: 0.75 | Time plot: 1.02 | Simulation time: 7h 13m 40s
		26030 Time iteration: 0.75 | Time plot: 0.00 | Simulation time: 7h 13m 50s
		26040 Time iteration: 0.75 | Time plot: 0.69 | Simulation time: 7h 14m 0s
		26050 Time iteration: 0.77 | Time plot: 0.00 | Simulation time: 7h 14m 10s
!! Cue_plane0_sat0: Confirmed Target 290=whale (actual=whale)
		26060 Time iteration: 0.75 | Time plot: 1.30 | Simulation time: 7h 14m 20s
		26070 Time iteration: 0.76 | Time plot: 0.00 | Simulation time: 7h 14m 30s
		26080 Time iteration: 0.74 | Time plot: 0.79 | Simulation time: 7h 14m 40s
		26090 Time iteration: 0.74 | Time plot: 0.00 | Simulation time: 7h 14m 50s
		26100 Time iteration: 0.98 | Time plot: 1.00 | Simulation time: 7h 15m 0s
		26110 Time iteration: 0.75 | Time plot: 0.00 | Simulation time: 7h 15m 10s
		26120 Time iteration: 0.76 | Time plot: 0.71 | Simulation time: 7h 15m 20s
		26130 Time iteration: 0.78 | Time plot: 0.00 | Simulation time: 7h 15m 30s
		26140 Time iteration: 0.75 | Time plot: 0.69 | Simulation time: 7h 15m 40s
		26150 Time iteration: 0.76 | Time plot: 0.00 | Simulation time: 7h 15m 50s
		26160 Time iteration: 0.74 | Time plot: 0.70 | Simulation time: 7h 16m 0s
		26170 Time iteration: 0.77 | Time plot: 0.00 | Simulation time: 7h 16m 10s
		26180 Time iteration: 0.75 | Time plot: 0.69 | Simulation time: 7h 16m 20s
		26190 Time iteration: 0.75 | Time plot: 0.00 | Simulation time: 7h 16m 30s
		26200 Time iteration: 1.62 | Time plot: 1.54 | Simulation time: 7h 16m 40s
		26210 Time iteration: 0.76 | Time plot: 0.00 | Simulation time: 7h 16m 50s
		26220 Time iteration: 0.76 | Time plot: 0.88 | Simulation time: 7h 17m 0s
		26230 Time iteration: 0.83 | Time plot: 0.00 | Simulation time: 7h 17m 10s
		26240 Time iteration: 0.76 | Time plot: 0.80 | Simulation time: 7h 17m 20s
		26250 Time iteration: 0.82 | Time plot: 0.00 | Simulation time: 7h 17m 30s
		26260 Time iteration: 0.74 | Time plot: 0.85 | Simulation time: 7h 17m 40s
		26270 Time iteration: 0.75 | Time plot: 0.00 | Simulation time: 7h 17m 50s
		26280 Time iteration: 0.76 | Time plot: 0.71 | Simulation time: 7h 18m 0s
		26290 Time iteration: 0.74 | Time plot: 0.00 | Simulation time: 7h 18m 10s
		26300 Time iteration: 1.07 | Time plot: 0.70 | Simulation time: 7h 18m 20s
		26310 Time iteration: 0.75 | Time plot: 0.00 | Simulation time: 7h 18m 30s
		26320 Time iteration: 0.75 | Time plot: 0.91 | Simulation time: 7h 18m 40s
		26330 Time iteration: 0.75 | Time plot: 0.00 | Simulation time: 7h 18m 50s
		26340 Time iteration: 0.75 | Time plot: 0.76 | Simulation time: 7h 19m 0s
		26350 Time iteration: 0.77 | Time plot: 0.00 | Simulation time: 7h 19m 10s
		26360 Time iteration: 0.76 | Time plot: 0.74 | Simulation time: 7h 19m 20s
		26370 Time iteration: 0.74 | Time plot: 0.00 | Simulation time: 7h 19m 30s
		26380 Time iteration: 0.74 | Time plot: 0.79 | Simulation time: 7h 19m 40s
		26390 Time iteration: 0.74 | Time plot: 0.00 | Simulation time: 7h 19m 50s
		26400 Time iteration: 0.91 | Time plot: 1.29 | Simulation time: 7h 20m 0s
		26410 Time iteration: 0.74 | Time plot: 0.00 | Simulation time: 7h 20m 10s
		26420 Time iteration: 0.76 | Time plot: 0.95 | Simulation time: 7h 20m 20s
		26430 Time iteration: 0.74 | Time plot: 0.00 | Simulation time: 7h 20m 30s
		26440 Time iteration: 0.76 | Time plot: 1.11 | Simulation time: 7h 20m 40s
		26450 Time iteration: 0.74 | Time plot: 0.00 | Simulation time: 7h 20m 50s
		26460 Time iteration: 0.74 | Time plot: 0.96 | Simulation time: 7h 21m 0s
		26470 Time iteration: 0.73 | Time plot: 0.00 | Simulation time: 7h 21m 10s
		26480 Time iteration: 0.74 | Time plot: 0.95 | Simulation time: 7h 21m 20s
		26490 Time iteration: 0.72 | Time plot: 0.00 | Simulation time: 7h 21m 30s
		26500 Time iteration: 1.11 | Time plot: 1.03 | Simulation time: 7h 21m 40s
		26510 Time iteration: 0.75 | Time plot: 0.00 | Simulation time: 7h 21m 50s
		26520 Time iteration: 0.75 | Time plot: 0.87 | Simulation time: 7h 22m 0s
		26530 Time iteration: 0.74 | Time plot: 0.00 | Simulation time: 7h 22m 10s
		26540 Time iteration: 0.73 | Time plot: 0.68 | Simulation time: 7h 22m 20s
		26550 Time iteration: 0.74 | Time plot: 0.00 | Simulation time: 7h 22m 30s
		26560 Time iteration: 0.75 | Time plot: 0.69 | Simulation time: 7h 22m 40s
		26570 Time iteration: 0.76 | Time plot: 0.00 | Simulation time: 7h 22m 50s
		26580 Time iteration: 0.75 | Time plot: 0.69 | Simulation time: 7h 23m 0s
		26590 Time iteration: 0.74 | Time plot: 0.00 | Simulation time: 7h 23m 10s
		26600 Time iteration: 1.52 | Time plot: 1.44 | Simulation time: 7h 23m 20s
		26610 Time iteration: 0.75 | Time plot: 0.00 | Simulation time: 7h 23m 30s
		26620 Time iteration: 0.75 | Time plot: 0.75 | Simulation time: 7h 23m 40s
		26630 Time iteration: 0.76 | Time plot: 0.00 | Simulation time: 7h 23m 50s
		26640 Time iteration: 0.74 | Time plot: 0.76 | Simulation time: 7h 24m 0s
		26650 Time iteration: 0.75 | Time plot: 0.00 | Simulation time: 7h 24m 10s
		26660 Time iteration: 0.77 | Time plot: 0.75 | Simulation time: 7h 24m 20s
		26670 Time iteration: 0.74 | Time plot: 0.00 | Simulation time: 7h 24m 30s
		26680 Time iteration: 0.76 | Time plot: 0.79 | Simulation time: 7h 24m 40s
		26690 Time iteration: 0.74 | Time plot: 0.00 | Simulation time: 7h 24m 50s
		26700 Time iteration: 1.31 | Time plot: 1.16 | Simulation time: 7h 25m 0s
		26710 Time iteration: 0.75 | Time plot: 0.00 | Simulation time: 7h 25m 10s
		26720 Time iteration: 0.74 | Time plot: 0.83 | Simulation time: 7h 25m 20s
		26730 Time iteration: 0.73 | Time plot: 0.00 | Simulation time: 7h 25m 30s
		26740 Time iteration: 0.74 | Time plot: 0.93 | Simulation time: 7h 25m 40s
		26750 Time iteration: 0.72 | Time plot: 0.00 | Simulation time: 7h 25m 50s
		26760 Time iteration: 0.73 | Time plot: 0.89 | Simulation time: 7h 26m 0s
		26770 Time iteration: 0.74 | Time plot: 0.00 | Simulation time: 7h 26m 10s
		26780 Time iteration: 0.72 | Time plot: 0.87 | Simulation time: 7h 26m 20s
		26790 Time iteration: 0.88 | Time plot: 0.00 | Simulation time: 7h 26m 30s
		26800 Time iteration: 1.16 | Time plot: 1.00 | Simulation time: 7h 26m 40s
		26810 Time iteration: 0.73 | Time plot: 0.00 | Simulation time: 7h 26m 50s
		26820 Time iteration: 0.76 | Time plot: 0.82 | Simulation time: 7h 27m 0s
		26830 Time iteration: 0.75 | Time plot: 0.00 | Simulation time: 7h 27m 10s
		26840 Time iteration: 0.73 | Time plot: 0.68 | Simulation time: 7h 27m 20s
		26850 Time iteration: 0.73 | Time plot: 0.00 | Simulation time: 7h 27m 30s
		26860 Time iteration: 0.73 | Time plot: 0.68 | Simulation time: 7h 27m 40s
		26870 Time iteration: 0.72 | Time plot: 0.00 | Simulation time: 7h 27m 50s
		26880 Time iteration: 0.72 | Time plot: 0.68 | Simulation time: 7h 28m 0s
		26890 Time iteration: 0.72 | Time plot: 0.00 | Simulation time: 7h 28m 10s
		26900 Time iteration: 1.52 | Time plot: 0.68 | Simulation time: 7h 28m 20s
		26910 Time iteration: 0.75 | Time plot: 0.00 | Simulation time: 7h 28m 30s
		26920 Time iteration: 0.74 | Time plot: 0.67 | Simulation time: 7h 28m 40s
		26930 Time iteration: 0.74 | Time plot: 0.00 | Simulation time: 7h 28m 50s
		26940 Time iteration: 0.74 | Time plot: 0.68 | Simulation time: 7h 29m 0s
		26950 Time iteration: 0.78 | Time plot: 0.00 | Simulation time: 7h 29m 10s
		26960 Time iteration: 0.74 | Time plot: 0.71 | Simulation time: 7h 29m 20s
		26970 Time iteration: 0.75 | Time plot: 0.00 | Simulation time: 7h 29m 30s
		26980 Time iteration: 0.75 | Time plot: 0.68 | Simulation time: 7h 29m 40s
		26990 Time iteration: 0.74 | Time plot: 0.00 | Simulation time: 7h 29m 50s
		27000 Time iteration: 0.86 | Time plot: 0.68 | Simulation time: 7h 30m 0s
		27010 Time iteration: 0.74 | Time plot: 0.00 | Simulation time: 7h 30m 10s
		27020 Time iteration: 0.75 | Time plot: 0.69 | Simulation time: 7h 30m 20s
		27030 Time iteration: 0.74 | Time plot: 0.00 | Simulation time: 7h 30m 30s
		27040 Time iteration: 0.76 | Time plot: 0.69 | Simulation time: 7h 30m 40s
		27050 Time iteration: 0.76 | Time plot: 0.00 | Simulation time: 7h 30m 50s
		27060 Time iteration: 0.75 | Time plot: 0.69 | Simulation time: 7h 31m 0s
		27070 Time iteration: 0.74 | Time plot: 0.00 | Simulation time: 7h 31m 10s
		27080 Time iteration: 0.74 | Time plot: 0.68 | Simulation time: 7h 31m 20s
		27090 Time iteration: 0.75 | Time plot: 0.00 | Simulation time: 7h 31m 30s
		27100 Time iteration: 0.86 | Time plot: 0.68 | Simulation time: 7h 31m 40s
		27110 Time iteration: 0.74 | Time plot: 0.00 | Simulation time: 7h 31m 50s
		27120 Time iteration: 0.74 | Time plot: 0.68 | Simulation time: 7h 32m 0s
		27130 Time iteration: 0.77 | Time plot: 0.00 | Simulation time: 7h 32m 10s
		27140 Time iteration: 0.77 | Time plot: 0.71 | Simulation time: 7h 32m 20s
		27150 Time iteration: 0.74 | Time plot: 0.00 | Simulation time: 7h 32m 30s
		27160 Time iteration: 0.75 | Time plot: 0.69 | Simulation time: 7h 32m 40s
		27170 Time iteration: 0.76 | Time plot: 0.00 | Simulation time: 7h 32m 50s
		27180 Time iteration: 0.75 | Time plot: 0.69 | Simulation time: 7h 33m 0s
		27190 Time iteration: 0.77 | Time plot: 0.00 | Simulation time: 7h 33m 10s
		27200 Time iteration: 0.90 | Time plot: 0.68 | Simulation time: 7h 33m 20s
		27210 Time iteration: 0.77 | Time plot: 0.00 | Simulation time: 7h 33m 30s
		27220 Time iteration: 0.76 | Time plot: 0.74 | Simulation time: 7h 33m 40s
		27230 Time iteration: 0.77 | Time plot: 0.00 | Simulation time: 7h 33m 50s
		27240 Time iteration: 0.77 | Time plot: 0.74 | Simulation time: 7h 34m 0s
		27250 Time iteration: 0.77 | Time plot: 0.00 | Simulation time: 7h 34m 10s
		27260 Time iteration: 0.75 | Time plot: 0.69 | Simulation time: 7h 34m 20s
		27270 Time iteration: 0.78 | Time plot: 0.00 | Simulation time: 7h 34m 30s
		27280 Time iteration: 0.77 | Time plot: 0.76 | Simulation time: 7h 34m 40s
		27290 Time iteration: 0.78 | Time plot: 0.00 | Simulation time: 7h 34m 50s
		27300 Time iteration: 1.25 | Time plot: 0.98 | Simulation time: 7h 35m 0s
		27310 Time iteration: 0.78 | Time plot: 0.00 | Simulation time: 7h 35m 10s
		27320 Time iteration: 0.77 | Time plot: 0.82 | Simulation time: 7h 35m 20s
		27330 Time iteration: 0.76 | Time plot: 0.00 | Simulation time: 7h 35m 30s
		27340 Time iteration: 0.74 | Time plot: 0.67 | Simulation time: 7h 35m 40s
		27350 Time iteration: 0.77 | Time plot: 0.00 | Simulation time: 7h 35m 50s
		27360 Time iteration: 0.77 | Time plot: 0.70 | Simulation time: 7h 36m 0s
		27370 Time iteration: 0.92 | Time plot: 0.00 | Simulation time: 7h 36m 10s
		27380 Time iteration: 0.77 | Time plot: 0.69 | Simulation time: 7h 36m 20s
		27390 Time iteration: 0.75 | Time plot: 0.00 | Simulation time: 7h 36m 30s
		27400 Time iteration: 1.95 | Time plot: 0.80 | Simulation time: 7h 36m 40s
		27410 Time iteration: 0.77 | Time plot: 0.00 | Simulation time: 7h 36m 50s
		27420 Time iteration: 0.75 | Time plot: 0.78 | Simulation time: 7h 37m 0s
		27430 Time iteration: 0.79 | Time plot: 0.00 | Simulation time: 7h 37m 10s
		27440 Time iteration: 0.76 | Time plot: 0.70 | Simulation time: 7h 37m 20s
		27450 Time iteration: 0.76 | Time plot: 0.00 | Simulation time: 7h 37m 30s
		27460 Time iteration: 0.78 | Time plot: 0.78 | Simulation time: 7h 37m 40s
		27470 Time iteration: 0.76 | Time plot: 0.00 | Simulation time: 7h 37m 50s
		27480 Time iteration: 0.76 | Time plot: 0.71 | Simulation time: 7h 38m 0s
		27490 Time iteration: 0.77 | Time plot: 0.00 | Simulation time: 7h 38m 10s
		27500 Time iteration: 1.28 | Time plot: 1.13 | Simulation time: 7h 38m 20s
		27510 Time iteration: 0.76 | Time plot: 0.00 | Simulation time: 7h 38m 30s
		27520 Time iteration: 0.75 | Time plot: 0.90 | Simulation time: 7h 38m 40s
		27530 Time iteration: 0.75 | Time plot: 0.00 | Simulation time: 7h 38m 50s
		27540 Time iteration: 0.75 | Time plot: 0.84 | Simulation time: 7h 39m 0s
		27550 Time iteration: 0.77 | Time plot: 0.00 | Simulation time: 7h 39m 10s
		27560 Time iteration: 0.77 | Time plot: 0.87 | Simulation time: 7h 39m 20s
		27570 Time iteration: 0.76 | Time plot: 0.00 | Simulation time: 7h 39m 30s
		27580 Time iteration: 0.76 | Time plot: 0.87 | Simulation time: 7h 39m 40s
		27590 Time iteration: 0.75 | Time plot: 0.00 | Simulation time: 7h 39m 50s
		27600 Time iteration: 1.12 | Time plot: 1.02 | Simulation time: 7h 40m 0s
		27610 Time iteration: 0.77 | Time plot: 0.00 | Simulation time: 7h 40m 10s
		27620 Time iteration: 0.78 | Time plot: 0.87 | Simulation time: 7h 40m 20s
		27630 Time iteration: 0.77 | Time plot: 0.00 | Simulation time: 7h 40m 30s
		27640 Time iteration: 0.76 | Time plot: 0.67 | Simulation time: 7h 40m 40s
		27650 Time iteration: 0.75 | Time plot: 0.00 | Simulation time: 7h 40m 50s
		27660 Time iteration: 0.75 | Time plot: 0.88 | Simulation time: 7h 41m 0s
		27670 Time iteration: 0.75 | Time plot: 0.00 | Simulation time: 7h 41m 10s
		27680 Time iteration: 0.74 | Time plot: 0.84 | Simulation time: 7h 41m 20s
		27690 Time iteration: 0.75 | Time plot: 0.00 | Simulation time: 7h 41m 30s
		27700 Time iteration: 1.54 | Time plot: 0.78 | Simulation time: 7h 41m 40s
		27710 Time iteration: 0.76 | Time plot: 0.00 | Simulation time: 7h 41m 50s
		27720 Time iteration: 0.74 | Time plot: 0.77 | Simulation time: 7h 42m 0s
		27730 Time iteration: 0.76 | Time plot: 0.00 | Simulation time: 7h 42m 10s
		27740 Time iteration: 0.74 | Time plot: 0.68 | Simulation time: 7h 42m 20s
		27750 Time iteration: 0.74 | Time plot: 0.00 | Simulation time: 7h 42m 30s
		27760 Time iteration: 0.74 | Time plot: 0.69 | Simulation time: 7h 42m 40s
		27770 Time iteration: 0.79 | Time plot: 0.00 | Simulation time: 7h 42m 50s
		27780 Time iteration: 0.73 | Time plot: 0.69 | Simulation time: 7h 43m 0s
		27790 Time iteration: 0.72 | Time plot: 0.00 | Simulation time: 7h 43m 10s
		27800 Time iteration: 1.46 | Time plot: 1.14 | Simulation time: 7h 43m 20s
		27810 Time iteration: 0.72 | Time plot: 0.00 | Simulation time: 7h 43m 30s
		27820 Time iteration: 0.73 | Time plot: 0.95 | Simulation time: 7h 43m 40s
		27830 Time iteration: 0.73 | Time plot: 0.00 | Simulation time: 7h 43m 50s
		27840 Time iteration: 0.71 | Time plot: 0.76 | Simulation time: 7h 44m 0s
		27850 Time iteration: 0.73 | Time plot: 0.00 | Simulation time: 7h 44m 10s
		27860 Time iteration: 0.75 | Time plot: 0.74 | Simulation time: 7h 44m 20s
		27870 Time iteration: 0.73 | Time plot: 0.00 | Simulation time: 7h 44m 30s
		27880 Time iteration: 0.74 | Time plot: 0.98 | Simulation time: 7h 44m 40s
		27890 Time iteration: 0.73 | Time plot: 0.00 | Simulation time: 7h 44m 50s
		27900 Time iteration: 1.02 | Time plot: 1.06 | Simulation time: 7h 45m 0s
		27910 Time iteration: 0.74 | Time plot: 0.00 | Simulation time: 7h 45m 10s
		27920 Time iteration: 0.73 | Time plot: 0.94 | Simulation time: 7h 45m 20s
		27930 Time iteration: 0.73 | Time plot: 0.00 | Simulation time: 7h 45m 30s
		27940 Time iteration: 0.74 | Time plot: 0.95 | Simulation time: 7h 45m 40s
		27950 Time iteration: 0.73 | Time plot: 0.00 | Simulation time: 7h 45m 50s
		27960 Time iteration: 0.73 | Time plot: 0.93 | Simulation time: 7h 46m 0s
		27970 Time iteration: 0.74 | Time plot: 0.00 | Simulation time: 7h 46m 10s
		27980 Time iteration: 0.71 | Time plot: 0.74 | Simulation time: 7h 46m 20s
		27990 Time iteration: 0.73 | Time plot: 0.00 | Simulation time: 7h 46m 30s
		28000 Time iteration: 1.25 | Time plot: 0.69 | Simulation time: 7h 46m 40s
		28010 Time iteration: 0.71 | Time plot: 0.00 | Simulation time: 7h 46m 50s
		28020 Time iteration: 0.71 | Time plot: 0.69 | Simulation time: 7h 47m 0s
		28030 Time iteration: 0.73 | Time plot: 0.00 | Simulation time: 7h 47m 10s
		28040 Time iteration: 0.75 | Time plot: 0.67 | Simulation time: 7h 47m 20s
		28050 Time iteration: 0.72 | Time plot: 0.00 | Simulation time: 7h 47m 30s
		28060 Time iteration: 0.71 | Time plot: 0.67 | Simulation time: 7h 47m 40s
		28070 Time iteration: 0.73 | Time plot: 0.00 | Simulation time: 7h 47m 50s
		28080 Time iteration: 0.76 | Time plot: 0.67 | Simulation time: 7h 48m 0s
		28090 Time iteration: 0.75 | Time plot: 0.00 | Simulation time: 7h 48m 10s
		28100 Time iteration: 0.85 | Time plot: 0.67 | Simulation time: 7h 48m 20s
		28110 Time iteration: 0.74 | Time plot: 0.00 | Simulation time: 7h 48m 30s
		28120 Time iteration: 0.72 | Time plot: 0.68 | Simulation time: 7h 48m 40s
		28130 Time iteration: 0.74 | Time plot: 0.00 | Simulation time: 7h 48m 50s
		28140 Time iteration: 0.75 | Time plot: 0.67 | Simulation time: 7h 49m 0s
		28150 Time iteration: 0.72 | Time plot: 0.00 | Simulation time: 7h 49m 10s
		28160 Time iteration: 0.73 | Time plot: 0.70 | Simulation time: 7h 49m 20s
		28170 Time iteration: 0.74 | Time plot: 0.00 | Simulation time: 7h 49m 30s
		28180 Time iteration: 0.72 | Time plot: 0.70 | Simulation time: 7h 49m 40s
		28190 Time iteration: 0.72 | Time plot: 0.00 | Simulation time: 7h 49m 50s
		28200 Time iteration: 0.94 | Time plot: 1.47 | Simulation time: 7h 50m 0s
		28210 Time iteration: 0.74 | Time plot: 0.00 | Simulation time: 7h 50m 10s
		28220 Time iteration: 0.74 | Time plot: 0.90 | Simulation time: 7h 50m 20s
		28230 Time iteration: 0.73 | Time plot: 0.00 | Simulation time: 7h 50m 30s
		28240 Time iteration: 0.73 | Time plot: 0.95 | Simulation time: 7h 50m 40s
		28250 Time iteration: 0.71 | Time plot: 0.00 | Simulation time: 7h 50m 50s
		28260 Time iteration: 0.71 | Time plot: 0.89 | Simulation time: 7h 51m 0s
		28270 Time iteration: 0.72 | Time plot: 0.00 | Simulation time: 7h 51m 10s
		28280 Time iteration: 0.73 | Time plot: 0.73 | Simulation time: 7h 51m 20s
		28290 Time iteration: 0.73 | Time plot: 0.00 | Simulation time: 7h 51m 30s
		28300 Time iteration: 1.18 | Time plot: 1.68 | Simulation time: 7h 51m 40s
		28310 Time iteration: 0.72 | Time plot: 0.00 | Simulation time: 7h 51m 50s
		28320 Time iteration: 0.71 | Time plot: 1.04 | Simulation time: 7h 52m 0s
		28330 Time iteration: 0.74 | Time plot: 0.00 | Simulation time: 7h 52m 10s
		28340 Time iteration: 0.73 | Time plot: 0.74 | Simulation time: 7h 52m 20s
		28350 Time iteration: 0.73 | Time plot: 0.00 | Simulation time: 7h 52m 30s
		28360 Time iteration: 0.73 | Time plot: 0.67 | Simulation time: 7h 52m 40s
		28370 Time iteration: 0.73 | Time plot: 0.00 | Simulation time: 7h 52m 50s
		28380 Time iteration: 0.80 | Time plot: 0.68 | Simulation time: 7h 53m 0s
		28390 Time iteration: 0.73 | Time plot: 0.00 | Simulation time: 7h 53m 10s
		28400 Time iteration: 1.42 | Time plot: 1.39 | Simulation time: 7h 53m 20s
		28410 Time iteration: 0.72 | Time plot: 0.00 | Simulation time: 7h 53m 30s
		28420 Time iteration: 0.74 | Time plot: 0.75 | Simulation time: 7h 53m 40s
		28430 Time iteration: 0.74 | Time plot: 0.00 | Simulation time: 7h 53m 50s
		28440 Time iteration: 0.73 | Time plot: 0.81 | Simulation time: 7h 54m 0s
		28450 Time iteration: 0.71 | Time plot: 0.00 | Simulation time: 7h 54m 10s
		28460 Time iteration: 0.72 | Time plot: 0.83 | Simulation time: 7h 54m 20s
		28470 Time iteration: 0.72 | Time plot: 0.00 | Simulation time: 7h 54m 30s
		28480 Time iteration: 0.74 | Time plot: 0.91 | Simulation time: 7h 54m 40s
		28490 Time iteration: 0.74 | Time plot: 0.00 | Simulation time: 7h 54m 50s
!! Cue_plane7_sat0: Observed Target 277 at off-nadir 0.0 deg
		28500 Time iteration: 1.62 | Time plot: 1.21 | Simulation time: 7h 55m 0s
		28510 Time iteration: 1.01 | Time plot: 0.00 | Simulation time: 7h 55m 10s
		28520 Time iteration: 0.75 | Time plot: 0.70 | Simulation time: 7h 55m 20s
		28530 Time iteration: 0.74 | Time plot: 0.00 | Simulation time: 7h 55m 30s
		28540 Time iteration: 0.74 | Time plot: 0.70 | Simulation time: 7h 55m 40s
		28550 Time iteration: 0.75 | Time plot: 0.00 | Simulation time: 7h 55m 50s
!! Cue_plane0_sat1: Confirmed Target 277=whale (actual=whale)
		28560 Time iteration: 0.85 | Time plot: 0.83 | Simulation time: 7h 56m 0s
		28570 Time iteration: 0.75 | Time plot: 0.00 | Simulation time: 7h 56m 10s
		28580 Time iteration: 0.76 | Time plot: 0.72 | Simulation time: 7h 56m 20s
		28590 Time iteration: 0.76 | Time plot: 0.00 | Simulation time: 7h 56m 30s
		28600 Time iteration: 0.93 | Time plot: 1.32 | Simulation time: 7h 56m 40s
		28610 Time iteration: 0.76 | Time plot: 0.00 | Simulation time: 7h 56m 50s
		28620 Time iteration: 0.75 | Time plot: 0.97 | Simulation time: 7h 57m 0s
		28630 Time iteration: 0.75 | Time plot: 0.00 | Simulation time: 7h 57m 10s
		28640 Time iteration: 0.74 | Time plot: 0.92 | Simulation time: 7h 57m 20s
		28650 Time iteration: 0.76 | Time plot: 0.00 | Simulation time: 7h 57m 30s
		28660 Time iteration: 0.73 | Time plot: 0.83 | Simulation time: 7h 57m 40s
		28670 Time iteration: 0.74 | Time plot: 0.00 | Simulation time: 7h 57m 50s
		28680 Time iteration: 0.75 | Time plot: 0.69 | Simulation time: 7h 58m 0s
		28690 Time iteration: 0.74 | Time plot: 0.00 | Simulation time: 7h 58m 10s
		28700 Time iteration: 1.30 | Time plot: 1.23 | Simulation time: 7h 58m 20s
		28710 Time iteration: 0.75 | Time plot: 0.00 | Simulation time: 7h 58m 30s
		28720 Time iteration: 0.74 | Time plot: 0.72 | Simulation time: 7h 58m 40s
		28730 Time iteration: 0.74 | Time plot: 0.00 | Simulation time: 7h 58m 50s
		28740 Time iteration: 0.72 | Time plot: 0.68 | Simulation time: 7h 59m 0s
		28750 Time iteration: 0.74 | Time plot: 0.00 | Simulation time: 7h 59m 10s
		28760 Time iteration: 0.74 | Time plot: 0.70 | Simulation time: 7h 59m 20s
		28770 Time iteration: 0.77 | Time plot: 0.00 | Simulation time: 7h 59m 30s
		28780 Time iteration: 0.74 | Time plot: 0.70 | Simulation time: 7h 59m 40s
		28790 Time iteration: 0.76 | Time plot: 0.00 | Simulation time: 7h 59m 50s
		28800 Time iteration: 0.91 | Time plot: 0.69 | Simulation time: 8h 0m 0s
		28810 Time iteration: 0.75 | Time plot: 0.00 | Simulation time: 8h 0m 10s
		28820 Time iteration: 0.75 | Time plot: 0.69 | Simulation time: 8h 0m 20s
		28830 Time iteration: 0.74 | Time plot: 0.00 | Simulation time: 8h 0m 30s
		28840 Time iteration: 0.75 | Time plot: 0.73 | Simulation time: 8h 0m 40s
		28850 Time iteration: 0.74 | Time plot: 0.00 | Simulation time: 8h 0m 50s
		28860 Time iteration: 0.75 | Time plot: 1.19 | Simulation time: 8h 1m 0s
		28870 Time iteration: 0.75 | Time plot: 0.00 | Simulation time: 8h 1m 10s
		28880 Time iteration: 0.75 | Time plot: 0.77 | Simulation time: 8h 1m 20s
		28890 Time iteration: 0.73 | Time plot: 0.00 | Simulation time: 8h 1m 30s
		28900 Time iteration: 1.22 | Time plot: 0.94 | Simulation time: 8h 1m 40s
		28910 Time iteration: 0.72 | Time plot: 0.00 | Simulation time: 8h 1m 50s
		28920 Time iteration: 0.75 | Time plot: 0.79 | Simulation time: 8h 2m 0s
		28930 Time iteration: 0.73 | Time plot: 0.00 | Simulation time: 8h 2m 10s
		28940 Time iteration: 0.74 | Time plot: 0.67 | Simulation time: 8h 2m 20s
		28950 Time iteration: 0.74 | Time plot: 0.00 | Simulation time: 8h 2m 30s
		28960 Time iteration: 0.73 | Time plot: 0.68 | Simulation time: 8h 2m 40s
		28970 Time iteration: 0.75 | Time plot: 0.00 | Simulation time: 8h 2m 50s
		28980 Time iteration: 0.73 | Time plot: 0.71 | Simulation time: 8h 3m 0s
		28990 Time iteration: 0.73 | Time plot: 0.00 | Simulation time: 8h 3m 10s
		29000 Time iteration: 1.71 | Time plot: 1.05 | Simulation time: 8h 3m 20s
		29010 Time iteration: 0.74 | Time plot: 0.00 | Simulation time: 8h 3m 30s
		29020 Time iteration: 0.79 | Time plot: 0.88 | Simulation time: 8h 3m 40s
		29030 Time iteration: 0.73 | Time plot: 0.00 | Simulation time: 8h 3m 50s
		29040 Time iteration: 0.74 | Time plot: 0.89 | Simulation time: 8h 4m 0s
		29050 Time iteration: 0.73 | Time plot: 0.00 | Simulation time: 8h 4m 10s
		29060 Time iteration: 0.75 | Time plot: 0.71 | Simulation time: 8h 4m 20s
		29070 Time iteration: 0.78 | Time plot: 0.00 | Simulation time: 8h 4m 30s
		29080 Time iteration: 0.74 | Time plot: 0.71 | Simulation time: 8h 4m 40s
		29090 Time iteration: 0.74 | Time plot: 0.00 | Simulation time: 8h 4m 50s
		29100 Time iteration: 1.28 | Time plot: 1.67 | Simulation time: 8h 5m 0s
		29110 Time iteration: 0.74 | Time plot: 0.00 | Simulation time: 8h 5m 10s
		29120 Time iteration: 0.82 | Time plot: 0.87 | Simulation time: 8h 5m 20s
		29130 Time iteration: 0.74 | Time plot: 0.00 | Simulation time: 8h 5m 30s
		29140 Time iteration: 0.74 | Time plot: 0.71 | Simulation time: 8h 5m 40s
		29150 Time iteration: 0.73 | Time plot: 0.00 | Simulation time: 8h 5m 50s
		29160 Time iteration: 0.76 | Time plot: 0.73 | Simulation time: 8h 6m 0s
		29170 Time iteration: 0.75 | Time plot: 0.00 | Simulation time: 8h 6m 10s
		29180 Time iteration: 0.73 | Time plot: 0.69 | Simulation time: 8h 6m 20s
		29190 Time iteration: 0.74 | Time plot: 0.00 | Simulation time: 8h 6m 30s
		29200 Time iteration: 1.02 | Time plot: 0.71 | Simulation time: 8h 6m 40s
		29210 Time iteration: 0.73 | Time plot: 0.00 | Simulation time: 8h 6m 50s
		29220 Time iteration: 0.74 | Time plot: 0.67 | Simulation time: 8h 7m 0s
		29230 Time iteration: 0.74 | Time plot: 0.00 | Simulation time: 8h 7m 10s
		29240 Time iteration: 0.76 | Time plot: 0.70 | Simulation time: 8h 7m 20s
		29250 Time iteration: 0.75 | Time plot: 0.00 | Simulation time: 8h 7m 30s
		29260 Time iteration: 0.75 | Time plot: 0.67 | Simulation time: 8h 7m 40s
		29270 Time iteration: 0.74 | Time plot: 0.00 | Simulation time: 8h 7m 50s
		29280 Time iteration: 0.73 | Time plot: 0.67 | Simulation time: 8h 8m 0s
		29290 Time iteration: 0.74 | Time plot: 0.00 | Simulation time: 8h 8m 10s
		29300 Time iteration: 0.88 | Time plot: 1.18 | Simulation time: 8h 8m 20s
		29310 Time iteration: 0.77 | Time plot: 0.00 | Simulation time: 8h 8m 30s
		29320 Time iteration: 0.75 | Time plot: 0.76 | Simulation time: 8h 8m 40s
		29330 Time iteration: 0.74 | Time plot: 0.00 | Simulation time: 8h 8m 50s
		29340 Time iteration: 0.75 | Time plot: 0.71 | Simulation time: 8h 9m 0s
		29350 Time iteration: 0.74 | Time plot: 0.00 | Simulation time: 8h 9m 10s
		29360 Time iteration: 0.75 | Time plot: 0.72 | Simulation time: 8h 9m 20s
		29370 Time iteration: 0.71 | Time plot: 0.00 | Simulation time: 8h 9m 30s
		29380 Time iteration: 0.72 | Time plot: 0.67 | Simulation time: 8h 9m 40s
		29390 Time iteration: 0.72 | Time plot: 0.00 | Simulation time: 8h 9m 50s
		29400 Time iteration: 1.24 | Time plot: 1.74 | Simulation time: 8h 10m 0s
		29410 Time iteration: 0.72 | Time plot: 0.00 | Simulation time: 8h 10m 10s
		29420 Time iteration: 0.73 | Time plot: 0.70 | Simulation time: 8h 10m 20s
		29430 Time iteration: 0.73 | Time plot: 0.00 | Simulation time: 8h 10m 30s
		29440 Time iteration: 0.74 | Time plot: 0.80 | Simulation time: 8h 10m 40s
		29450 Time iteration: 0.71 | Time plot: 0.00 | Simulation time: 8h 10m 50s
		29460 Time iteration: 0.72 | Time plot: 0.89 | Simulation time: 8h 11m 0s
		29470 Time iteration: 0.73 | Time plot: 0.00 | Simulation time: 8h 11m 10s
		29480 Time iteration: 0.74 | Time plot: 0.83 | Simulation time: 8h 11m 20s
		29490 Time iteration: 0.73 | Time plot: 0.00 | Simulation time: 8h 11m 30s
		29500 Time iteration: 1.20 | Time plot: 1.07 | Simulation time: 8h 11m 40s
		29510 Time iteration: 0.74 | Time plot: 0.00 | Simulation time: 8h 11m 50s
		29520 Time iteration: 0.73 | Time plot: 0.92 | Simulation time: 8h 12m 0s
		29530 Time iteration: 0.74 | Time plot: 0.00 | Simulation time: 8h 12m 10s
		29540 Time iteration: 0.77 | Time plot: 1.00 | Simulation time: 8h 12m 20s
		29550 Time iteration: 0.75 | Time plot: 0.00 | Simulation time: 8h 12m 30s
		29560 Time iteration: 0.74 | Time plot: 0.70 | Simulation time: 8h 12m 40s
		29570 Time iteration: 0.74 | Time plot: 0.00 | Simulation time: 8h 12m 50s
		29580 Time iteration: 0.74 | Time plot: 0.71 | Simulation time: 8h 13m 0s
		29590 Time iteration: 0.77 | Time plot: 0.00 | Simulation time: 8h 13m 10s
		29600 Time iteration: 1.59 | Time plot: 1.30 | Simulation time: 8h 13m 20s
		29610 Time iteration: 0.83 | Time plot: 0.00 | Simulation time: 8h 13m 30s
		29620 Time iteration: 0.81 | Time plot: 0.91 | Simulation time: 8h 13m 40s
		29630 Time iteration: 0.85 | Time plot: 0.00 | Simulation time: 8h 13m 50s
		29640 Time iteration: 1.01 | Time plot: 0.86 | Simulation time: 8h 14m 0s
		29650 Time iteration: 0.81 | Time plot: 0.00 | Simulation time: 8h 14m 10s
		29660 Time iteration: 0.89 | Time plot: 0.80 | Simulation time: 8h 14m 20s
		29670 Time iteration: 0.74 | Time plot: 0.00 | Simulation time: 8h 14m 30s
		29680 Time iteration: 0.74 | Time plot: 0.68 | Simulation time: 8h 14m 40s
		29690 Time iteration: 0.74 | Time plot: 0.00 | Simulation time: 8h 14m 50s
		29700 Time iteration: 1.50 | Time plot: 0.71 | Simulation time: 8h 15m 0s
		29710 Time iteration: 0.72 | Time plot: 0.00 | Simulation time: 8h 15m 10s
		29720 Time iteration: 0.74 | Time plot: 0.70 | Simulation time: 8h 15m 20s
		29730 Time iteration: 0.75 | Time plot: 0.00 | Simulation time: 8h 15m 30s
		29740 Time iteration: 0.75 | Time plot: 0.68 | Simulation time: 8h 15m 40s
		29750 Time iteration: 0.75 | Time plot: 0.00 | Simulation time: 8h 15m 50s
		29760 Time iteration: 0.75 | Time plot: 0.71 | Simulation time: 8h 16m 0s
		29770 Time iteration: 0.73 | Time plot: 0.00 | Simulation time: 8h 16m 10s
		29780 Time iteration: 0.75 | Time plot: 0.70 | Simulation time: 8h 16m 20s
		29790 Time iteration: 0.71 | Time plot: 0.00 | Simulation time: 8h 16m 30s
		29800 Time iteration: 0.85 | Time plot: 0.70 | Simulation time: 8h 16m 40s
		29810 Time iteration: 0.74 | Time plot: 0.00 | Simulation time: 8h 16m 50s
		29820 Time iteration: 0.72 | Time plot: 0.68 | Simulation time: 8h 17m 0s
		29830 Time iteration: 0.74 | Time plot: 0.00 | Simulation time: 8h 17m 10s
		29840 Time iteration: 0.74 | Time plot: 0.69 | Simulation time: 8h 17m 20s
		29850 Time iteration: 0.74 | Time plot: 0.00 | Simulation time: 8h 17m 30s
		29860 Time iteration: 0.75 | Time plot: 0.71 | Simulation time: 8h 17m 40s
		29870 Time iteration: 0.74 | Time plot: 0.00 | Simulation time: 8h 17m 50s
		29880 Time iteration: 0.73 | Time plot: 0.68 | Simulation time: 8h 18m 0s
		29890 Time iteration: 0.73 | Time plot: 0.00 | Simulation time: 8h 18m 10s
		29900 Time iteration: 1.10 | Time plot: 0.98 | Simulation time: 8h 18m 20s
		29910 Time iteration: 0.75 | Time plot: 0.00 | Simulation time: 8h 18m 30s
		29920 Time iteration: 0.74 | Time plot: 0.79 | Simulation time: 8h 18m 40s
		29930 Time iteration: 0.74 | Time plot: 0.00 | Simulation time: 8h 18m 50s
		29940 Time iteration: 0.75 | Time plot: 0.71 | Simulation time: 8h 19m 0s
		29950 Time iteration: 0.76 | Time plot: 0.00 | Simulation time: 8h 19m 10s
		29960 Time iteration: 0.73 | Time plot: 0.81 | Simulation time: 8h 19m 20s
		29970 Time iteration: 0.74 | Time plot: 0.00 | Simulation time: 8h 19m 30s
		29980 Time iteration: 0.75 | Time plot: 0.69 | Simulation time: 8h 19m 40s
		29990 Time iteration: 0.74 | Time plot: 0.00 | Simulation time: 8h 19m 50s
		30000 Time iteration: 1.18 | Time plot: 1.48 | Simulation time: 8h 20m 0s
		30010 Time iteration: 0.73 | Time plot: 0.00 | Simulation time: 8h 20m 10s
		30020 Time iteration: 0.76 | Time plot: 0.82 | Simulation time: 8h 20m 20s
		30030 Time iteration: 0.75 | Time plot: 0.00 | Simulation time: 8h 20m 30s
!! Cue_plane4_sat1: Observed Target 39 at off-nadir 0.0 deg
		30040 Time iteration: 0.74 | Time plot: 0.76 | Simulation time: 8h 20m 40s
		30050 Time iteration: 0.74 | Time plot: 0.00 | Simulation time: 8h 20m 50s
		30060 Time iteration: 0.74 | Time plot: 0.70 | Simulation time: 8h 21m 0s
		30070 Time iteration: 0.76 | Time plot: 0.00 | Simulation time: 8h 21m 10s
		30080 Time iteration: 0.74 | Time plot: 0.73 | Simulation time: 8h 21m 20s
		30090 Time iteration: 0.75 | Time plot: 0.00 | Simulation time: 8h 21m 30s
!! Cue_plane0_sat0: Confirmed Target 39=not-whale (actual=whale)
		30100 Time iteration: 1.34 | Time plot: 1.31 | Simulation time: 8h 21m 40s
		30110 Time iteration: 0.76 | Time plot: 0.00 | Simulation time: 8h 21m 50s
		30120 Time iteration: 0.76 | Time plot: 0.88 | Simulation time: 8h 22m 0s
		30130 Time iteration: 0.75 | Time plot: 0.00 | Simulation time: 8h 22m 10s
		30140 Time iteration: 0.75 | Time plot: 0.91 | Simulation time: 8h 22m 20s
		30150 Time iteration: 0.77 | Time plot: 0.00 | Simulation time: 8h 22m 30s
		30160 Time iteration: 0.76 | Time plot: 1.00 | Simulation time: 8h 22m 40s
		30170 Time iteration: 0.77 | Time plot: 0.00 | Simulation time: 8h 22m 50s
		30180 Time iteration: 0.77 | Time plot: 0.82 | Simulation time: 8h 23m 0s
		30190 Time iteration: 0.75 | Time plot: 0.00 | Simulation time: 8h 23m 10s
		30200 Time iteration: 1.10 | Time plot: 1.45 | Simulation time: 8h 23m 20s
		30210 Time iteration: 0.76 | Time plot: 0.00 | Simulation time: 8h 23m 30s
		30220 Time iteration: 0.78 | Time plot: 0.73 | Simulation time: 8h 23m 40s
		30230 Time iteration: 0.76 | Time plot: 0.00 | Simulation time: 8h 23m 50s
		30240 Time iteration: 0.77 | Time plot: 0.67 | Simulation time: 8h 24m 0s
		30250 Time iteration: 0.76 | Time plot: 0.00 | Simulation time: 8h 24m 10s
		30260 Time iteration: 0.75 | Time plot: 0.69 | Simulation time: 8h 24m 20s
		30270 Time iteration: 0.76 | Time plot: 0.00 | Simulation time: 8h 24m 30s
		30280 Time iteration: 0.75 | Time plot: 0.66 | Simulation time: 8h 24m 40s
		30290 Time iteration: 0.77 | Time plot: 0.00 | Simulation time: 8h 24m 50s
		30300 Time iteration: 1.30 | Time plot: 0.70 | Simulation time: 8h 25m 0s
		30310 Time iteration: 0.76 | Time plot: 0.00 | Simulation time: 8h 25m 10s
		30320 Time iteration: 0.76 | Time plot: 0.68 | Simulation time: 8h 25m 20s
		30330 Time iteration: 0.76 | Time plot: 0.00 | Simulation time: 8h 25m 30s
		30340 Time iteration: 0.76 | Time plot: 0.67 | Simulation time: 8h 25m 40s
		30350 Time iteration: 0.76 | Time plot: 0.00 | Simulation time: 8h 25m 50s
		30360 Time iteration: 0.74 | Time plot: 0.68 | Simulation time: 8h 26m 0s
		30370 Time iteration: 0.75 | Time plot: 0.00 | Simulation time: 8h 26m 10s
		30380 Time iteration: 0.75 | Time plot: 0.68 | Simulation time: 8h 26m 20s
		30390 Time iteration: 0.76 | Time plot: 0.00 | Simulation time: 8h 26m 30s
		30400 Time iteration: 0.88 | Time plot: 0.67 | Simulation time: 8h 26m 40s
		30410 Time iteration: 0.77 | Time plot: 0.00 | Simulation time: 8h 26m 50s
		30420 Time iteration: 0.75 | Time plot: 0.71 | Simulation time: 8h 27m 0s
		30430 Time iteration: 0.76 | Time plot: 0.00 | Simulation time: 8h 27m 10s
		30440 Time iteration: 0.75 | Time plot: 0.69 | Simulation time: 8h 27m 20s
		30450 Time iteration: 0.76 | Time plot: 0.00 | Simulation time: 8h 27m 30s
		30460 Time iteration: 0.76 | Time plot: 0.67 | Simulation time: 8h 27m 40s
		30470 Time iteration: 0.75 | Time plot: 0.00 | Simulation time: 8h 27m 50s
		30480 Time iteration: 0.74 | Time plot: 0.70 | Simulation time: 8h 28m 0s
		30490 Time iteration: 0.76 | Time plot: 0.00 | Simulation time: 8h 28m 10s
		30500 Time iteration: 0.92 | Time plot: 1.53 | Simulation time: 8h 28m 20s
		30510 Time iteration: 0.75 | Time plot: 0.00 | Simulation time: 8h 28m 30s
		30520 Time iteration: 0.75 | Time plot: 0.84 | Simulation time: 8h 28m 40s
		30530 Time iteration: 0.74 | Time plot: 0.00 | Simulation time: 8h 28m 50s
		30540 Time iteration: 0.75 | Time plot: 0.68 | Simulation time: 8h 29m 0s
		30550 Time iteration: 0.76 | Time plot: 0.00 | Simulation time: 8h 29m 10s
		30560 Time iteration: 0.76 | Time plot: 0.76 | Simulation time: 8h 29m 20s
		30570 Time iteration: 0.77 | Time plot: 0.00 | Simulation time: 8h 29m 30s
		30580 Time iteration: 0.76 | Time plot: 0.77 | Simulation time: 8h 29m 40s
		30590 Time iteration: 0.74 | Time plot: 0.00 | Simulation time: 8h 29m 50s
		30600 Time iteration: 1.76 | Time plot: 0.90 | Simulation time: 8h 30m 0s
		30610 Time iteration: 0.76 | Time plot: 0.00 | Simulation time: 8h 30m 10s
		30620 Time iteration: 0.74 | Time plot: 0.81 | Simulation time: 8h 30m 20s
		30630 Time iteration: 0.75 | Time plot: 0.00 | Simulation time: 8h 30m 30s
		30640 Time iteration: 0.75 | Time plot: 1.03 | Simulation time: 8h 30m 40s
		30650 Time iteration: 0.74 | Time plot: 0.00 | Simulation time: 8h 30m 50s
		30660 Time iteration: 0.74 | Time plot: 0.94 | Simulation time: 8h 31m 0s
		30670 Time iteration: 0.75 | Time plot: 0.00 | Simulation time: 8h 31m 10s
		30680 Time iteration: 0.75 | Time plot: 0.68 | Simulation time: 8h 31m 20s
		30690 Time iteration: 0.73 | Time plot: 0.00 | Simulation time: 8h 31m 30s
		30700 Time iteration: 1.10 | Time plot: 1.47 | Simulation time: 8h 31m 40s
		30710 Time iteration: 0.74 | Time plot: 0.00 | Simulation time: 8h 31m 50s
		30720 Time iteration: 0.74 | Time plot: 0.87 | Simulation time: 8h 32m 0s
		30730 Time iteration: 0.73 | Time plot: 0.00 | Simulation time: 8h 32m 10s
		30740 Time iteration: 0.72 | Time plot: 0.73 | Simulation time: 8h 32m 20s
		30750 Time iteration: 0.75 | Time plot: 0.00 | Simulation time: 8h 32m 30s
		30760 Time iteration: 0.73 | Time plot: 0.69 | Simulation time: 8h 32m 40s
		30770 Time iteration: 0.72 | Time plot: 0.00 | Simulation time: 8h 32m 50s
		30780 Time iteration: 0.73 | Time plot: 0.71 | Simulation time: 8h 33m 0s
		30790 Time iteration: 0.73 | Time plot: 0.00 | Simulation time: 8h 33m 10s
		30800 Time iteration: 1.21 | Time plot: 1.53 | Simulation time: 8h 33m 20s
		30810 Time iteration: 0.74 | Time plot: 0.00 | Simulation time: 8h 33m 30s
		30820 Time iteration: 0.72 | Time plot: 0.69 | Simulation time: 8h 33m 40s
		30830 Time iteration: 0.73 | Time plot: 0.00 | Simulation time: 8h 33m 50s
		30840 Time iteration: 0.73 | Time plot: 0.81 | Simulation time: 8h 34m 0s
		30850 Time iteration: 0.73 | Time plot: 0.00 | Simulation time: 8h 34m 10s
		30860 Time iteration: 0.73 | Time plot: 0.72 | Simulation time: 8h 34m 20s
		30870 Time iteration: 0.73 | Time plot: 0.00 | Simulation time: 8h 34m 30s
		30880 Time iteration: 0.73 | Time plot: 0.69 | Simulation time: 8h 34m 40s
		30890 Time iteration: 0.71 | Time plot: 0.00 | Simulation time: 8h 34m 50s
		30900 Time iteration: 1.27 | Time plot: 0.92 | Simulation time: 8h 35m 0s
		30910 Time iteration: 0.73 | Time plot: 0.00 | Simulation time: 8h 35m 10s
		30920 Time iteration: 0.71 | Time plot: 0.69 | Simulation time: 8h 35m 20s
		30930 Time iteration: 0.72 | Time plot: 0.00 | Simulation time: 8h 35m 30s
		30940 Time iteration: 0.71 | Time plot: 0.96 | Simulation time: 8h 35m 40s
		30950 Time iteration: 0.74 | Time plot: 0.00 | Simulation time: 8h 35m 50s
		30960 Time iteration: 0.73 | Time plot: 0.70 | Simulation time: 8h 36m 0s
		30970 Time iteration: 0.74 | Time plot: 0.00 | Simulation time: 8h 36m 10s
		30980 Time iteration: 0.75 | Time plot: 0.68 | Simulation time: 8h 36m 20s
		30990 Time iteration: 0.73 | Time plot: 0.00 | Simulation time: 8h 36m 30s
		31000 Time iteration: 0.87 | Time plot: 0.67 | Simulation time: 8h 36m 40s
		31010 Time iteration: 0.73 | Time plot: 0.00 | Simulation time: 8h 36m 50s
		31020 Time iteration: 0.73 | Time plot: 0.72 | Simulation time: 8h 37m 0s
		31030 Time iteration: 0.71 | Time plot: 0.00 | Simulation time: 8h 37m 10s
		31040 Time iteration: 0.72 | Time plot: 0.76 | Simulation time: 8h 37m 20s
		31050 Time iteration: 0.72 | Time plot: 0.00 | Simulation time: 8h 37m 30s
		31060 Time iteration: 0.73 | Time plot: 0.80 | Simulation time: 8h 37m 40s
		31070 Time iteration: 0.74 | Time plot: 0.00 | Simulation time: 8h 37m 50s
		31080 Time iteration: 0.72 | Time plot: 0.71 | Simulation time: 8h 38m 0s
		31090 Time iteration: 0.75 | Time plot: 0.00 | Simulation time: 8h 38m 10s
		31100 Time iteration: 1.51 | Time plot: 1.59 | Simulation time: 8h 38m 20s
		31110 Time iteration: 0.73 | Time plot: 0.00 | Simulation time: 8h 38m 30s
		31120 Time iteration: 0.73 | Time plot: 0.92 | Simulation time: 8h 38m 40s
		31130 Time iteration: 0.72 | Time plot: 0.00 | Simulation time: 8h 38m 50s
		31140 Time iteration: 0.73 | Time plot: 0.97 | Simulation time: 8h 39m 0s
		31150 Time iteration: 0.78 | Time plot: 0.00 | Simulation time: 8h 39m 10s
		31160 Time iteration: 0.71 | Time plot: 1.01 | Simulation time: 8h 39m 20s
		31170 Time iteration: 0.73 | Time plot: 0.00 | Simulation time: 8h 39m 30s
		31180 Time iteration: 0.72 | Time plot: 0.99 | Simulation time: 8h 39m 40s
		31190 Time iteration: 0.72 | Time plot: 0.00 | Simulation time: 8h 39m 50s
		31200 Time iteration: 1.07 | Time plot: 1.11 | Simulation time: 8h 40m 0s
		31210 Time iteration: 0.90 | Time plot: 0.00 | Simulation time: 8h 40m 10s
		31220 Time iteration: 0.73 | Time plot: 0.84 | Simulation time: 8h 40m 20s
		31230 Time iteration: 0.72 | Time plot: 0.00 | Simulation time: 8h 40m 30s
		31240 Time iteration: 0.71 | Time plot: 0.70 | Simulation time: 8h 40m 40s
		31250 Time iteration: 0.73 | Time plot: 0.00 | Simulation time: 8h 40m 50s
		31260 Time iteration: 0.72 | Time plot: 0.70 | Simulation time: 8h 41m 0s
		31270 Time iteration: 0.71 | Time plot: 0.00 | Simulation time: 8h 41m 10s
		31280 Time iteration: 0.72 | Time plot: 0.67 | Simulation time: 8h 41m 20s
		31290 Time iteration: 0.74 | Time plot: 0.00 | Simulation time: 8h 41m 30s
		31300 Time iteration: 1.13 | Time plot: 0.79 | Simulation time: 8h 41m 40s
		31310 Time iteration: 0.72 | Time plot: 0.00 | Simulation time: 8h 41m 50s
		31320 Time iteration: 0.71 | Time plot: 0.85 | Simulation time: 8h 42m 0s
		31330 Time iteration: 0.74 | Time plot: 0.00 | Simulation time: 8h 42m 10s
		31340 Time iteration: 0.72 | Time plot: 0.82 | Simulation time: 8h 42m 20s
		31350 Time iteration: 0.72 | Time plot: 0.00 | Simulation time: 8h 42m 30s
		31360 Time iteration: 0.72 | Time plot: 0.69 | Simulation time: 8h 42m 40s
		31370 Time iteration: 0.72 | Time plot: 0.00 | Simulation time: 8h 42m 50s
		31380 Time iteration: 0.72 | Time plot: 0.69 | Simulation time: 8h 43m 0s
		31390 Time iteration: 0.77 | Time plot: 0.00 | Simulation time: 8h 43m 10s
		31400 Time iteration: 1.09 | Time plot: 0.68 | Simulation time: 8h 43m 20s
		31410 Time iteration: 0.74 | Time plot: 0.00 | Simulation time: 8h 43m 30s
		31420 Time iteration: 0.77 | Time plot: 0.66 | Simulation time: 8h 43m 40s
		31430 Time iteration: 0.75 | Time plot: 0.00 | Simulation time: 8h 43m 50s
		31440 Time iteration: 0.73 | Time plot: 0.68 | Simulation time: 8h 44m 0s
		31450 Time iteration: 0.74 | Time plot: 0.00 | Simulation time: 8h 44m 10s
		31460 Time iteration: 0.72 | Time plot: 0.67 | Simulation time: 8h 44m 20s
		31470 Time iteration: 0.74 | Time plot: 0.00 | Simulation time: 8h 44m 30s
		31480 Time iteration: 0.73 | Time plot: 0.66 | Simulation time: 8h 44m 40s
		31490 Time iteration: 0.74 | Time plot: 0.00 | Simulation time: 8h 44m 50s
		31500 Time iteration: 0.87 | Time plot: 0.67 | Simulation time: 8h 45m 0s
		31510 Time iteration: 0.76 | Time plot: 0.00 | Simulation time: 8h 45m 10s
		31520 Time iteration: 0.75 | Time plot: 0.70 | Simulation time: 8h 45m 20s
		31530 Time iteration: 0.73 | Time plot: 0.00 | Simulation time: 8h 45m 30s
		31540 Time iteration: 0.73 | Time plot: 0.67 | Simulation time: 8h 45m 40s
		31550 Time iteration: 0.73 | Time plot: 0.00 | Simulation time: 8h 45m 50s
		31560 Time iteration: 0.74 | Time plot: 0.67 | Simulation time: 8h 46m 0s
		31570 Time iteration: 0.74 | Time plot: 0.00 | Simulation time: 8h 46m 10s
		31580 Time iteration: 0.74 | Time plot: 0.68 | Simulation time: 8h 46m 20s
		31590 Time iteration: 0.72 | Time plot: 0.00 | Simulation time: 8h 46m 30s
		31600 Time iteration: 0.89 | Time plot: 0.78 | Simulation time: 8h 46m 40s
		31610 Time iteration: 0.75 | Time plot: 0.00 | Simulation time: 8h 46m 50s
		31620 Time iteration: 0.75 | Time plot: 0.68 | Simulation time: 8h 47m 0s
		31630 Time iteration: 0.73 | Time plot: 0.00 | Simulation time: 8h 47m 10s
		31640 Time iteration: 0.77 | Time plot: 1.06 | Simulation time: 8h 47m 20s
		31650 Time iteration: 0.74 | Time plot: 0.00 | Simulation time: 8h 47m 30s
		31660 Time iteration: 0.74 | Time plot: 0.67 | Simulation time: 8h 47m 40s
		31670 Time iteration: 0.74 | Time plot: 0.00 | Simulation time: 8h 47m 50s
		31680 Time iteration: 0.74 | Time plot: 0.67 | Simulation time: 8h 48m 0s
		31690 Time iteration: 0.76 | Time plot: 0.00 | Simulation time: 8h 48m 10s
		31700 Time iteration: 0.94 | Time plot: 1.12 | Simulation time: 8h 48m 20s
		31710 Time iteration: 0.76 | Time plot: 0.00 | Simulation time: 8h 48m 30s
		31720 Time iteration: 0.94 | Time plot: 1.11 | Simulation time: 8h 48m 40s
		31730 Time iteration: 0.75 | Time plot: 0.00 | Simulation time: 8h 48m 50s
		31740 Time iteration: 0.77 | Time plot: 0.95 | Simulation time: 8h 49m 0s
		31750 Time iteration: 0.75 | Time plot: 0.00 | Simulation time: 8h 49m 10s
		31760 Time iteration: 0.75 | Time plot: 1.05 | Simulation time: 8h 49m 20s
		31770 Time iteration: 0.75 | Time plot: 0.00 | Simulation time: 8h 49m 30s
		31780 Time iteration: 0.75 | Time plot: 0.85 | Simulation time: 8h 49m 40s
!! Cue_plane2_sat0: Observed Target 213 at off-nadir 0.0 deg
		31790 Time iteration: 1.91 | Time plot: 0.00 | Simulation time: 8h 49m 50s
		31800 Time iteration: 1.51 | Time plot: 0.77 | Simulation time: 8h 50m 0s
		31810 Time iteration: 0.74 | Time plot: 0.00 | Simulation time: 8h 50m 10s
		31820 Time iteration: 0.74 | Time plot: 1.04 | Simulation time: 8h 50m 20s
		31830 Time iteration: 0.74 | Time plot: 0.00 | Simulation time: 8h 50m 30s
		31840 Time iteration: 0.79 | Time plot: 0.68 | Simulation time: 8h 50m 40s
		31850 Time iteration: 0.73 | Time plot: 0.00 | Simulation time: 8h 50m 50s
!! Cue_plane0_sat0: Confirmed Target 213=whale (actual=whale)
		31860 Time iteration: 0.77 | Time plot: 1.16 | Simulation time: 8h 51m 0s
		31870 Time iteration: 0.77 | Time plot: 0.00 | Simulation time: 8h 51m 10s
		31880 Time iteration: 0.75 | Time plot: 0.84 | Simulation time: 8h 51m 20s
		31890 Time iteration: 0.77 | Time plot: 0.00 | Simulation time: 8h 51m 30s
		31900 Time iteration: 1.04 | Time plot: 0.78 | Simulation time: 8h 51m 40s
		31910 Time iteration: 0.74 | Time plot: 0.00 | Simulation time: 8h 51m 50s
		31920 Time iteration: 0.74 | Time plot: 1.05 | Simulation time: 8h 52m 0s
		31930 Time iteration: 0.89 | Time plot: 0.00 | Simulation time: 8h 52m 10s
		31940 Time iteration: 0.74 | Time plot: 0.78 | Simulation time: 8h 52m 20s
		31950 Time iteration: 0.75 | Time plot: 0.00 | Simulation time: 8h 52m 30s
		31960 Time iteration: 0.74 | Time plot: 0.70 | Simulation time: 8h 52m 40s
		31970 Time iteration: 0.77 | Time plot: 0.00 | Simulation time: 8h 52m 50s
		31980 Time iteration: 0.74 | Time plot: 0.71 | Simulation time: 8h 53m 0s
		31990 Time iteration: 0.77 | Time plot: 0.00 | Simulation time: 8h 53m 10s
		32000 Time iteration: 1.39 | Time plot: 1.60 | Simulation time: 8h 53m 20s
		32010 Time iteration: 0.74 | Time plot: 0.00 | Simulation time: 8h 53m 30s
		32020 Time iteration: 0.74 | Time plot: 0.86 | Simulation time: 8h 53m 40s
		32030 Time iteration: 0.76 | Time plot: 0.00 | Simulation time: 8h 53m 50s
		32040 Time iteration: 0.74 | Time plot: 0.80 | Simulation time: 8h 54m 0s
		32050 Time iteration: 0.74 | Time plot: 0.00 | Simulation time: 8h 54m 10s
		32060 Time iteration: 0.74 | Time plot: 0.69 | Simulation time: 8h 54m 20s
		32070 Time iteration: 0.75 | Time plot: 0.00 | Simulation time: 8h 54m 30s
		32080 Time iteration: 0.73 | Time plot: 0.71 | Simulation time: 8h 54m 40s
		32090 Time iteration: 0.74 | Time plot: 0.00 | Simulation time: 8h 54m 50s
		32100 Time iteration: 1.53 | Time plot: 0.95 | Simulation time: 8h 55m 0s
		32110 Time iteration: 0.74 | Time plot: 0.00 | Simulation time: 8h 55m 10s
		32120 Time iteration: 0.74 | Time plot: 1.24 | Simulation time: 8h 55m 20s
		32130 Time iteration: 0.75 | Time plot: 0.00 | Simulation time: 8h 55m 30s
		32140 Time iteration: 0.75 | Time plot: 0.81 | Simulation time: 8h 55m 40s
		32150 Time iteration: 0.75 | Time plot: 0.00 | Simulation time: 8h 55m 50s
		32160 Time iteration: 0.75 | Time plot: 0.69 | Simulation time: 8h 56m 0s
		32170 Time iteration: 0.74 | Time plot: 0.00 | Simulation time: 8h 56m 10s
		32180 Time iteration: 0.74 | Time plot: 0.71 | Simulation time: 8h 56m 20s
		32190 Time iteration: 0.74 | Time plot: 0.00 | Simulation time: 8h 56m 30s
		32200 Time iteration: 1.35 | Time plot: 0.96 | Simulation time: 8h 56m 40s
		32210 Time iteration: 0.76 | Time plot: 0.00 | Simulation time: 8h 56m 50s
!! Cue_plane7_sat1: Observed Target 442 at off-nadir 0.0 deg
		32220 Time iteration: 0.75 | Time plot: 0.94 | Simulation time: 8h 57m 0s
		32230 Time iteration: 0.76 | Time plot: 0.00 | Simulation time: 8h 57m 10s
		32240 Time iteration: 0.74 | Time plot: 0.73 | Simulation time: 8h 57m 20s
		32250 Time iteration: 0.74 | Time plot: 0.00 | Simulation time: 8h 57m 30s
		32260 Time iteration: 0.76 | Time plot: 0.70 | Simulation time: 8h 57m 40s
		32270 Time iteration: 0.73 | Time plot: 0.00 | Simulation time: 8h 57m 50s
!! Cue_plane0_sat0: Confirmed Target 442=whale (actual=whale)
		32280 Time iteration: 0.75 | Time plot: 0.76 | Simulation time: 8h 58m 0s
		32290 Time iteration: 0.73 | Time plot: 0.00 | Simulation time: 8h 58m 10s
		32300 Time iteration: 1.61 | Time plot: 0.91 | Simulation time: 8h 58m 20s
		32310 Time iteration: 0.72 | Time plot: 0.00 | Simulation time: 8h 58m 30s
		32320 Time iteration: 0.73 | Time plot: 1.15 | Simulation time: 8h 58m 40s
		32330 Time iteration: 0.73 | Time plot: 0.00 | Simulation time: 8h 58m 50s
		32340 Time iteration: 0.72 | Time plot: 0.79 | Simulation time: 8h 59m 0s
		32350 Time iteration: 0.73 | Time plot: 0.00 | Simulation time: 8h 59m 10s
		32360 Time iteration: 0.72 | Time plot: 1.08 | Simulation time: 8h 59m 20s
		32370 Time iteration: 0.75 | Time plot: 0.00 | Simulation time: 8h 59m 30s
		32380 Time iteration: 0.73 | Time plot: 1.00 | Simulation time: 8h 59m 40s
		32390 Time iteration: 0.75 | Time plot: 0.00 | Simulation time: 8h 59m 50s
		32400 Time iteration: 1.24 | Time plot: 1.01 | Simulation time: 9h 0m 0s
		32410 Time iteration: 0.77 | Time plot: 0.00 | Simulation time: 9h 0m 10s
		32420 Time iteration: 0.76 | Time plot: 0.83 | Simulation time: 9h 0m 20s
		32430 Time iteration: 0.74 | Time plot: 0.00 | Simulation time: 9h 0m 30s
		32440 Time iteration: 0.74 | Time plot: 0.69 | Simulation time: 9h 0m 40s
		32450 Time iteration: 0.74 | Time plot: 0.00 | Simulation time: 9h 0m 50s
		32460 Time iteration: 0.74 | Time plot: 0.72 | Simulation time: 9h 1m 0s
		32470 Time iteration: 0.74 | Time plot: 0.00 | Simulation time: 9h 1m 10s
		32480 Time iteration: 0.76 | Time plot: 0.67 | Simulation time: 9h 1m 20s
		32490 Time iteration: 0.73 | Time plot: 0.00 | Simulation time: 9h 1m 30s
		32500 Time iteration: 1.99 | Time plot: 0.67 | Simulation time: 9h 1m 40s
		32510 Time iteration: 0.74 | Time plot: 0.00 | Simulation time: 9h 1m 50s
		32520 Time iteration: 0.74 | Time plot: 0.68 | Simulation time: 9h 2m 0s
		32530 Time iteration: 0.75 | Time plot: 0.00 | Simulation time: 9h 2m 10s
		32540 Time iteration: 0.74 | Time plot: 0.67 | Simulation time: 9h 2m 20s
		32550 Time iteration: 0.74 | Time plot: 0.00 | Simulation time: 9h 2m 30s
		32560 Time iteration: 0.73 | Time plot: 0.66 | Simulation time: 9h 2m 40s
		32570 Time iteration: 0.85 | Time plot: 0.00 | Simulation time: 9h 2m 50s
		32580 Time iteration: 0.82 | Time plot: 0.76 | Simulation time: 9h 3m 0s
		32590 Time iteration: 0.73 | Time plot: 0.00 | Simulation time: 9h 3m 10s
		32600 Time iteration: 0.86 | Time plot: 0.70 | Simulation time: 9h 3m 20s
		32610 Time iteration: 0.72 | Time plot: 0.00 | Simulation time: 9h 3m 30s
		32620 Time iteration: 0.72 | Time plot: 0.72 | Simulation time: 9h 3m 40s
		32630 Time iteration: 0.73 | Time plot: 0.00 | Simulation time: 9h 3m 50s
		32640 Time iteration: 0.71 | Time plot: 0.67 | Simulation time: 9h 4m 0s
		32650 Time iteration: 0.76 | Time plot: 0.00 | Simulation time: 9h 4m 10s
		32660 Time iteration: 0.73 | Time plot: 0.68 | Simulation time: 9h 4m 20s
		32670 Time iteration: 0.73 | Time plot: 0.00 | Simulation time: 9h 4m 30s
		32680 Time iteration: 0.72 | Time plot: 0.68 | Simulation time: 9h 4m 40s
		32690 Time iteration: 0.71 | Time plot: 0.00 | Simulation time: 9h 4m 50s
		32700 Time iteration: 0.87 | Time plot: 0.72 | Simulation time: 9h 5m 0s
		32710 Time iteration: 0.72 | Time plot: 0.00 | Simulation time: 9h 5m 10s
		32720 Time iteration: 0.71 | Time plot: 0.69 | Simulation time: 9h 5m 20s
		32730 Time iteration: 0.74 | Time plot: 0.00 | Simulation time: 9h 5m 30s
		32740 Time iteration: 0.74 | Time plot: 0.72 | Simulation time: 9h 5m 40s
		32750 Time iteration: 0.76 | Time plot: 0.00 | Simulation time: 9h 5m 50s
		32760 Time iteration: 0.73 | Time plot: 1.25 | Simulation time: 9h 6m 0s
		32770 Time iteration: 0.75 | Time plot: 0.00 | Simulation time: 9h 6m 10s
		32780 Time iteration: 0.74 | Time plot: 0.93 | Simulation time: 9h 6m 20s
		32790 Time iteration: 0.74 | Time plot: 0.00 | Simulation time: 9h 6m 30s
		32800 Time iteration: 0.86 | Time plot: 0.94 | Simulation time: 9h 6m 40s
		32810 Time iteration: 0.75 | Time plot: 0.00 | Simulation time: 9h 6m 50s
		32820 Time iteration: 0.75 | Time plot: 0.90 | Simulation time: 9h 7m 0s
		32830 Time iteration: 0.77 | Time plot: 0.00 | Simulation time: 9h 7m 10s
		32840 Time iteration: 0.74 | Time plot: 1.06 | Simulation time: 9h 7m 20s
		32850 Time iteration: 0.76 | Time plot: 0.00 | Simulation time: 9h 7m 30s
		32860 Time iteration: 0.82 | Time plot: 1.03 | Simulation time: 9h 7m 40s
		32870 Time iteration: 0.74 | Time plot: 0.00 | Simulation time: 9h 7m 50s
		32880 Time iteration: 0.73 | Time plot: 0.92 | Simulation time: 9h 8m 0s
		32890 Time iteration: 0.74 | Time plot: 0.00 | Simulation time: 9h 8m 10s
		32900 Time iteration: 1.17 | Time plot: 1.08 | Simulation time: 9h 8m 20s
		32910 Time iteration: 0.73 | Time plot: 0.00 | Simulation time: 9h 8m 30s
		32920 Time iteration: 0.75 | Time plot: 0.97 | Simulation time: 9h 8m 40s
		32930 Time iteration: 0.76 | Time plot: 0.00 | Simulation time: 9h 8m 50s
		32940 Time iteration: 0.85 | Time plot: 0.87 | Simulation time: 9h 9m 0s
		32950 Time iteration: 0.73 | Time plot: 0.00 | Simulation time: 9h 9m 10s
		32960 Time iteration: 0.73 | Time plot: 0.68 | Simulation time: 9h 9m 20s
		32970 Time iteration: 0.74 | Time plot: 0.00 | Simulation time: 9h 9m 30s
		32980 Time iteration: 0.72 | Time plot: 0.68 | Simulation time: 9h 9m 40s
		32990 Time iteration: 0.76 | Time plot: 0.00 | Simulation time: 9h 9m 50s
		33000 Time iteration: 1.71 | Time plot: 1.01 | Simulation time: 9h 10m 0s
		33010 Time iteration: 0.75 | Time plot: 0.00 | Simulation time: 9h 10m 10s
		33020 Time iteration: 0.75 | Time plot: 0.68 | Simulation time: 9h 10m 20s
		33030 Time iteration: 0.74 | Time plot: 0.00 | Simulation time: 9h 10m 30s
		33040 Time iteration: 0.76 | Time plot: 0.80 | Simulation time: 9h 10m 40s
		33050 Time iteration: 0.76 | Time plot: 0.00 | Simulation time: 9h 10m 50s
		33060 Time iteration: 0.77 | Time plot: 0.68 | Simulation time: 9h 11m 0s
		33070 Time iteration: 0.75 | Time plot: 0.00 | Simulation time: 9h 11m 10s
		33080 Time iteration: 0.75 | Time plot: 0.69 | Simulation time: 9h 11m 20s
		33090 Time iteration: 0.77 | Time plot: 0.00 | Simulation time: 9h 11m 30s
		33100 Time iteration: 1.17 | Time plot: 1.28 | Simulation time: 9h 11m 40s
		33110 Time iteration: 0.75 | Time plot: 0.00 | Simulation time: 9h 11m 50s
		33120 Time iteration: 0.75 | Time plot: 0.85 | Simulation time: 9h 12m 0s
		33130 Time iteration: 0.75 | Time plot: 0.00 | Simulation time: 9h 12m 10s
		33140 Time iteration: 0.76 | Time plot: 0.75 | Simulation time: 9h 12m 20s
		33150 Time iteration: 0.74 | Time plot: 0.00 | Simulation time: 9h 12m 30s
		33160 Time iteration: 0.75 | Time plot: 0.72 | Simulation time: 9h 12m 40s
		33170 Time iteration: 0.75 | Time plot: 0.00 | Simulation time: 9h 12m 50s
		33180 Time iteration: 0.75 | Time plot: 0.71 | Simulation time: 9h 13m 0s
		33190 Time iteration: 0.79 | Time plot: 0.00 | Simulation time: 9h 13m 10s
		33200 Time iteration: 2.19 | Time plot: 0.97 | Simulation time: 9h 13m 20s
		33210 Time iteration: 0.76 | Time plot: 0.00 | Simulation time: 9h 13m 30s
		33220 Time iteration: 0.77 | Time plot: 0.87 | Simulation time: 9h 13m 40s
		33230 Time iteration: 0.75 | Time plot: 0.00 | Simulation time: 9h 13m 50s
		33240 Time iteration: 0.76 | Time plot: 0.89 | Simulation time: 9h 14m 0s
		33250 Time iteration: 0.80 | Time plot: 0.00 | Simulation time: 9h 14m 10s
		33260 Time iteration: 0.77 | Time plot: 0.69 | Simulation time: 9h 14m 20s
		33270 Time iteration: 0.76 | Time plot: 0.00 | Simulation time: 9h 14m 30s
		33280 Time iteration: 0.75 | Time plot: 0.67 | Simulation time: 9h 14m 40s
		33290 Time iteration: 0.77 | Time plot: 0.00 | Simulation time: 9h 14m 50s
		33300 Time iteration: 1.78 | Time plot: 1.60 | Simulation time: 9h 15m 0s
		33310 Time iteration: 0.76 | Time plot: 0.00 | Simulation time: 9h 15m 10s
		33320 Time iteration: 0.76 | Time plot: 0.72 | Simulation time: 9h 15m 20s
		33330 Time iteration: 0.75 | Time plot: 0.00 | Simulation time: 9h 15m 30s
		33340 Time iteration: 0.75 | Time plot: 0.68 | Simulation time: 9h 15m 40s
		33350 Time iteration: 0.75 | Time plot: 0.00 | Simulation time: 9h 15m 50s
		33360 Time iteration: 0.77 | Time plot: 0.70 | Simulation time: 9h 16m 0s
		33370 Time iteration: 0.75 | Time plot: 0.00 | Simulation time: 9h 16m 10s
		33380 Time iteration: 0.76 | Time plot: 0.69 | Simulation time: 9h 16m 20s
		33390 Time iteration: 0.76 | Time plot: 0.00 | Simulation time: 9h 16m 30s
		33400 Time iteration: 1.83 | Time plot: 0.75 | Simulation time: 9h 16m 40s
		33410 Time iteration: 0.75 | Time plot: 0.00 | Simulation time: 9h 16m 50s
		33420 Time iteration: 0.75 | Time plot: 1.52 | Simulation time: 9h 17m 0s
		33430 Time iteration: 0.75 | Time plot: 0.00 | Simulation time: 9h 17m 10s
		33440 Time iteration: 0.77 | Time plot: 0.87 | Simulation time: 9h 17m 20s
		33450 Time iteration: 0.75 | Time plot: 0.00 | Simulation time: 9h 17m 30s
		33460 Time iteration: 0.75 | Time plot: 0.79 | Simulation time: 9h 17m 40s
		33470 Time iteration: 0.75 | Time plot: 0.00 | Simulation time: 9h 17m 50s
		33480 Time iteration: 0.76 | Time plot: 0.72 | Simulation time: 9h 18m 0s
		33490 Time iteration: 0.76 | Time plot: 0.00 | Simulation time: 9h 18m 10s
		33500 Time iteration: 2.00 | Time plot: 0.95 | Simulation time: 9h 18m 20s
		33510 Time iteration: 0.74 | Time plot: 0.00 | Simulation time: 9h 18m 30s
		33520 Time iteration: 0.74 | Time plot: 0.74 | Simulation time: 9h 18m 40s
		33530 Time iteration: 0.75 | Time plot: 0.00 | Simulation time: 9h 18m 50s
		33540 Time iteration: 0.74 | Time plot: 0.69 | Simulation time: 9h 19m 0s
		33550 Time iteration: 0.75 | Time plot: 0.00 | Simulation time: 9h 19m 10s
		33560 Time iteration: 0.74 | Time plot: 0.69 | Simulation time: 9h 19m 20s
		33570 Time iteration: 0.75 | Time plot: 0.00 | Simulation time: 9h 19m 30s
		33580 Time iteration: 0.72 | Time plot: 0.67 | Simulation time: 9h 19m 40s
		33590 Time iteration: 0.74 | Time plot: 0.00 | Simulation time: 9h 19m 50s
		33600 Time iteration: 1.79 | Time plot: 1.13 | Simulation time: 9h 20m 0s
		33610 Time iteration: 0.72 | Time plot: 0.00 | Simulation time: 9h 20m 10s
		33620 Time iteration: 0.73 | Time plot: 0.75 | Simulation time: 9h 20m 20s
		33630 Time iteration: 0.71 | Time plot: 0.00 | Simulation time: 9h 20m 30s
		33640 Time iteration: 0.71 | Time plot: 0.69 | Simulation time: 9h 20m 40s
		33650 Time iteration: 0.71 | Time plot: 0.00 | Simulation time: 9h 20m 50s
		33660 Time iteration: 0.72 | Time plot: 0.67 | Simulation time: 9h 21m 0s
		33670 Time iteration: 0.72 | Time plot: 0.00 | Simulation time: 9h 21m 10s
		33680 Time iteration: 0.72 | Time plot: 0.66 | Simulation time: 9h 21m 20s
		33690 Time iteration: 0.72 | Time plot: 0.00 | Simulation time: 9h 21m 30s
		33700 Time iteration: 0.90 | Time plot: 0.66 | Simulation time: 9h 21m 40s
		33710 Time iteration: 0.72 | Time plot: 0.00 | Simulation time: 9h 21m 50s
		33720 Time iteration: 0.71 | Time plot: 0.68 | Simulation time: 9h 22m 0s
		33730 Time iteration: 0.72 | Time plot: 0.00 | Simulation time: 9h 22m 10s
		33740 Time iteration: 0.71 | Time plot: 0.70 | Simulation time: 9h 22m 20s
		33750 Time iteration: 0.73 | Time plot: 0.00 | Simulation time: 9h 22m 30s
		33760 Time iteration: 0.71 | Time plot: 0.67 | Simulation time: 9h 22m 40s
		33770 Time iteration: 0.75 | Time plot: 0.00 | Simulation time: 9h 22m 50s
		33780 Time iteration: 0.72 | Time plot: 0.69 | Simulation time: 9h 23m 0s
		33790 Time iteration: 0.74 | Time plot: 0.00 | Simulation time: 9h 23m 10s
		33800 Time iteration: 0.88 | Time plot: 0.68 | Simulation time: 9h 23m 20s
		33810 Time iteration: 0.72 | Time plot: 0.00 | Simulation time: 9h 23m 30s
		33820 Time iteration: 0.73 | Time plot: 0.67 | Simulation time: 9h 23m 40s
		33830 Time iteration: 0.73 | Time plot: 0.00 | Simulation time: 9h 23m 50s
		33840 Time iteration: 0.70 | Time plot: 0.68 | Simulation time: 9h 24m 0s
		33850 Time iteration: 0.70 | Time plot: 0.00 | Simulation time: 9h 24m 10s
		33860 Time iteration: 0.70 | Time plot: 0.70 | Simulation time: 9h 24m 20s
		33870 Time iteration: 0.81 | Time plot: 0.00 | Simulation time: 9h 24m 30s
		33880 Time iteration: 0.71 | Time plot: 1.38 | Simulation time: 9h 24m 40s
		33890 Time iteration: 0.70 | Time plot: 0.00 | Simulation time: 9h 24m 50s
		33900 Time iteration: 0.86 | Time plot: 0.90 | Simulation time: 9h 25m 0s
		33910 Time iteration: 0.70 | Time plot: 0.00 | Simulation time: 9h 25m 10s
		33920 Time iteration: 0.72 | Time plot: 0.68 | Simulation time: 9h 25m 20s
		33930 Time iteration: 0.71 | Time plot: 0.00 | Simulation time: 9h 25m 30s
		33940 Time iteration: 0.72 | Time plot: 0.70 | Simulation time: 9h 25m 40s
		33950 Time iteration: 0.72 | Time plot: 0.00 | Simulation time: 9h 25m 50s
		33960 Time iteration: 0.71 | Time plot: 0.93 | Simulation time: 9h 26m 0s
		33970 Time iteration: 0.75 | Time plot: 0.00 | Simulation time: 9h 26m 10s
		33980 Time iteration: 0.75 | Time plot: 0.77 | Simulation time: 9h 26m 20s
		33990 Time iteration: 0.72 | Time plot: 0.00 | Simulation time: 9h 26m 30s
		34000 Time iteration: 1.49 | Time plot: 1.01 | Simulation time: 9h 26m 40s
		34010 Time iteration: 0.73 | Time plot: 0.00 | Simulation time: 9h 26m 50s
		34020 Time iteration: 0.72 | Time plot: 0.77 | Simulation time: 9h 27m 0s
		34030 Time iteration: 0.74 | Time plot: 0.00 | Simulation time: 9h 27m 10s
		34040 Time iteration: 0.73 | Time plot: 0.70 | Simulation time: 9h 27m 20s
		34050 Time iteration: 0.71 | Time plot: 0.00 | Simulation time: 9h 27m 30s
		34060 Time iteration: 0.72 | Time plot: 0.68 | Simulation time: 9h 27m 40s
		34070 Time iteration: 0.72 | Time plot: 0.00 | Simulation time: 9h 27m 50s
		34080 Time iteration: 0.73 | Time plot: 0.68 | Simulation time: 9h 28m 0s
		34090 Time iteration: 0.72 | Time plot: 0.00 | Simulation time: 9h 28m 10s
		34100 Time iteration: 1.62 | Time plot: 1.65 | Simulation time: 9h 28m 20s
		34110 Time iteration: 0.73 | Time plot: 0.00 | Simulation time: 9h 28m 30s
		34120 Time iteration: 0.73 | Time plot: 0.82 | Simulation time: 9h 28m 40s
		34130 Time iteration: 0.79 | Time plot: 0.00 | Simulation time: 9h 28m 50s
		34140 Time iteration: 0.72 | Time plot: 0.71 | Simulation time: 9h 29m 0s
		34150 Time iteration: 0.74 | Time plot: 0.00 | Simulation time: 9h 29m 10s
		34160 Time iteration: 0.71 | Time plot: 0.68 | Simulation time: 9h 29m 20s
		34170 Time iteration: 0.78 | Time plot: 0.00 | Simulation time: 9h 29m 30s
		34180 Time iteration: 0.74 | Time plot: 0.68 | Simulation time: 9h 29m 40s
		34190 Time iteration: 0.73 | Time plot: 0.00 | Simulation time: 9h 29m 50s
		34200 Time iteration: 1.91 | Time plot: 0.96 | Simulation time: 9h 30m 0s
		34210 Time iteration: 0.72 | Time plot: 0.00 | Simulation time: 9h 30m 10s
		34220 Time iteration: 0.73 | Time plot: 0.86 | Simulation time: 9h 30m 20s
		34230 Time iteration: 0.72 | Time plot: 0.00 | Simulation time: 9h 30m 30s
		34240 Time iteration: 0.74 | Time plot: 0.86 | Simulation time: 9h 30m 40s
		34250 Time iteration: 0.72 | Time plot: 0.00 | Simulation time: 9h 30m 50s
		34260 Time iteration: 0.73 | Time plot: 0.72 | Simulation time: 9h 31m 0s
		34270 Time iteration: 0.72 | Time plot: 0.00 | Simulation time: 9h 31m 10s
		34280 Time iteration: 0.72 | Time plot: 0.93 | Simulation time: 9h 31m 20s
		34290 Time iteration: 0.72 | Time plot: 0.00 | Simulation time: 9h 31m 30s
		34300 Time iteration: 1.04 | Time plot: 0.97 | Simulation time: 9h 31m 40s
		34310 Time iteration: 0.72 | Time plot: 0.00 | Simulation time: 9h 31m 50s
		34320 Time iteration: 0.72 | Time plot: 0.93 | Simulation time: 9h 32m 0s
		34330 Time iteration: 0.73 | Time plot: 0.00 | Simulation time: 9h 32m 10s
		34340 Time iteration: 0.76 | Time plot: 1.05 | Simulation time: 9h 32m 20s
		34350 Time iteration: 0.73 | Time plot: 0.00 | Simulation time: 9h 32m 30s
		34360 Time iteration: 0.73 | Time plot: 1.05 | Simulation time: 9h 32m 40s
		34370 Time iteration: 0.73 | Time plot: 0.00 | Simulation time: 9h 32m 50s
		34380 Time iteration: 0.74 | Time plot: 0.89 | Simulation time: 9h 33m 0s
		34390 Time iteration: 0.74 | Time plot: 0.00 | Simulation time: 9h 33m 10s
		34400 Time iteration: 1.17 | Time plot: 0.95 | Simulation time: 9h 33m 20s
		34410 Time iteration: 0.74 | Time plot: 0.00 | Simulation time: 9h 33m 30s
		34420 Time iteration: 0.74 | Time plot: 0.77 | Simulation time: 9h 33m 40s
		34430 Time iteration: 0.73 | Time plot: 0.00 | Simulation time: 9h 33m 50s
		34440 Time iteration: 0.75 | Time plot: 0.72 | Simulation time: 9h 34m 0s
		34450 Time iteration: 0.75 | Time plot: 0.00 | Simulation time: 9h 34m 10s
		34460 Time iteration: 0.74 | Time plot: 0.71 | Simulation time: 9h 34m 20s
		34470 Time iteration: 0.72 | Time plot: 0.00 | Simulation time: 9h 34m 30s
		34480 Time iteration: 0.73 | Time plot: 0.68 | Simulation time: 9h 34m 40s
		34490 Time iteration: 0.74 | Time plot: 0.00 | Simulation time: 9h 34m 50s
		34500 Time iteration: 2.43 | Time plot: 1.80 | Simulation time: 9h 35m 0s
		34510 Time iteration: 0.84 | Time plot: 0.00 | Simulation time: 9h 35m 10s
		34520 Time iteration: 0.74 | Time plot: 0.82 | Simulation time: 9h 35m 20s
		34530 Time iteration: 0.76 | Time plot: 0.00 | Simulation time: 9h 35m 30s
		34540 Time iteration: 0.74 | Time plot: 0.73 | Simulation time: 9h 35m 40s
		34550 Time iteration: 0.74 | Time plot: 0.00 | Simulation time: 9h 35m 50s
		34560 Time iteration: 0.75 | Time plot: 0.73 | Simulation time: 9h 36m 0s
		34570 Time iteration: 0.74 | Time plot: 0.00 | Simulation time: 9h 36m 10s
		34580 Time iteration: 0.74 | Time plot: 0.77 | Simulation time: 9h 36m 20s
		34590 Time iteration: 0.74 | Time plot: 0.00 | Simulation time: 9h 36m 30s
		34600 Time iteration: 1.31 | Time plot: 1.55 | Simulation time: 9h 36m 40s
		34610 Time iteration: 0.76 | Time plot: 0.00 | Simulation time: 9h 36m 50s
		34620 Time iteration: 0.75 | Time plot: 1.01 | Simulation time: 9h 37m 0s
		34630 Time iteration: 0.75 | Time plot: 0.00 | Simulation time: 9h 37m 10s
		34640 Time iteration: 0.75 | Time plot: 0.80 | Simulation time: 9h 37m 20s
		34650 Time iteration: 0.75 | Time plot: 0.00 | Simulation time: 9h 37m 30s
		34660 Time iteration: 0.75 | Time plot: 0.74 | Simulation time: 9h 37m 40s
		34670 Time iteration: 0.77 | Time plot: 0.00 | Simulation time: 9h 37m 50s
		34680 Time iteration: 0.80 | Time plot: 0.68 | Simulation time: 9h 38m 0s
		34690 Time iteration: 0.75 | Time plot: 0.00 | Simulation time: 9h 38m 10s
		34700 Time iteration: 1.67 | Time plot: 0.95 | Simulation time: 9h 38m 20s
		34710 Time iteration: 0.75 | Time plot: 0.00 | Simulation time: 9h 38m 30s
		34720 Time iteration: 0.76 | Time plot: 0.89 | Simulation time: 9h 38m 40s
		34730 Time iteration: 0.73 | Time plot: 0.00 | Simulation time: 9h 38m 50s
		34740 Time iteration: 0.73 | Time plot: 0.92 | Simulation time: 9h 39m 0s
		34750 Time iteration: 0.74 | Time plot: 0.00 | Simulation time: 9h 39m 10s
		34760 Time iteration: 0.74 | Time plot: 0.85 | Simulation time: 9h 39m 20s
		34770 Time iteration: 0.76 | Time plot: 0.00 | Simulation time: 9h 39m 30s
		34780 Time iteration: 0.75 | Time plot: 0.69 | Simulation time: 9h 39m 40s
		34790 Time iteration: 0.74 | Time plot: 0.00 | Simulation time: 9h 39m 50s
		34800 Time iteration: 1.05 | Time plot: 0.67 | Simulation time: 9h 40m 0s
		34810 Time iteration: 0.74 | Time plot: 0.00 | Simulation time: 9h 40m 10s
!! Cue_plane7_sat0: Observed Target 89 at off-nadir 0.0 deg
		34820 Time iteration: 1.93 | Time plot: 0.72 | Simulation time: 9h 40m 20s
		34830 Time iteration: 0.74 | Time plot: 0.00 | Simulation time: 9h 40m 30s
		34840 Time iteration: 0.74 | Time plot: 0.67 | Simulation time: 9h 40m 40s
		34850 Time iteration: 0.74 | Time plot: 0.00 | Simulation time: 9h 40m 50s
		34860 Time iteration: 0.75 | Time plot: 0.67 | Simulation time: 9h 41m 0s
		34870 Time iteration: 0.73 | Time plot: 0.00 | Simulation time: 9h 41m 10s
		34880 Time iteration: 0.74 | Time plot: 0.69 | Simulation time: 9h 41m 20s
!! Cue_plane0_sat1: Confirmed Target 89=whale (actual=whale)
		34890 Time iteration: 0.74 | Time plot: 0.00 | Simulation time: 9h 41m 30s
		34900 Time iteration: 0.89 | Time plot: 0.69 | Simulation time: 9h 41m 40s
		34910 Time iteration: 0.74 | Time plot: 0.00 | Simulation time: 9h 41m 50s
		34920 Time iteration: 0.73 | Time plot: 0.67 | Simulation time: 9h 42m 0s
		34930 Time iteration: 0.74 | Time plot: 0.00 | Simulation time: 9h 42m 10s
		34940 Time iteration: 0.74 | Time plot: 0.68 | Simulation time: 9h 42m 20s
		34950 Time iteration: 0.74 | Time plot: 0.00 | Simulation time: 9h 42m 30s
		34960 Time iteration: 0.73 | Time plot: 0.70 | Simulation time: 9h 42m 40s
		34970 Time iteration: 0.75 | Time plot: 0.00 | Simulation time: 9h 42m 50s
		34980 Time iteration: 0.75 | Time plot: 0.69 | Simulation time: 9h 43m 0s
		34990 Time iteration: 0.73 | Time plot: 0.00 | Simulation time: 9h 43m 10s
		35000 Time iteration: 0.88 | Time plot: 0.67 | Simulation time: 9h 43m 20s
		35010 Time iteration: 0.73 | Time plot: 0.00 | Simulation time: 9h 43m 30s
		35020 Time iteration: 0.74 | Time plot: 1.02 | Simulation time: 9h 43m 40s
		35030 Time iteration: 0.75 | Time plot: 0.00 | Simulation time: 9h 43m 50s
		35040 Time iteration: 0.74 | Time plot: 0.76 | Simulation time: 9h 44m 0s
		35050 Time iteration: 0.74 | Time plot: 0.00 | Simulation time: 9h 44m 10s
		35060 Time iteration: 0.74 | Time plot: 1.22 | Simulation time: 9h 44m 20s
		35070 Time iteration: 0.74 | Time plot: 0.00 | Simulation time: 9h 44m 30s
		35080 Time iteration: 0.74 | Time plot: 0.87 | Simulation time: 9h 44m 40s
		35090 Time iteration: 0.74 | Time plot: 0.00 | Simulation time: 9h 44m 50s
		35100 Time iteration: 0.89 | Time plot: 0.87 | Simulation time: 9h 45m 0s
		35110 Time iteration: 0.82 | Time plot: 0.00 | Simulation time: 9h 45m 10s
		35120 Time iteration: 0.74 | Time plot: 0.92 | Simulation time: 9h 45m 20s
		35130 Time iteration: 0.76 | Time plot: 0.00 | Simulation time: 9h 45m 30s
		35140 Time iteration: 0.74 | Time plot: 1.05 | Simulation time: 9h 45m 40s
		35150 Time iteration: 0.76 | Time plot: 0.00 | Simulation time: 9h 45m 50s
		35160 Time iteration: 0.81 | Time plot: 0.89 | Simulation time: 9h 46m 0s
		35170 Time iteration: 0.74 | Time plot: 0.00 | Simulation time: 9h 46m 10s
		35180 Time iteration: 0.73 | Time plot: 0.93 | Simulation time: 9h 46m 20s
		35190 Time iteration: 0.72 | Time plot: 0.00 | Simulation time: 9h 46m 30s
		35200 Time iteration: 1.27 | Time plot: 1.04 | Simulation time: 9h 46m 40s
		35210 Time iteration: 0.73 | Time plot: 0.00 | Simulation time: 9h 46m 50s
		35220 Time iteration: 0.73 | Time plot: 0.85 | Simulation time: 9h 47m 0s
		35230 Time iteration: 0.74 | Time plot: 0.00 | Simulation time: 9h 47m 10s
		35240 Time iteration: 0.73 | Time plot: 0.74 | Simulation time: 9h 47m 20s
		35250 Time iteration: 0.85 | Time plot: 0.00 | Simulation time: 9h 47m 30s
		35260 Time iteration: 0.73 | Time plot: 0.69 | Simulation time: 9h 47m 40s
		35270 Time iteration: 0.74 | Time plot: 0.00 | Simulation time: 9h 47m 50s
		35280 Time iteration: 0.72 | Time plot: 0.68 | Simulation time: 9h 48m 0s
		35290 Time iteration: 0.73 | Time plot: 0.00 | Simulation time: 9h 48m 10s
		35300 Time iteration: 2.01 | Time plot: 0.99 | Simulation time: 9h 48m 20s
		35310 Time iteration: 0.75 | Time plot: 0.00 | Simulation time: 9h 48m 30s
		35320 Time iteration: 0.75 | Time plot: 1.02 | Simulation time: 9h 48m 40s
		35330 Time iteration: 0.75 | Time plot: 0.00 | Simulation time: 9h 48m 50s
		35340 Time iteration: 0.77 | Time plot: 0.69 | Simulation time: 9h 49m 0s
		35350 Time iteration: 0.74 | Time plot: 0.00 | Simulation time: 9h 49m 10s
		35360 Time iteration: 0.73 | Time plot: 0.70 | Simulation time: 9h 49m 20s
		35370 Time iteration: 0.75 | Time plot: 0.00 | Simulation time: 9h 49m 30s
		35380 Time iteration: 0.75 | Time plot: 0.77 | Simulation time: 9h 49m 40s
		35390 Time iteration: 0.73 | Time plot: 0.00 | Simulation time: 9h 49m 50s
		35400 Time iteration: 2.13 | Time plot: 0.85 | Simulation time: 9h 50m 0s
		35410 Time iteration: 0.75 | Time plot: 0.00 | Simulation time: 9h 50m 10s
		35420 Time iteration: 0.73 | Time plot: 0.93 | Simulation time: 9h 50m 20s
		35430 Time iteration: 0.74 | Time plot: 0.00 | Simulation time: 9h 50m 30s
		35440 Time iteration: 0.74 | Time plot: 0.88 | Simulation time: 9h 50m 40s
		35450 Time iteration: 0.74 | Time plot: 0.00 | Simulation time: 9h 50m 50s
		35460 Time iteration: 0.72 | Time plot: 1.13 | Simulation time: 9h 51m 0s
		35470 Time iteration: 0.72 | Time plot: 0.00 | Simulation time: 9h 51m 10s
		35480 Time iteration: 0.74 | Time plot: 0.88 | Simulation time: 9h 51m 20s
		35490 Time iteration: 0.72 | Time plot: 0.00 | Simulation time: 9h 51m 30s
		35500 Time iteration: 1.31 | Time plot: 0.78 | Simulation time: 9h 51m 40s
		35510 Time iteration: 0.71 | Time plot: 0.00 | Simulation time: 9h 51m 50s
		35520 Time iteration: 0.73 | Time plot: 0.87 | Simulation time: 9h 52m 0s
		35530 Time iteration: 0.74 | Time plot: 0.00 | Simulation time: 9h 52m 10s
		35540 Time iteration: 0.72 | Time plot: 0.72 | Simulation time: 9h 52m 20s
		35550 Time iteration: 0.75 | Time plot: 0.00 | Simulation time: 9h 52m 30s
		35560 Time iteration: 0.72 | Time plot: 0.71 | Simulation time: 9h 52m 40s
		35570 Time iteration: 0.73 | Time plot: 0.00 | Simulation time: 9h 52m 50s
		35580 Time iteration: 0.73 | Time plot: 0.67 | Simulation time: 9h 53m 0s
		35590 Time iteration: 0.73 | Time plot: 0.00 | Simulation time: 9h 53m 10s
		35600 Time iteration: 2.06 | Time plot: 1.09 | Simulation time: 9h 53m 20s
		35610 Time iteration: 0.72 | Time plot: 0.00 | Simulation time: 9h 53m 30s
		35620 Time iteration: 0.73 | Time plot: 0.78 | Simulation time: 9h 53m 40s
		35630 Time iteration: 0.72 | Time plot: 0.00 | Simulation time: 9h 53m 50s
		35640 Time iteration: 0.72 | Time plot: 0.84 | Simulation time: 9h 54m 0s
		35650 Time iteration: 0.72 | Time plot: 0.00 | Simulation time: 9h 54m 10s
		35660 Time iteration: 0.75 | Time plot: 0.77 | Simulation time: 9h 54m 20s
		35670 Time iteration: 0.75 | Time plot: 0.00 | Simulation time: 9h 54m 30s
		35680 Time iteration: 0.75 | Time plot: 0.71 | Simulation time: 9h 54m 40s
		35690 Time iteration: 0.76 | Time plot: 0.00 | Simulation time: 9h 54m 50s
		35700 Time iteration: 2.14 | Time plot: 0.95 | Simulation time: 9h 55m 0s
		35710 Time iteration: 0.75 | Time plot: 0.00 | Simulation time: 9h 55m 10s
		35720 Time iteration: 0.73 | Time plot: 0.78 | Simulation time: 9h 55m 20s
		35730 Time iteration: 0.75 | Time plot: 0.00 | Simulation time: 9h 55m 30s
		35740 Time iteration: 0.74 | Time plot: 0.69 | Simulation time: 9h 55m 40s
		35750 Time iteration: 0.76 | Time plot: 0.00 | Simulation time: 9h 55m 50s
		35760 Time iteration: 0.74 | Time plot: 0.68 | Simulation time: 9h 56m 0s
		35770 Time iteration: 0.74 | Time plot: 0.00 | Simulation time: 9h 56m 10s
		35780 Time iteration: 0.75 | Time plot: 0.71 | Simulation time: 9h 56m 20s
		35790 Time iteration: 0.76 | Time plot: 0.00 | Simulation time: 9h 56m 30s
		35800 Time iteration: 1.55 | Time plot: 1.89 | Simulation time: 9h 56m 40s
		35810 Time iteration: 0.73 | Time plot: 0.00 | Simulation time: 9h 56m 50s
		35820 Time iteration: 0.74 | Time plot: 0.81 | Simulation time: 9h 57m 0s
		35830 Time iteration: 0.77 | Time plot: 0.00 | Simulation time: 9h 57m 10s
		35840 Time iteration: 0.75 | Time plot: 0.86 | Simulation time: 9h 57m 20s
		35850 Time iteration: 0.74 | Time plot: 0.00 | Simulation time: 9h 57m 30s
		35860 Time iteration: 0.75 | Time plot: 0.67 | Simulation time: 9h 57m 40s
		35870 Time iteration: 0.75 | Time plot: 0.00 | Simulation time: 9h 57m 50s
		35880 Time iteration: 0.75 | Time plot: 0.70 | Simulation time: 9h 58m 0s
		35890 Time iteration: 0.76 | Time plot: 0.00 | Simulation time: 9h 58m 10s
		35900 Time iteration: 1.07 | Time plot: 0.68 | Simulation time: 9h 58m 20s
		35910 Time iteration: 0.75 | Time plot: 0.00 | Simulation time: 9h 58m 30s
		35920 Time iteration: 0.76 | Time plot: 0.67 | Simulation time: 9h 58m 40s
		35930 Time iteration: 0.78 | Time plot: 0.00 | Simulation time: 9h 58m 50s
		35940 Time iteration: 0.75 | Time plot: 0.67 | Simulation time: 9h 59m 0s
		35950 Time iteration: 0.79 | Time plot: 0.00 | Simulation time: 9h 59m 10s
		35960 Time iteration: 0.75 | Time plot: 0.68 | Simulation time: 9h 59m 20s
		35970 Time iteration: 0.82 | Time plot: 0.00 | Simulation time: 9h 59m 30s
		35980 Time iteration: 0.78 | Time plot: 0.69 | Simulation time: 9h 59m 40s
		35990 Time iteration: 0.75 | Time plot: 0.00 | Simulation time: 9h 59m 50s
		36000 Time iteration: 0.88 | Time plot: 0.67 | Simulation time: 10h 0m 0s
		36010 Time iteration: 0.75 | Time plot: 0.00 | Simulation time: 10h 0m 10s
		36020 Time iteration: 0.74 | Time plot: 0.69 | Simulation time: 10h 0m 20s
		36030 Time iteration: 0.78 | Time plot: 0.00 | Simulation time: 10h 0m 30s
		36040 Time iteration: 0.77 | Time plot: 0.69 | Simulation time: 10h 0m 40s
		36050 Time iteration: 0.75 | Time plot: 0.00 | Simulation time: 10h 0m 50s
		36060 Time iteration: 0.76 | Time plot: 0.68 | Simulation time: 10h 1m 0s
		36070 Time iteration: 0.76 | Time plot: 0.00 | Simulation time: 10h 1m 10s
		36080 Time iteration: 0.76 | Time plot: 0.70 | Simulation time: 10h 1m 20s
		36090 Time iteration: 0.77 | Time plot: 0.00 | Simulation time: 10h 1m 30s
		36100 Time iteration: 0.91 | Time plot: 0.68 | Simulation time: 10h 1m 40s
		36110 Time iteration: 0.75 | Time plot: 0.00 | Simulation time: 10h 1m 50s
		36120 Time iteration: 0.75 | Time plot: 0.68 | Simulation time: 10h 2m 0s
		36130 Time iteration: 0.77 | Time plot: 0.00 | Simulation time: 10h 2m 10s
		36140 Time iteration: 0.76 | Time plot: 1.00 | Simulation time: 10h 2m 20s
		36150 Time iteration: 0.76 | Time plot: 0.00 | Simulation time: 10h 2m 30s
		36160 Time iteration: 0.76 | Time plot: 0.73 | Simulation time: 10h 2m 40s
		36170 Time iteration: 0.76 | Time plot: 0.00 | Simulation time: 10h 2m 50s
		36180 Time iteration: 0.77 | Time plot: 0.80 | Simulation time: 10h 3m 0s
		36190 Time iteration: 0.75 | Time plot: 0.00 | Simulation time: 10h 3m 10s
		36200 Time iteration: 0.91 | Time plot: 0.93 | Simulation time: 10h 3m 20s
		36210 Time iteration: 0.76 | Time plot: 0.00 | Simulation time: 10h 3m 30s
		36220 Time iteration: 0.76 | Time plot: 0.78 | Simulation time: 10h 3m 40s
		36230 Time iteration: 0.89 | Time plot: 0.00 | Simulation time: 10h 3m 50s
		36240 Time iteration: 0.76 | Time plot: 0.92 | Simulation time: 10h 4m 0s
!! Cue_plane7_sat0: Observed Target 182 at off-nadir 0.0 deg
		36250 Time iteration: 0.76 | Time plot: 0.00 | Simulation time: 10h 4m 10s
		36260 Time iteration: 0.75 | Time plot: 0.77 | Simulation time: 10h 4m 20s
		36270 Time iteration: 0.76 | Time plot: 0.00 | Simulation time: 10h 4m 30s
		36280 Time iteration: 0.75 | Time plot: 0.68 | Simulation time: 10h 4m 40s
		36290 Time iteration: 0.76 | Time plot: 0.00 | Simulation time: 10h 4m 50s
		36300 Time iteration: 1.96 | Time plot: 1.16 | Simulation time: 10h 5m 0s
!! Cue_plane0_sat0: Confirmed Target 182=not-whale (actual=whale)
		36310 Time iteration: 0.76 | Time plot: 0.00 | Simulation time: 10h 5m 10s
		36320 Time iteration: 0.75 | Time plot: 1.28 | Simulation time: 10h 5m 20s
		36330 Time iteration: 0.76 | Time plot: 0.00 | Simulation time: 10h 5m 30s
		36340 Time iteration: 0.80 | Time plot: 1.15 | Simulation time: 10h 5m 40s
		36350 Time iteration: 0.80 | Time plot: 0.00 | Simulation time: 10h 5m 50s
		36360 Time iteration: 0.89 | Time plot: 0.80 | Simulation time: 10h 6m 0s
		36370 Time iteration: 0.77 | Time plot: 0.00 | Simulation time: 10h 6m 10s
		36380 Time iteration: 0.81 | Time plot: 0.70 | Simulation time: 10h 6m 20s
		36390 Time iteration: 0.77 | Time plot: 0.00 | Simulation time: 10h 6m 30s
		36400 Time iteration: 1.80 | Time plot: 0.93 | Simulation time: 10h 6m 40s
		36410 Time iteration: 0.77 | Time plot: 0.00 | Simulation time: 10h 6m 50s
		36420 Time iteration: 0.77 | Time plot: 0.90 | Simulation time: 10h 7m 0s
		36430 Time iteration: 0.75 | Time plot: 0.00 | Simulation time: 10h 7m 10s
		36440 Time iteration: 0.76 | Time plot: 0.79 | Simulation time: 10h 7m 20s
		36450 Time iteration: 0.74 | Time plot: 0.00 | Simulation time: 10h 7m 30s
		36460 Time iteration: 0.75 | Time plot: 0.73 | Simulation time: 10h 7m 40s
		36470 Time iteration: 0.74 | Time plot: 0.00 | Simulation time: 10h 7m 50s
		36480 Time iteration: 0.76 | Time plot: 0.69 | Simulation time: 10h 8m 0s
		36490 Time iteration: 0.74 | Time plot: 0.00 | Simulation time: 10h 8m 10s
		36500 Time iteration: 2.53 | Time plot: 1.01 | Simulation time: 10h 8m 20s
		36510 Time iteration: 0.74 | Time plot: 0.00 | Simulation time: 10h 8m 30s
		36520 Time iteration: 0.74 | Time plot: 0.90 | Simulation time: 10h 8m 40s
		36530 Time iteration: 0.73 | Time plot: 0.00 | Simulation time: 10h 8m 50s
		36540 Time iteration: 0.73 | Time plot: 0.93 | Simulation time: 10h 9m 0s
		36550 Time iteration: 0.72 | Time plot: 0.00 | Simulation time: 10h 9m 10s
		36560 Time iteration: 0.75 | Time plot: 0.89 | Simulation time: 10h 9m 20s
		36570 Time iteration: 0.72 | Time plot: 0.00 | Simulation time: 10h 9m 30s
		36580 Time iteration: 0.74 | Time plot: 0.95 | Simulation time: 10h 9m 40s
		36590 Time iteration: 0.73 | Time plot: 0.00 | Simulation time: 10h 9m 50s
		36600 Time iteration: 1.14 | Time plot: 0.96 | Simulation time: 10h 10m 0s
		36610 Time iteration: 0.75 | Time plot: 0.00 | Simulation time: 10h 10m 10s
		36620 Time iteration: 0.73 | Time plot: 0.95 | Simulation time: 10h 10m 20s
		36630 Time iteration: 0.72 | Time plot: 0.00 | Simulation time: 10h 10m 30s
		36640 Time iteration: 0.73 | Time plot: 0.70 | Simulation time: 10h 10m 40s
		36650 Time iteration: 0.72 | Time plot: 0.00 | Simulation time: 10h 10m 50s
		36660 Time iteration: 0.73 | Time plot: 0.72 | Simulation time: 10h 11m 0s
		36670 Time iteration: 0.73 | Time plot: 0.00 | Simulation time: 10h 11m 10s
		36680 Time iteration: 0.74 | Time plot: 0.69 | Simulation time: 10h 11m 20s
		36690 Time iteration: 0.73 | Time plot: 0.00 | Simulation time: 10h 11m 30s
		36700 Time iteration: 2.01 | Time plot: 0.97 | Simulation time: 10h 11m 40s
		36710 Time iteration: 0.75 | Time plot: 0.00 | Simulation time: 10h 11m 50s
		36720 Time iteration: 0.71 | Time plot: 1.19 | Simulation time: 10h 12m 0s
		36730 Time iteration: 0.95 | Time plot: 0.00 | Simulation time: 10h 12m 10s
		36740 Time iteration: 0.70 | Time plot: 0.69 | Simulation time: 10h 12m 20s
		36750 Time iteration: 0.72 | Time plot: 0.00 | Simulation time: 10h 12m 30s
		36760 Time iteration: 0.74 | Time plot: 0.78 | Simulation time: 10h 12m 40s
		36770 Time iteration: 0.70 | Time plot: 0.00 | Simulation time: 10h 12m 50s
		36780 Time iteration: 0.71 | Time plot: 0.76 | Simulation time: 10h 13m 0s
		36790 Time iteration: 0.70 | Time plot: 0.00 | Simulation time: 10h 13m 10s
		36800 Time iteration: 1.57 | Time plot: 1.33 | Simulation time: 10h 13m 20s
		36810 Time iteration: 0.72 | Time plot: 0.00 | Simulation time: 10h 13m 30s
		36820 Time iteration: 0.76 | Time plot: 1.06 | Simulation time: 10h 13m 40s
		36830 Time iteration: 0.73 | Time plot: 0.00 | Simulation time: 10h 13m 50s
		36840 Time iteration: 0.74 | Time plot: 0.72 | Simulation time: 10h 14m 0s
		36850 Time iteration: 0.73 | Time plot: 0.00 | Simulation time: 10h 14m 10s
		36860 Time iteration: 0.73 | Time plot: 0.72 | Simulation time: 10h 14m 20s
		36870 Time iteration: 0.72 | Time plot: 0.00 | Simulation time: 10h 14m 30s
		36880 Time iteration: 0.73 | Time plot: 0.68 | Simulation time: 10h 14m 40s
		36890 Time iteration: 0.76 | Time plot: 0.00 | Simulation time: 10h 14m 50s
		36900 Time iteration: 2.65 | Time plot: 0.95 | Simulation time: 10h 15m 0s
		36910 Time iteration: 0.74 | Time plot: 0.00 | Simulation time: 10h 15m 10s
		36920 Time iteration: 0.72 | Time plot: 0.92 | Simulation time: 10h 15m 20s
		36930 Time iteration: 0.72 | Time plot: 0.00 | Simulation time: 10h 15m 30s
		36940 Time iteration: 0.73 | Time plot: 0.88 | Simulation time: 10h 15m 40s
		36950 Time iteration: 0.71 | Time plot: 0.00 | Simulation time: 10h 15m 50s
		36960 Time iteration: 0.72 | Time plot: 0.92 | Simulation time: 10h 16m 0s
		36970 Time iteration: 0.72 | Time plot: 0.00 | Simulation time: 10h 16m 10s
		36980 Time iteration: 0.73 | Time plot: 0.91 | Simulation time: 10h 16m 20s
		36990 Time iteration: 0.74 | Time plot: 0.00 | Simulation time: 10h 16m 30s
!! Cue_plane3_sat1: Observed Target 312 at off-nadir 0.0 deg
		37000 Time iteration: 1.23 | Time plot: 0.81 | Simulation time: 10h 16m 40s
		37010 Time iteration: 0.74 | Time plot: 0.00 | Simulation time: 10h 16m 50s
		37020 Time iteration: 0.74 | Time plot: 0.70 | Simulation time: 10h 17m 0s
		37030 Time iteration: 0.74 | Time plot: 0.00 | Simulation time: 10h 17m 10s
		37040 Time iteration: 0.74 | Time plot: 0.68 | Simulation time: 10h 17m 20s
		37050 Time iteration: 0.75 | Time plot: 0.00 | Simulation time: 10h 17m 30s
!! Cue_plane0_sat0: Confirmed Target 312=whale (actual=whale)
		37060 Time iteration: 0.72 | Time plot: 0.69 | Simulation time: 10h 17m 40s
		37070 Time iteration: 0.73 | Time plot: 0.00 | Simulation time: 10h 17m 50s
		37080 Time iteration: 0.72 | Time plot: 0.68 | Simulation time: 10h 18m 0s
		37090 Time iteration: 0.73 | Time plot: 0.00 | Simulation time: 10h 18m 10s
		37100 Time iteration: 0.88 | Time plot: 0.70 | Simulation time: 10h 18m 20s
		37110 Time iteration: 0.72 | Time plot: 0.00 | Simulation time: 10h 18m 30s
		37120 Time iteration: 0.72 | Time plot: 0.69 | Simulation time: 10h 18m 40s
		37130 Time iteration: 0.72 | Time plot: 0.00 | Simulation time: 10h 18m 50s
		37140 Time iteration: 0.72 | Time plot: 0.69 | Simulation time: 10h 19m 0s
		37150 Time iteration: 0.73 | Time plot: 0.00 | Simulation time: 10h 19m 10s
		37160 Time iteration: 0.72 | Time plot: 0.68 | Simulation time: 10h 19m 20s
		37170 Time iteration: 0.74 | Time plot: 0.00 | Simulation time: 10h 19m 30s
		37180 Time iteration: 0.74 | Time plot: 1.05 | Simulation time: 10h 19m 40s
		37190 Time iteration: 0.72 | Time plot: 0.00 | Simulation time: 10h 19m 50s
		37200 Time iteration: 0.87 | Time plot: 1.42 | Simulation time: 10h 20m 0s
		37210 Time iteration: 0.72 | Time plot: 0.00 | Simulation time: 10h 20m 10s
		37220 Time iteration: 0.73 | Time plot: 1.12 | Simulation time: 10h 20m 20s
		37230 Time iteration: 0.74 | Time plot: 0.00 | Simulation time: 10h 20m 30s
		37240 Time iteration: 0.75 | Time plot: 0.90 | Simulation time: 10h 20m 40s
		37250 Time iteration: 0.73 | Time plot: 0.00 | Simulation time: 10h 20m 50s
		37260 Time iteration: 0.73 | Time plot: 0.92 | Simulation time: 10h 21m 0s
		37270 Time iteration: 0.74 | Time plot: 0.00 | Simulation time: 10h 21m 10s
		37280 Time iteration: 0.74 | Time plot: 0.79 | Simulation time: 10h 21m 20s
		37290 Time iteration: 0.74 | Time plot: 0.00 | Simulation time: 10h 21m 30s
		37300 Time iteration: 1.15 | Time plot: 0.96 | Simulation time: 10h 21m 40s
		37310 Time iteration: 0.75 | Time plot: 0.00 | Simulation time: 10h 21m 50s
		37320 Time iteration: 0.73 | Time plot: 1.01 | Simulation time: 10h 22m 0s
		37330 Time iteration: 0.76 | Time plot: 0.00 | Simulation time: 10h 22m 10s
!! Cue_plane2_sat0: Observed Target 454 at off-nadir 0.0 deg
		37340 Time iteration: 0.74 | Time plot: 1.08 | Simulation time: 10h 22m 20s
		37350 Time iteration: 0.74 | Time plot: 0.00 | Simulation time: 10h 22m 30s
		37360 Time iteration: 0.74 | Time plot: 0.79 | Simulation time: 10h 22m 40s
		37370 Time iteration: 0.76 | Time plot: 0.00 | Simulation time: 10h 22m 50s
		37380 Time iteration: 0.86 | Time plot: 0.78 | Simulation time: 10h 23m 0s
		37390 Time iteration: 0.85 | Time plot: 0.00 | Simulation time: 10h 23m 10s
!! Cue_plane0_sat0: Confirmed Target 454=whale (actual=whale)
		37400 Time iteration: 3.19 | Time plot: 1.52 | Simulation time: 10h 23m 20s
		37410 Time iteration: 0.97 | Time plot: 0.00 | Simulation time: 10h 23m 30s
		37420 Time iteration: 0.91 | Time plot: 0.92 | Simulation time: 10h 23m 40s
		37430 Time iteration: 0.83 | Time plot: 0.00 | Simulation time: 10h 23m 50s
		37440 Time iteration: 0.74 | Time plot: 0.68 | Simulation time: 10h 24m 0s
		37450 Time iteration: 0.81 | Time plot: 0.00 | Simulation time: 10h 24m 10s
		37460 Time iteration: 0.73 | Time plot: 0.69 | Simulation time: 10h 24m 20s
		37470 Time iteration: 0.76 | Time plot: 0.00 | Simulation time: 10h 24m 30s
		37480 Time iteration: 0.74 | Time plot: 0.69 | Simulation time: 10h 24m 40s
		37490 Time iteration: 0.74 | Time plot: 0.00 | Simulation time: 10h 24m 50s
		37500 Time iteration: 1.11 | Time plot: 0.68 | Simulation time: 10h 25m 0s
		37510 Time iteration: 0.73 | Time plot: 0.00 | Simulation time: 10h 25m 10s
		37520 Time iteration: 0.73 | Time plot: 0.70 | Simulation time: 10h 25m 20s
		37530 Time iteration: 0.75 | Time plot: 0.00 | Simulation time: 10h 25m 30s
		37540 Time iteration: 0.74 | Time plot: 1.11 | Simulation time: 10h 25m 40s
		37550 Time iteration: 0.74 | Time plot: 0.00 | Simulation time: 10h 25m 50s
		37560 Time iteration: 0.78 | Time plot: 0.68 | Simulation time: 10h 26m 0s
		37570 Time iteration: 0.76 | Time plot: 0.00 | Simulation time: 10h 26m 10s
		37580 Time iteration: 0.76 | Time plot: 0.70 | Simulation time: 10h 26m 20s
		37590 Time iteration: 0.75 | Time plot: 0.00 | Simulation time: 10h 26m 30s
		37600 Time iteration: 0.87 | Time plot: 0.68 | Simulation time: 10h 26m 40s
		37610 Time iteration: 0.75 | Time plot: 0.00 | Simulation time: 10h 26m 50s
		37620 Time iteration: 0.75 | Time plot: 0.69 | Simulation time: 10h 27m 0s
		37630 Time iteration: 0.73 | Time plot: 0.00 | Simulation time: 10h 27m 10s
		37640 Time iteration: 0.74 | Time plot: 0.68 | Simulation time: 10h 27m 20s
		37650 Time iteration: 0.74 | Time plot: 0.00 | Simulation time: 10h 27m 30s
		37660 Time iteration: 0.73 | Time plot: 0.70 | Simulation time: 10h 27m 40s
		37670 Time iteration: 0.74 | Time plot: 0.00 | Simulation time: 10h 27m 50s
		37680 Time iteration: 0.72 | Time plot: 0.68 | Simulation time: 10h 28m 0s
		37690 Time iteration: 0.72 | Time plot: 0.00 | Simulation time: 10h 28m 10s
		37700 Time iteration: 0.87 | Time plot: 0.68 | Simulation time: 10h 28m 20s
		37710 Time iteration: 0.74 | Time plot: 0.00 | Simulation time: 10h 28m 30s
		37720 Time iteration: 0.73 | Time plot: 0.71 | Simulation time: 10h 28m 40s
		37730 Time iteration: 0.72 | Time plot: 0.00 | Simulation time: 10h 28m 50s
		37740 Time iteration: 0.74 | Time plot: 0.66 | Simulation time: 10h 29m 0s
		37750 Time iteration: 0.74 | Time plot: 0.00 | Simulation time: 10h 29m 10s
		37760 Time iteration: 0.73 | Time plot: 0.77 | Simulation time: 10h 29m 20s
		37770 Time iteration: 0.73 | Time plot: 0.00 | Simulation time: 10h 29m 30s
		37780 Time iteration: 0.76 | Time plot: 1.31 | Simulation time: 10h 29m 40s
		37790 Time iteration: 0.74 | Time plot: 0.00 | Simulation time: 10h 29m 50s
		37800 Time iteration: 0.87 | Time plot: 0.98 | Simulation time: 10h 30m 0s
		37810 Time iteration: 0.75 | Time plot: 0.00 | Simulation time: 10h 30m 10s
		37820 Time iteration: 0.73 | Time plot: 1.01 | Simulation time: 10h 30m 20s
		37830 Time iteration: 0.72 | Time plot: 0.00 | Simulation time: 10h 30m 30s
		37840 Time iteration: 0.72 | Time plot: 1.14 | Simulation time: 10h 30m 40s
		37850 Time iteration: 0.74 | Time plot: 0.00 | Simulation time: 10h 30m 50s
		37860 Time iteration: 0.73 | Time plot: 0.99 | Simulation time: 10h 31m 0s
		37870 Time iteration: 0.74 | Time plot: 0.00 | Simulation time: 10h 31m 10s
		37880 Time iteration: 0.73 | Time plot: 0.87 | Simulation time: 10h 31m 20s
		37890 Time iteration: 0.74 | Time plot: 0.00 | Simulation time: 10h 31m 30s
		37900 Time iteration: 1.94 | Time plot: 1.17 | Simulation time: 10h 31m 40s
		37910 Time iteration: 0.74 | Time plot: 0.00 | Simulation time: 10h 31m 50s
		37920 Time iteration: 0.74 | Time plot: 0.72 | Simulation time: 10h 32m 0s
		37930 Time iteration: 0.78 | Time plot: 0.00 | Simulation time: 10h 32m 10s
		37940 Time iteration: 0.73 | Time plot: 0.71 | Simulation time: 10h 32m 20s
		37950 Time iteration: 0.73 | Time plot: 0.00 | Simulation time: 10h 32m 30s
		37960 Time iteration: 0.75 | Time plot: 0.71 | Simulation time: 10h 32m 40s
		37970 Time iteration: 0.73 | Time plot: 0.00 | Simulation time: 10h 32m 50s
		37980 Time iteration: 0.74 | Time plot: 0.69 | Simulation time: 10h 33m 0s
		37990 Time iteration: 0.75 | Time plot: 0.00 | Simulation time: 10h 33m 10s
		38000 Time iteration: 2.34 | Time plot: 0.98 | Simulation time: 10h 33m 20s
		38010 Time iteration: 0.72 | Time plot: 0.00 | Simulation time: 10h 33m 30s
		38020 Time iteration: 0.72 | Time plot: 1.30 | Simulation time: 10h 33m 40s
		38030 Time iteration: 0.72 | Time plot: 0.00 | Simulation time: 10h 33m 50s
		38040 Time iteration: 0.74 | Time plot: 0.89 | Simulation time: 10h 34m 0s
		38050 Time iteration: 0.73 | Time plot: 0.00 | Simulation time: 10h 34m 10s
		38060 Time iteration: 0.74 | Time plot: 0.91 | Simulation time: 10h 34m 20s
		38070 Time iteration: 0.73 | Time plot: 0.00 | Simulation time: 10h 34m 30s
		38080 Time iteration: 0.72 | Time plot: 0.94 | Simulation time: 10h 34m 40s
		38090 Time iteration: 0.75 | Time plot: 0.00 | Simulation time: 10h 34m 50s
		38100 Time iteration: 1.10 | Time plot: 0.98 | Simulation time: 10h 35m 0s
		38110 Time iteration: 0.72 | Time plot: 0.00 | Simulation time: 10h 35m 10s
		38120 Time iteration: 0.72 | Time plot: 0.83 | Simulation time: 10h 35m 20s
		38130 Time iteration: 0.73 | Time plot: 0.00 | Simulation time: 10h 35m 30s
		38140 Time iteration: 0.75 | Time plot: 0.68 | Simulation time: 10h 35m 40s
		38150 Time iteration: 0.73 | Time plot: 0.00 | Simulation time: 10h 35m 50s
		38160 Time iteration: 0.71 | Time plot: 0.67 | Simulation time: 10h 36m 0s
		38170 Time iteration: 0.72 | Time plot: 0.00 | Simulation time: 10h 36m 10s
		38180 Time iteration: 0.73 | Time plot: 0.68 | Simulation time: 10h 36m 20s
		38190 Time iteration: 0.71 | Time plot: 0.00 | Simulation time: 10h 36m 30s
		38200 Time iteration: 1.20 | Time plot: 0.69 | Simulation time: 10h 36m 40s
		38210 Time iteration: 0.72 | Time plot: 0.00 | Simulation time: 10h 36m 50s
		38220 Time iteration: 0.75 | Time plot: 0.67 | Simulation time: 10h 37m 0s
		38230 Time iteration: 0.72 | Time plot: 0.00 | Simulation time: 10h 37m 10s
		38240 Time iteration: 0.72 | Time plot: 0.67 | Simulation time: 10h 37m 20s
		38250 Time iteration: 0.72 | Time plot: 0.00 | Simulation time: 10h 37m 30s
		38260 Time iteration: 0.72 | Time plot: 0.69 | Simulation time: 10h 37m 40s
		38270 Time iteration: 0.74 | Time plot: 0.00 | Simulation time: 10h 37m 50s
!! Cue_plane6_sat0: Observed Target 316 at off-nadir 0.0 deg
		38280 Time iteration: 0.88 | Time plot: 0.77 | Simulation time: 10h 38m 0s
		38290 Time iteration: 0.74 | Time plot: 0.00 | Simulation time: 10h 38m 10s
		38300 Time iteration: 0.89 | Time plot: 0.82 | Simulation time: 10h 38m 20s
		38310 Time iteration: 0.73 | Time plot: 0.00 | Simulation time: 10h 38m 30s
		38320 Time iteration: 0.74 | Time plot: 0.94 | Simulation time: 10h 38m 40s
		38330 Time iteration: 0.72 | Time plot: 0.00 | Simulation time: 10h 38m 50s
!! Cue_plane0_sat0: Confirmed Target 316=whale (actual=whale)
		38340 Time iteration: 0.86 | Time plot: 0.92 | Simulation time: 10h 39m 0s
		38350 Time iteration: 0.73 | Time plot: 0.00 | Simulation time: 10h 39m 10s
		38360 Time iteration: 0.74 | Time plot: 0.92 | Simulation time: 10h 39m 20s
		38370 Time iteration: 0.72 | Time plot: 0.00 | Simulation time: 10h 39m 30s
		38380 Time iteration: 0.74 | Time plot: 0.90 | Simulation time: 10h 39m 40s
		38390 Time iteration: 0.72 | Time plot: 0.00 | Simulation time: 10h 39m 50s
		38400 Time iteration: 1.27 | Time plot: 0.95 | Simulation time: 10h 40m 0s
		38410 Time iteration: 0.72 | Time plot: 0.00 | Simulation time: 10h 40m 10s
		38420 Time iteration: 0.72 | Time plot: 0.81 | Simulation time: 10h 40m 20s
		38430 Time iteration: 0.74 | Time plot: 0.00 | Simulation time: 10h 40m 30s
		38440 Time iteration: 0.73 | Time plot: 0.68 | Simulation time: 10h 40m 40s
		38450 Time iteration: 0.72 | Time plot: 0.00 | Simulation time: 10h 40m 50s
		38460 Time iteration: 0.73 | Time plot: 0.68 | Simulation time: 10h 41m 0s
		38470 Time iteration: 0.70 | Time plot: 0.00 | Simulation time: 10h 41m 10s
		38480 Time iteration: 0.72 | Time plot: 0.68 | Simulation time: 10h 41m 20s
		38490 Time iteration: 0.72 | Time plot: 0.00 | Simulation time: 10h 41m 30s
		38500 Time iteration: 2.32 | Time plot: 1.29 | Simulation time: 10h 41m 40s
		38510 Time iteration: 0.73 | Time plot: 0.00 | Simulation time: 10h 41m 50s
		38520 Time iteration: 0.71 | Time plot: 1.02 | Simulation time: 10h 42m 0s
		38530 Time iteration: 0.70 | Time plot: 0.00 | Simulation time: 10h 42m 10s
		38540 Time iteration: 0.71 | Time plot: 1.05 | Simulation time: 10h 42m 20s
		38550 Time iteration: 0.72 | Time plot: 0.00 | Simulation time: 10h 42m 30s
		38560 Time iteration: 0.71 | Time plot: 1.05 | Simulation time: 10h 42m 40s
!! Cue_plane4_sat0: Observed Target 370 at off-nadir 0.0 deg
		38570 Time iteration: 0.77 | Time plot: 0.00 | Simulation time: 10h 42m 50s
		38580 Time iteration: 0.73 | Time plot: 0.93 | Simulation time: 10h 43m 0s
		38590 Time iteration: 0.75 | Time plot: 0.00 | Simulation time: 10h 43m 10s
		38600 Time iteration: 1.55 | Time plot: 1.28 | Simulation time: 10h 43m 20s
		38610 Time iteration: 0.91 | Time plot: 0.00 | Simulation time: 10h 43m 30s
		38620 Time iteration: 0.74 | Time plot: 0.87 | Simulation time: 10h 43m 40s
!! Cue_plane0_sat0: Confirmed Target 370=whale (actual=whale)
		38630 Time iteration: 0.78 | Time plot: 0.00 | Simulation time: 10h 43m 50s
		38640 Time iteration: 0.73 | Time plot: 0.80 | Simulation time: 10h 44m 0s
		38650 Time iteration: 0.73 | Time plot: 0.00 | Simulation time: 10h 44m 10s
		38660 Time iteration: 0.73 | Time plot: 0.71 | Simulation time: 10h 44m 20s
		38670 Time iteration: 0.82 | Time plot: 0.00 | Simulation time: 10h 44m 30s
		38680 Time iteration: 0.72 | Time plot: 0.85 | Simulation time: 10h 44m 40s
		38690 Time iteration: 0.73 | Time plot: 0.00 | Simulation time: 10h 44m 50s
		38700 Time iteration: 1.17 | Time plot: 1.10 | Simulation time: 10h 45m 0s
		38710 Time iteration: 0.72 | Time plot: 0.00 | Simulation time: 10h 45m 10s
		38720 Time iteration: 0.73 | Time plot: 0.83 | Simulation time: 10h 45m 20s
		38730 Time iteration: 0.72 | Time plot: 0.00 | Simulation time: 10h 45m 30s
		38740 Time iteration: 0.74 | Time plot: 1.03 | Simulation time: 10h 45m 40s
		38750 Time iteration: 0.72 | Time plot: 0.00 | Simulation time: 10h 45m 50s
		38760 Time iteration: 0.73 | Time plot: 1.13 | Simulation time: 10h 46m 0s
		38770 Time iteration: 0.74 | Time plot: 0.00 | Simulation time: 10h 46m 10s
		38780 Time iteration: 0.74 | Time plot: 1.00 | Simulation time: 10h 46m 20s
		38790 Time iteration: 0.90 | Time plot: 0.00 | Simulation time: 10h 46m 30s
		38800 Time iteration: 1.12 | Time plot: 1.15 | Simulation time: 10h 46m 40s
		38810 Time iteration: 0.75 | Time plot: 0.00 | Simulation time: 10h 46m 50s
		38820 Time iteration: 0.75 | Time plot: 1.08 | Simulation time: 10h 47m 0s
		38830 Time iteration: 0.74 | Time plot: 0.00 | Simulation time: 10h 47m 10s
		38840 Time iteration: 0.74 | Time plot: 0.88 | Simulation time: 10h 47m 20s
		38850 Time iteration: 0.78 | Time plot: 0.00 | Simulation time: 10h 47m 30s
		38860 Time iteration: 0.74 | Time plot: 0.68 | Simulation time: 10h 47m 40s
		38870 Time iteration: 0.75 | Time plot: 0.00 | Simulation time: 10h 47m 50s
		38880 Time iteration: 0.85 | Time plot: 0.75 | Simulation time: 10h 48m 0s
		38890 Time iteration: 0.75 | Time plot: 0.00 | Simulation time: 10h 48m 10s
		38900 Time iteration: 1.78 | Time plot: 1.32 | Simulation time: 10h 48m 20s
		38910 Time iteration: 0.76 | Time plot: 0.00 | Simulation time: 10h 48m 30s
		38920 Time iteration: 0.74 | Time plot: 0.68 | Simulation time: 10h 48m 40s
		38930 Time iteration: 0.75 | Time plot: 0.00 | Simulation time: 10h 48m 50s
		38940 Time iteration: 0.74 | Time plot: 0.68 | Simulation time: 10h 49m 0s
		38950 Time iteration: 0.78 | Time plot: 0.00 | Simulation time: 10h 49m 10s
		38960 Time iteration: 0.77 | Time plot: 0.86 | Simulation time: 10h 49m 20s
		38970 Time iteration: 0.75 | Time plot: 0.00 | Simulation time: 10h 49m 30s
		38980 Time iteration: 0.76 | Time plot: 0.69 | Simulation time: 10h 49m 40s
		38990 Time iteration: 0.76 | Time plot: 0.00 | Simulation time: 10h 49m 50s
		39000 Time iteration: 0.90 | Time plot: 0.68 | Simulation time: 10h 50m 0s
		39010 Time iteration: 0.75 | Time plot: 0.00 | Simulation time: 10h 50m 10s
		39020 Time iteration: 0.75 | Time plot: 0.68 | Simulation time: 10h 50m 20s
		39030 Time iteration: 0.75 | Time plot: 0.00 | Simulation time: 10h 50m 30s
		39040 Time iteration: 0.75 | Time plot: 1.03 | Simulation time: 10h 50m 40s
		39050 Time iteration: 0.75 | Time plot: 0.00 | Simulation time: 10h 50m 50s
		39060 Time iteration: 0.75 | Time plot: 0.86 | Simulation time: 10h 51m 0s
		39070 Time iteration: 0.75 | Time plot: 0.00 | Simulation time: 10h 51m 10s
		39080 Time iteration: 0.76 | Time plot: 0.75 | Simulation time: 10h 51m 20s
		39090 Time iteration: 0.75 | Time plot: 0.00 | Simulation time: 10h 51m 30s
		39100 Time iteration: 1.79 | Time plot: 1.42 | Simulation time: 10h 51m 40s
		39110 Time iteration: 0.75 | Time plot: 0.00 | Simulation time: 10h 51m 50s
		39120 Time iteration: 0.74 | Time plot: 0.90 | Simulation time: 10h 52m 0s
		39130 Time iteration: 0.76 | Time plot: 0.00 | Simulation time: 10h 52m 10s
		39140 Time iteration: 0.74 | Time plot: 0.75 | Simulation time: 10h 52m 20s
		39150 Time iteration: 0.74 | Time plot: 0.00 | Simulation time: 10h 52m 30s
		39160 Time iteration: 0.75 | Time plot: 0.72 | Simulation time: 10h 52m 40s
		39170 Time iteration: 0.75 | Time plot: 0.00 | Simulation time: 10h 52m 50s
		39180 Time iteration: 0.74 | Time plot: 0.91 | Simulation time: 10h 53m 0s
		39190 Time iteration: 0.75 | Time plot: 0.00 | Simulation time: 10h 53m 10s
		39200 Time iteration: 1.08 | Time plot: 1.04 | Simulation time: 10h 53m 20s
		39210 Time iteration: 0.74 | Time plot: 0.00 | Simulation time: 10h 53m 30s
		39220 Time iteration: 0.76 | Time plot: 1.07 | Simulation time: 10h 53m 40s
		39230 Time iteration: 0.75 | Time plot: 0.00 | Simulation time: 10h 53m 50s
		39240 Time iteration: 0.75 | Time plot: 0.85 | Simulation time: 10h 54m 0s
		39250 Time iteration: 0.77 | Time plot: 0.00 | Simulation time: 10h 54m 10s
		39260 Time iteration: 0.75 | Time plot: 0.67 | Simulation time: 10h 54m 20s
		39270 Time iteration: 0.75 | Time plot: 0.00 | Simulation time: 10h 54m 30s
		39280 Time iteration: 0.74 | Time plot: 0.66 | Simulation time: 10h 54m 40s
		39290 Time iteration: 0.75 | Time plot: 0.00 | Simulation time: 10h 54m 50s
		39300 Time iteration: 1.16 | Time plot: 0.67 | Simulation time: 10h 55m 0s
		39310 Time iteration: 0.74 | Time plot: 0.00 | Simulation time: 10h 55m 10s
		39320 Time iteration: 0.75 | Time plot: 0.68 | Simulation time: 10h 55m 20s
		39330 Time iteration: 0.74 | Time plot: 0.00 | Simulation time: 10h 55m 30s
		39340 Time iteration: 0.74 | Time plot: 0.67 | Simulation time: 10h 55m 40s
		39350 Time iteration: 0.75 | Time plot: 0.00 | Simulation time: 10h 55m 50s
		39360 Time iteration: 0.74 | Time plot: 0.70 | Simulation time: 10h 56m 0s
		39370 Time iteration: 0.73 | Time plot: 0.00 | Simulation time: 10h 56m 10s
		39380 Time iteration: 0.73 | Time plot: 0.67 | Simulation time: 10h 56m 20s
		39390 Time iteration: 0.74 | Time plot: 0.00 | Simulation time: 10h 56m 30s
		39400 Time iteration: 0.87 | Time plot: 0.68 | Simulation time: 10h 56m 40s
		39410 Time iteration: 0.73 | Time plot: 0.00 | Simulation time: 10h 56m 50s
		39420 Time iteration: 0.72 | Time plot: 0.69 | Simulation time: 10h 57m 0s
		39430 Time iteration: 0.70 | Time plot: 0.00 | Simulation time: 10h 57m 10s
		39440 Time iteration: 0.70 | Time plot: 0.67 | Simulation time: 10h 57m 20s
		39450 Time iteration: 0.71 | Time plot: 0.00 | Simulation time: 10h 57m 30s
		39460 Time iteration: 0.70 | Time plot: 0.66 | Simulation time: 10h 57m 40s
		39470 Time iteration: 0.71 | Time plot: 0.00 | Simulation time: 10h 57m 50s
		39480 Time iteration: 0.72 | Time plot: 0.68 | Simulation time: 10h 58m 0s
		39490 Time iteration: 0.71 | Time plot: 0.00 | Simulation time: 10h 58m 10s
		39500 Time iteration: 0.86 | Time plot: 1.02 | Simulation time: 10h 58m 20s
		39510 Time iteration: 0.73 | Time plot: 0.00 | Simulation time: 10h 58m 30s
		39520 Time iteration: 0.72 | Time plot: 0.79 | Simulation time: 10h 58m 40s
		39530 Time iteration: 0.71 | Time plot: 0.00 | Simulation time: 10h 58m 50s
		39540 Time iteration: 0.73 | Time plot: 0.87 | Simulation time: 10h 59m 0s
		39550 Time iteration: 0.71 | Time plot: 0.00 | Simulation time: 10h 59m 10s
		39560 Time iteration: 0.71 | Time plot: 1.07 | Simulation time: 10h 59m 20s
		39570 Time iteration: 0.75 | Time plot: 0.00 | Simulation time: 10h 59m 30s
		39580 Time iteration: 0.72 | Time plot: 0.87 | Simulation time: 10h 59m 40s
		39590 Time iteration: 0.72 | Time plot: 0.00 | Simulation time: 10h 59m 50s
		39600 Time iteration: 1.50 | Time plot: 1.07 | Simulation time: 11h 0m 0s
		39610 Time iteration: 0.71 | Time plot: 0.00 | Simulation time: 11h 0m 10s
		39620 Time iteration: 0.74 | Time plot: 1.32 | Simulation time: 11h 0m 20s
		39630 Time iteration: 0.72 | Time plot: 0.00 | Simulation time: 11h 0m 30s
		39640 Time iteration: 0.72 | Time plot: 0.86 | Simulation time: 11h 0m 40s
		39650 Time iteration: 0.70 | Time plot: 0.00 | Simulation time: 11h 0m 50s
		39660 Time iteration: 0.70 | Time plot: 0.99 | Simulation time: 11h 1m 0s
		39670 Time iteration: 0.71 | Time plot: 0.00 | Simulation time: 11h 1m 10s
		39680 Time iteration: 0.69 | Time plot: 0.93 | Simulation time: 11h 1m 20s
		39690 Time iteration: 0.69 | Time plot: 0.00 | Simulation time: 11h 1m 30s
		39700 Time iteration: 1.02 | Time plot: 1.08 | Simulation time: 11h 1m 40s
		39710 Time iteration: 0.71 | Time plot: 0.00 | Simulation time: 11h 1m 50s
		39720 Time iteration: 0.69 | Time plot: 1.14 | Simulation time: 11h 2m 0s
		39730 Time iteration: 0.71 | Time plot: 0.00 | Simulation time: 11h 2m 10s
		39740 Time iteration: 0.78 | Time plot: 0.96 | Simulation time: 11h 2m 20s
		39750 Time iteration: 0.70 | Time plot: 0.00 | Simulation time: 11h 2m 30s
		39760 Time iteration: 0.72 | Time plot: 0.68 | Simulation time: 11h 2m 40s
		39770 Time iteration: 0.71 | Time plot: 0.00 | Simulation time: 11h 2m 50s
		39780 Time iteration: 0.72 | Time plot: 0.70 | Simulation time: 11h 3m 0s
		39790 Time iteration: 0.70 | Time plot: 0.00 | Simulation time: 11h 3m 10s
		39800 Time iteration: 1.26 | Time plot: 1.53 | Simulation time: 11h 3m 20s
		39810 Time iteration: 0.70 | Time plot: 0.00 | Simulation time: 11h 3m 30s
		39820 Time iteration: 0.72 | Time plot: 0.98 | Simulation time: 11h 3m 40s
		39830 Time iteration: 0.72 | Time plot: 0.00 | Simulation time: 11h 3m 50s
		39840 Time iteration: 0.72 | Time plot: 0.74 | Simulation time: 11h 4m 0s
		39850 Time iteration: 0.96 | Time plot: 0.00 | Simulation time: 11h 4m 10s
		39860 Time iteration: 0.71 | Time plot: 0.97 | Simulation time: 11h 4m 20s
		39870 Time iteration: 0.71 | Time plot: 0.00 | Simulation time: 11h 4m 30s
		39880 Time iteration: 0.71 | Time plot: 0.86 | Simulation time: 11h 4m 40s
		39890 Time iteration: 0.71 | Time plot: 0.00 | Simulation time: 11h 4m 50s
		39900 Time iteration: 1.29 | Time plot: 0.91 | Simulation time: 11h 5m 0s
		39910 Time iteration: 0.71 | Time plot: 0.00 | Simulation time: 11h 5m 10s
		39920 Time iteration: 0.70 | Time plot: 0.68 | Simulation time: 11h 5m 20s
		39930 Time iteration: 0.72 | Time plot: 0.00 | Simulation time: 11h 5m 30s
		39940 Time iteration: 0.70 | Time plot: 0.69 | Simulation time: 11h 5m 40s
		39950 Time iteration: 0.72 | Time plot: 0.00 | Simulation time: 11h 5m 50s
		39960 Time iteration: 0.72 | Time plot: 0.71 | Simulation time: 11h 6m 0s
		39970 Time iteration: 0.72 | Time plot: 0.00 | Simulation time: 11h 6m 10s
		39980 Time iteration: 0.71 | Time plot: 0.70 | Simulation time: 11h 6m 20s
		39990 Time iteration: 0.72 | Time plot: 0.00 | Simulation time: 11h 6m 30s
		40000 Time iteration: 2.84 | Time plot: 0.97 | Simulation time: 11h 6m 40s
		40010 Time iteration: 0.71 | Time plot: 0.00 | Simulation time: 11h 6m 50s
		40020 Time iteration: 0.71 | Time plot: 0.83 | Simulation time: 11h 7m 0s
		40030 Time iteration: 0.71 | Time plot: 0.00 | Simulation time: 11h 7m 10s
		40040 Time iteration: 0.72 | Time plot: 0.67 | Simulation time: 11h 7m 20s
		40050 Time iteration: 0.70 | Time plot: 0.00 | Simulation time: 11h 7m 30s
		40060 Time iteration: 0.74 | Time plot: 0.66 | Simulation time: 11h 7m 40s
		40070 Time iteration: 0.72 | Time plot: 0.00 | Simulation time: 11h 7m 50s
		40080 Time iteration: 0.74 | Time plot: 0.69 | Simulation time: 11h 8m 0s
		40090 Time iteration: 0.71 | Time plot: 0.00 | Simulation time: 11h 8m 10s
		40100 Time iteration: 2.63 | Time plot: 1.46 | Simulation time: 11h 8m 20s
		40110 Time iteration: 0.70 | Time plot: 0.00 | Simulation time: 11h 8m 30s
		40120 Time iteration: 0.71 | Time plot: 0.73 | Simulation time: 11h 8m 40s
		40130 Time iteration: 0.71 | Time plot: 0.00 | Simulation time: 11h 8m 50s
		40140 Time iteration: 0.71 | Time plot: 0.71 | Simulation time: 11h 9m 0s
		40150 Time iteration: 0.70 | Time plot: 0.00 | Simulation time: 11h 9m 10s
		40160 Time iteration: 0.71 | Time plot: 0.73 | Simulation time: 11h 9m 20s
		40170 Time iteration: 0.73 | Time plot: 0.00 | Simulation time: 11h 9m 30s
		40180 Time iteration: 0.72 | Time plot: 0.71 | Simulation time: 11h 9m 40s
		40190 Time iteration: 0.72 | Time plot: 0.00 | Simulation time: 11h 9m 50s
		40200 Time iteration: 2.11 | Time plot: 1.02 | Simulation time: 11h 10m 0s
		40210 Time iteration: 0.73 | Time plot: 0.00 | Simulation time: 11h 10m 10s
		40220 Time iteration: 0.74 | Time plot: 0.87 | Simulation time: 11h 10m 20s
		40230 Time iteration: 0.72 | Time plot: 0.00 | Simulation time: 11h 10m 30s
		40240 Time iteration: 0.73 | Time plot: 0.84 | Simulation time: 11h 10m 40s
		40250 Time iteration: 0.73 | Time plot: 0.00 | Simulation time: 11h 10m 50s
		40260 Time iteration: 0.73 | Time plot: 0.91 | Simulation time: 11h 11m 0s
		40270 Time iteration: 0.74 | Time plot: 0.00 | Simulation time: 11h 11m 10s
		40280 Time iteration: 0.72 | Time plot: 0.88 | Simulation time: 11h 11m 20s
		40290 Time iteration: 0.72 | Time plot: 0.00 | Simulation time: 11h 11m 30s
		40300 Time iteration: 1.18 | Time plot: 1.45 | Simulation time: 11h 11m 40s
		40310 Time iteration: 0.73 | Time plot: 0.00 | Simulation time: 11h 11m 50s
		40320 Time iteration: 0.73 | Time plot: 0.82 | Simulation time: 11h 12m 0s
		40330 Time iteration: 0.72 | Time plot: 0.00 | Simulation time: 11h 12m 10s
		40340 Time iteration: 0.75 | Time plot: 0.74 | Simulation time: 11h 12m 20s
		40350 Time iteration: 0.73 | Time plot: 0.00 | Simulation time: 11h 12m 30s
		40360 Time iteration: 0.73 | Time plot: 0.70 | Simulation time: 11h 12m 40s
		40370 Time iteration: 0.72 | Time plot: 0.00 | Simulation time: 11h 12m 50s
		40380 Time iteration: 0.72 | Time plot: 0.71 | Simulation time: 11h 13m 0s
!! Cue_plane2_sat1: Observed Target 314 at off-nadir 0.0 deg
		40390 Time iteration: 0.73 | Time plot: 0.00 | Simulation time: 11h 13m 10s
		40400 Time iteration: 1.71 | Time plot: 0.67 | Simulation time: 11h 13m 20s
		40410 Time iteration: 0.73 | Time plot: 0.00 | Simulation time: 11h 13m 30s
		40420 Time iteration: 0.72 | Time plot: 0.66 | Simulation time: 11h 13m 40s
		40430 Time iteration: 0.72 | Time plot: 0.00 | Simulation time: 11h 13m 50s
		40440 Time iteration: 0.74 | Time plot: 0.66 | Simulation time: 11h 14m 0s
!! Cue_plane0_sat1: Confirmed Target 314=whale (actual=whale)
		40450 Time iteration: 0.73 | Time plot: 0.00 | Simulation time: 11h 14m 10s
		40460 Time iteration: 0.74 | Time plot: 0.66 | Simulation time: 11h 14m 20s
		40470 Time iteration: 0.74 | Time plot: 0.00 | Simulation time: 11h 14m 30s
		40480 Time iteration: 0.74 | Time plot: 0.66 | Simulation time: 11h 14m 40s
		40490 Time iteration: 0.77 | Time plot: 0.00 | Simulation time: 11h 14m 50s
		40500 Time iteration: 0.85 | Time plot: 0.68 | Simulation time: 11h 15m 0s
		40510 Time iteration: 0.76 | Time plot: 0.00 | Simulation time: 11h 15m 10s
		40520 Time iteration: 0.75 | Time plot: 0.69 | Simulation time: 11h 15m 20s
		40530 Time iteration: 0.76 | Time plot: 0.00 | Simulation time: 11h 15m 30s
		40540 Time iteration: 0.76 | Time plot: 0.67 | Simulation time: 11h 15m 40s
		40550 Time iteration: 0.74 | Time plot: 0.00 | Simulation time: 11h 15m 50s
		40560 Time iteration: 0.72 | Time plot: 0.65 | Simulation time: 11h 16m 0s
		40570 Time iteration: 0.72 | Time plot: 0.00 | Simulation time: 11h 16m 10s
		40580 Time iteration: 0.71 | Time plot: 1.31 | Simulation time: 11h 16m 20s
		40590 Time iteration: 0.71 | Time plot: 0.00 | Simulation time: 11h 16m 30s
		40600 Time iteration: 0.85 | Time plot: 0.86 | Simulation time: 11h 16m 40s
		40610 Time iteration: 0.74 | Time plot: 0.00 | Simulation time: 11h 16m 50s
		40620 Time iteration: 0.72 | Time plot: 0.69 | Simulation time: 11h 17m 0s
		40630 Time iteration: 0.72 | Time plot: 0.00 | Simulation time: 11h 17m 10s
		40640 Time iteration: 0.72 | Time plot: 0.68 | Simulation time: 11h 17m 20s
		40650 Time iteration: 0.72 | Time plot: 0.00 | Simulation time: 11h 17m 30s
		40660 Time iteration: 0.74 | Time plot: 0.75 | Simulation time: 11h 17m 40s
		40670 Time iteration: 0.75 | Time plot: 0.00 | Simulation time: 11h 17m 50s
		40680 Time iteration: 0.72 | Time plot: 0.95 | Simulation time: 11h 18m 0s
		40690 Time iteration: 0.73 | Time plot: 0.00 | Simulation time: 11h 18m 10s
		40700 Time iteration: 1.07 | Time plot: 0.88 | Simulation time: 11h 18m 20s
		40710 Time iteration: 0.72 | Time plot: 0.00 | Simulation time: 11h 18m 30s
		40720 Time iteration: 0.74 | Time plot: 0.73 | Simulation time: 11h 18m 40s
		40730 Time iteration: 0.75 | Time plot: 0.00 | Simulation time: 11h 18m 50s
		40740 Time iteration: 0.74 | Time plot: 0.67 | Simulation time: 11h 19m 0s
		40750 Time iteration: 0.73 | Time plot: 0.00 | Simulation time: 11h 19m 10s
		40760 Time iteration: 0.74 | Time plot: 0.68 | Simulation time: 11h 19m 20s
		40770 Time iteration: 0.73 | Time plot: 0.00 | Simulation time: 11h 19m 30s
		40780 Time iteration: 0.73 | Time plot: 0.68 | Simulation time: 11h 19m 40s
		40790 Time iteration: 0.74 | Time plot: 0.00 | Simulation time: 11h 19m 50s
		40800 Time iteration: 2.88 | Time plot: 0.67 | Simulation time: 11h 20m 0s
		40810 Time iteration: 0.73 | Time plot: 0.00 | Simulation time: 11h 20m 10s
		40820 Time iteration: 0.74 | Time plot: 0.72 | Simulation time: 11h 20m 20s
		40830 Time iteration: 0.74 | Time plot: 0.00 | Simulation time: 11h 20m 30s
		40840 Time iteration: 0.73 | Time plot: 0.69 | Simulation time: 11h 20m 40s
		40850 Time iteration: 0.74 | Time plot: 0.00 | Simulation time: 11h 20m 50s
		40860 Time iteration: 0.73 | Time plot: 0.66 | Simulation time: 11h 21m 0s
		40870 Time iteration: 0.73 | Time plot: 0.00 | Simulation time: 11h 21m 10s
		40880 Time iteration: 0.73 | Time plot: 0.66 | Simulation time: 11h 21m 20s
		40890 Time iteration: 0.72 | Time plot: 0.00 | Simulation time: 11h 21m 30s
		40900 Time iteration: 0.88 | Time plot: 0.70 | Simulation time: 11h 21m 40s
		40910 Time iteration: 0.76 | Time plot: 0.00 | Simulation time: 11h 21m 50s
		40920 Time iteration: 0.74 | Time plot: 0.96 | Simulation time: 11h 22m 0s
		40930 Time iteration: 0.73 | Time plot: 0.00 | Simulation time: 11h 22m 10s
		40940 Time iteration: 0.73 | Time plot: 0.70 | Simulation time: 11h 22m 20s
		40950 Time iteration: 0.74 | Time plot: 0.00 | Simulation time: 11h 22m 30s
		40960 Time iteration: 0.85 | Time plot: 1.48 | Simulation time: 11h 22m 40s
		40970 Time iteration: 0.72 | Time plot: 0.00 | Simulation time: 11h 22m 50s
		40980 Time iteration: 0.72 | Time plot: 1.05 | Simulation time: 11h 23m 0s
		40990 Time iteration: 0.73 | Time plot: 0.00 | Simulation time: 11h 23m 10s
		41000 Time iteration: 1.12 | Time plot: 1.18 | Simulation time: 11h 23m 20s
		41010 Time iteration: 0.73 | Time plot: 0.00 | Simulation time: 11h 23m 30s
		41020 Time iteration: 0.73 | Time plot: 1.05 | Simulation time: 11h 23m 40s
		41030 Time iteration: 0.73 | Time plot: 0.00 | Simulation time: 11h 23m 50s
		41040 Time iteration: 0.72 | Time plot: 1.11 | Simulation time: 11h 24m 0s
		41050 Time iteration: 0.72 | Time plot: 0.00 | Simulation time: 11h 24m 10s
		41060 Time iteration: 0.70 | Time plot: 0.82 | Simulation time: 11h 24m 20s
		41070 Time iteration: 0.71 | Time plot: 0.00 | Simulation time: 11h 24m 30s
		41080 Time iteration: 0.72 | Time plot: 0.69 | Simulation time: 11h 24m 40s
		41090 Time iteration: 0.73 | Time plot: 0.00 | Simulation time: 11h 24m 50s
		41100 Time iteration: 2.38 | Time plot: 1.67 | Simulation time: 11h 25m 0s
		41110 Time iteration: 0.70 | Time plot: 0.00 | Simulation time: 11h 25m 10s
		41120 Time iteration: 0.70 | Time plot: 0.94 | Simulation time: 11h 25m 20s
		41130 Time iteration: 0.74 | Time plot: 0.00 | Simulation time: 11h 25m 30s
		41140 Time iteration: 0.74 | Time plot: 0.96 | Simulation time: 11h 25m 40s
		41150 Time iteration: 0.73 | Time plot: 0.00 | Simulation time: 11h 25m 50s
		41160 Time iteration: 0.72 | Time plot: 1.08 | Simulation time: 11h 26m 0s
		41170 Time iteration: 0.74 | Time plot: 0.00 | Simulation time: 11h 26m 10s
		41180 Time iteration: 0.72 | Time plot: 1.10 | Simulation time: 11h 26m 20s
		41190 Time iteration: 0.73 | Time plot: 0.00 | Simulation time: 11h 26m 30s
		41200 Time iteration: 1.30 | Time plot: 1.14 | Simulation time: 11h 26m 40s
		41210 Time iteration: 0.72 | Time plot: 0.00 | Simulation time: 11h 26m 50s
		41220 Time iteration: 0.73 | Time plot: 0.96 | Simulation time: 11h 27m 0s
		41230 Time iteration: 0.75 | Time plot: 0.00 | Simulation time: 11h 27m 10s
		41240 Time iteration: 0.72 | Time plot: 0.88 | Simulation time: 11h 27m 20s
		41250 Time iteration: 0.74 | Time plot: 0.00 | Simulation time: 11h 27m 30s
		41260 Time iteration: 0.72 | Time plot: 0.95 | Simulation time: 11h 27m 40s
		41270 Time iteration: 0.73 | Time plot: 0.00 | Simulation time: 11h 27m 50s
		41280 Time iteration: 0.72 | Time plot: 1.01 | Simulation time: 11h 28m 0s
		41290 Time iteration: 0.72 | Time plot: 0.00 | Simulation time: 11h 28m 10s
		41300 Time iteration: 1.64 | Time plot: 1.26 | Simulation time: 11h 28m 20s
		41310 Time iteration: 0.71 | Time plot: 0.00 | Simulation time: 11h 28m 30s
		41320 Time iteration: 0.72 | Time plot: 0.97 | Simulation time: 11h 28m 40s
		41330 Time iteration: 0.72 | Time plot: 0.00 | Simulation time: 11h 28m 50s
		41340 Time iteration: 0.71 | Time plot: 1.08 | Simulation time: 11h 29m 0s
		41350 Time iteration: 0.73 | Time plot: 0.00 | Simulation time: 11h 29m 10s
		41360 Time iteration: 0.72 | Time plot: 1.09 | Simulation time: 11h 29m 20s
		41370 Time iteration: 0.72 | Time plot: 0.00 | Simulation time: 11h 29m 30s
		41380 Time iteration: 0.75 | Time plot: 1.07 | Simulation time: 11h 29m 40s
		41390 Time iteration: 0.73 | Time plot: 0.00 | Simulation time: 11h 29m 50s
		41400 Time iteration: 1.52 | Time plot: 0.98 | Simulation time: 11h 30m 0s
		41410 Time iteration: 0.70 | Time plot: 0.00 | Simulation time: 11h 30m 10s
		41420 Time iteration: 0.71 | Time plot: 0.74 | Simulation time: 11h 30m 20s
		41430 Time iteration: 0.71 | Time plot: 0.00 | Simulation time: 11h 30m 30s
		41440 Time iteration: 0.71 | Time plot: 0.73 | Simulation time: 11h 30m 40s
		41450 Time iteration: 0.73 | Time plot: 0.00 | Simulation time: 11h 30m 50s
		41460 Time iteration: 0.74 | Time plot: 0.74 | Simulation time: 11h 31m 0s
		41470 Time iteration: 0.73 | Time plot: 0.00 | Simulation time: 11h 31m 10s
		41480 Time iteration: 0.73 | Time plot: 0.76 | Simulation time: 11h 31m 20s
		41490 Time iteration: 0.73 | Time plot: 0.00 | Simulation time: 11h 31m 30s
		41500 Time iteration: 2.77 | Time plot: 0.88 | Simulation time: 11h 31m 40s
		41510 Time iteration: 0.72 | Time plot: 0.00 | Simulation time: 11h 31m 50s
		41520 Time iteration: 0.74 | Time plot: 0.88 | Simulation time: 11h 32m 0s
		41530 Time iteration: 0.72 | Time plot: 0.00 | Simulation time: 11h 32m 10s
		41540 Time iteration: 0.74 | Time plot: 0.83 | Simulation time: 11h 32m 20s
		41550 Time iteration: 0.72 | Time plot: 0.00 | Simulation time: 11h 32m 30s
		41560 Time iteration: 0.73 | Time plot: 0.66 | Simulation time: 11h 32m 40s
		41570 Time iteration: 0.73 | Time plot: 0.00 | Simulation time: 11h 32m 50s
		41580 Time iteration: 0.73 | Time plot: 0.66 | Simulation time: 11h 33m 0s
		41590 Time iteration: 0.72 | Time plot: 0.00 | Simulation time: 11h 33m 10s
		41600 Time iteration: 1.09 | Time plot: 0.66 | Simulation time: 11h 33m 20s
		41610 Time iteration: 0.75 | Time plot: 0.00 | Simulation time: 11h 33m 30s
		41620 Time iteration: 0.74 | Time plot: 0.67 | Simulation time: 11h 33m 40s
		41630 Time iteration: 0.71 | Time plot: 0.00 | Simulation time: 11h 33m 50s
		41640 Time iteration: 0.72 | Time plot: 0.67 | Simulation time: 11h 34m 0s
		41650 Time iteration: 0.73 | Time plot: 0.00 | Simulation time: 11h 34m 10s
		41660 Time iteration: 0.75 | Time plot: 0.66 | Simulation time: 11h 34m 20s
		41670 Time iteration: 0.72 | Time plot: 0.00 | Simulation time: 11h 34m 30s
		41680 Time iteration: 0.81 | Time plot: 0.69 | Simulation time: 11h 34m 40s
		41690 Time iteration: 0.72 | Time plot: 0.00 | Simulation time: 11h 34m 50s
		41700 Time iteration: 0.85 | Time plot: 0.69 | Simulation time: 11h 35m 0s
		41710 Time iteration: 0.71 | Time plot: 0.00 | Simulation time: 11h 35m 10s
		41720 Time iteration: 0.72 | Time plot: 0.68 | Simulation time: 11h 35m 20s
		41730 Time iteration: 0.84 | Time plot: 0.00 | Simulation time: 11h 35m 30s
		41740 Time iteration: 0.74 | Time plot: 0.68 | Simulation time: 11h 35m 40s
		41750 Time iteration: 0.74 | Time plot: 0.00 | Simulation time: 11h 35m 50s
		41760 Time iteration: 0.75 | Time plot: 0.67 | Simulation time: 11h 36m 0s
		41770 Time iteration: 0.74 | Time plot: 0.00 | Simulation time: 11h 36m 10s
		41780 Time iteration: 0.75 | Time plot: 0.67 | Simulation time: 11h 36m 20s
		41790 Time iteration: 0.74 | Time plot: 0.00 | Simulation time: 11h 36m 30s
		41800 Time iteration: 0.90 | Time plot: 0.65 | Simulation time: 11h 36m 40s
		41810 Time iteration: 0.75 | Time plot: 0.00 | Simulation time: 11h 36m 50s
		41820 Time iteration: 0.74 | Time plot: 0.83 | Simulation time: 11h 37m 0s
		41830 Time iteration: 0.74 | Time plot: 0.00 | Simulation time: 11h 37m 10s
		41840 Time iteration: 0.74 | Time plot: 0.69 | Simulation time: 11h 37m 20s
		41850 Time iteration: 0.74 | Time plot: 0.00 | Simulation time: 11h 37m 30s
		41860 Time iteration: 0.74 | Time plot: 0.68 | Simulation time: 11h 37m 40s
		41870 Time iteration: 0.73 | Time plot: 0.00 | Simulation time: 11h 37m 50s
		41880 Time iteration: 0.75 | Time plot: 0.72 | Simulation time: 11h 38m 0s
		41890 Time iteration: 0.73 | Time plot: 0.00 | Simulation time: 11h 38m 10s
		41900 Time iteration: 0.94 | Time plot: 1.20 | Simulation time: 11h 38m 20s
		41910 Time iteration: 0.74 | Time plot: 0.00 | Simulation time: 11h 38m 30s
		41920 Time iteration: 0.74 | Time plot: 0.67 | Simulation time: 11h 38m 40s
		41930 Time iteration: 0.77 | Time plot: 0.00 | Simulation time: 11h 38m 50s
		41940 Time iteration: 0.74 | Time plot: 0.70 | Simulation time: 11h 39m 0s
		41950 Time iteration: 0.75 | Time plot: 0.00 | Simulation time: 11h 39m 10s
		41960 Time iteration: 0.76 | Time plot: 0.68 | Simulation time: 11h 39m 20s
		41970 Time iteration: 0.73 | Time plot: 0.00 | Simulation time: 11h 39m 30s
		41980 Time iteration: 0.74 | Time plot: 0.74 | Simulation time: 11h 39m 40s
		41990 Time iteration: 0.75 | Time plot: 0.00 | Simulation time: 11h 39m 50s
		42000 Time iteration: 2.22 | Time plot: 1.42 | Simulation time: 11h 40m 0s
		42010 Time iteration: 0.75 | Time plot: 0.00 | Simulation time: 11h 40m 10s
		42020 Time iteration: 0.91 | Time plot: 1.09 | Simulation time: 11h 40m 20s
		42030 Time iteration: 0.75 | Time plot: 0.00 | Simulation time: 11h 40m 30s
		42040 Time iteration: 0.74 | Time plot: 0.77 | Simulation time: 11h 40m 40s
		42050 Time iteration: 0.87 | Time plot: 0.00 | Simulation time: 11h 40m 50s
		42060 Time iteration: 0.75 | Time plot: 0.69 | Simulation time: 11h 41m 0s
		42070 Time iteration: 0.73 | Time plot: 0.00 | Simulation time: 11h 41m 10s
		42080 Time iteration: 0.76 | Time plot: 0.68 | Simulation time: 11h 41m 20s
		42090 Time iteration: 0.74 | Time plot: 0.00 | Simulation time: 11h 41m 30s
		42100 Time iteration: 2.24 | Time plot: 1.19 | Simulation time: 11h 41m 40s
		42110 Time iteration: 0.73 | Time plot: 0.00 | Simulation time: 11h 41m 50s
		42120 Time iteration: 0.74 | Time plot: 0.81 | Simulation time: 11h 42m 0s
		42130 Time iteration: 0.74 | Time plot: 0.00 | Simulation time: 11h 42m 10s
		42140 Time iteration: 0.75 | Time plot: 0.68 | Simulation time: 11h 42m 20s
		42150 Time iteration: 0.73 | Time plot: 0.00 | Simulation time: 11h 42m 30s
		42160 Time iteration: 0.74 | Time plot: 0.67 | Simulation time: 11h 42m 40s
		42170 Time iteration: 0.75 | Time plot: 0.00 | Simulation time: 11h 42m 50s
		42180 Time iteration: 0.75 | Time plot: 0.67 | Simulation time: 11h 43m 0s
		42190 Time iteration: 0.74 | Time plot: 0.00 | Simulation time: 11h 43m 10s
		42200 Time iteration: 2.84 | Time plot: 1.22 | Simulation time: 11h 43m 20s
		42210 Time iteration: 0.75 | Time plot: 0.00 | Simulation time: 11h 43m 30s
		42220 Time iteration: 0.76 | Time plot: 1.04 | Simulation time: 11h 43m 40s
		42230 Time iteration: 0.74 | Time plot: 0.00 | Simulation time: 11h 43m 50s
		42240 Time iteration: 0.75 | Time plot: 1.00 | Simulation time: 11h 44m 0s
		42250 Time iteration: 0.78 | Time plot: 0.00 | Simulation time: 11h 44m 10s
		42260 Time iteration: 0.74 | Time plot: 0.88 | Simulation time: 11h 44m 20s
		42270 Time iteration: 0.74 | Time plot: 0.00 | Simulation time: 11h 44m 30s
		42280 Time iteration: 0.75 | Time plot: 0.67 | Simulation time: 11h 44m 40s
		42290 Time iteration: 0.71 | Time plot: 0.00 | Simulation time: 11h 44m 50s
		42300 Time iteration: 2.50 | Time plot: 0.81 | Simulation time: 11h 45m 0s
		42310 Time iteration: 0.72 | Time plot: 0.00 | Simulation time: 11h 45m 10s
		42320 Time iteration: 0.73 | Time plot: 0.71 | Simulation time: 11h 45m 20s
		42330 Time iteration: 0.75 | Time plot: 0.00 | Simulation time: 11h 45m 30s
		42340 Time iteration: 0.76 | Time plot: 0.67 | Simulation time: 11h 45m 40s
		42350 Time iteration: 0.73 | Time plot: 0.00 | Simulation time: 11h 45m 50s
		42360 Time iteration: 0.72 | Time plot: 0.67 | Simulation time: 11h 46m 0s
		42370 Time iteration: 0.72 | Time plot: 0.00 | Simulation time: 11h 46m 10s
		42380 Time iteration: 0.74 | Time plot: 0.72 | Simulation time: 11h 46m 20s
		42390 Time iteration: 0.71 | Time plot: 0.00 | Simulation time: 11h 46m 30s
		42400 Time iteration: 2.15 | Time plot: 1.08 | Simulation time: 11h 46m 40s
		42410 Time iteration: 0.69 | Time plot: 0.00 | Simulation time: 11h 46m 50s
		42420 Time iteration: 0.72 | Time plot: 0.95 | Simulation time: 11h 47m 0s
		42430 Time iteration: 0.73 | Time plot: 0.00 | Simulation time: 11h 47m 10s
		42440 Time iteration: 0.72 | Time plot: 0.89 | Simulation time: 11h 47m 20s
		42450 Time iteration: 0.71 | Time plot: 0.00 | Simulation time: 11h 47m 30s
		42460 Time iteration: 0.73 | Time plot: 0.85 | Simulation time: 11h 47m 40s
		42470 Time iteration: 0.71 | Time plot: 0.00 | Simulation time: 11h 47m 50s
		42480 Time iteration: 0.73 | Time plot: 0.70 | Simulation time: 11h 48m 0s
		42490 Time iteration: 0.72 | Time plot: 0.00 | Simulation time: 11h 48m 10s
		42500 Time iteration: 1.97 | Time plot: 1.00 | Simulation time: 11h 48m 20s
		42510 Time iteration: 0.71 | Time plot: 0.00 | Simulation time: 11h 48m 30s
		42520 Time iteration: 0.70 | Time plot: 0.70 | Simulation time: 11h 48m 40s
		42530 Time iteration: 0.78 | Time plot: 0.00 | Simulation time: 11h 48m 50s
		42540 Time iteration: 0.71 | Time plot: 0.68 | Simulation time: 11h 49m 0s
		42550 Time iteration: 0.75 | Time plot: 0.00 | Simulation time: 11h 49m 10s
		42560 Time iteration: 0.70 | Time plot: 0.67 | Simulation time: 11h 49m 20s
		42570 Time iteration: 0.70 | Time plot: 0.00 | Simulation time: 11h 49m 30s
		42580 Time iteration: 0.70 | Time plot: 0.66 | Simulation time: 11h 49m 40s
		42590 Time iteration: 0.69 | Time plot: 0.00 | Simulation time: 11h 49m 50s
		42600 Time iteration: 2.22 | Time plot: 1.46 | Simulation time: 11h 50m 0s
		42610 Time iteration: 0.69 | Time plot: 0.00 | Simulation time: 11h 50m 10s
		42620 Time iteration: 0.70 | Time plot: 1.05 | Simulation time: 11h 50m 20s
		42630 Time iteration: 0.70 | Time plot: 0.00 | Simulation time: 11h 50m 30s
		42640 Time iteration: 0.68 | Time plot: 0.88 | Simulation time: 11h 50m 40s
		42650 Time iteration: 0.69 | Time plot: 0.00 | Simulation time: 11h 50m 50s
		42660 Time iteration: 0.72 | Time plot: 0.86 | Simulation time: 11h 51m 0s
		42670 Time iteration: 0.71 | Time plot: 0.00 | Simulation time: 11h 51m 10s
		42680 Time iteration: 0.71 | Time plot: 0.67 | Simulation time: 11h 51m 20s
		42690 Time iteration: 0.70 | Time plot: 0.00 | Simulation time: 11h 51m 30s
		42700 Time iteration: 1.71 | Time plot: 0.65 | Simulation time: 11h 51m 40s
		42710 Time iteration: 0.70 | Time plot: 0.00 | Simulation time: 11h 51m 50s
		42720 Time iteration: 0.75 | Time plot: 0.72 | Simulation time: 11h 52m 0s
		42730 Time iteration: 0.72 | Time plot: 0.00 | Simulation time: 11h 52m 10s
		42740 Time iteration: 0.69 | Time plot: 0.69 | Simulation time: 11h 52m 20s
		42750 Time iteration: 0.71 | Time plot: 0.00 | Simulation time: 11h 52m 30s
		42760 Time iteration: 0.70 | Time plot: 0.68 | Simulation time: 11h 52m 40s
		42770 Time iteration: 0.71 | Time plot: 0.00 | Simulation time: 11h 52m 50s
		42780 Time iteration: 0.72 | Time plot: 0.66 | Simulation time: 11h 53m 0s
		42790 Time iteration: 0.71 | Time plot: 0.00 | Simulation time: 11h 53m 10s
		42800 Time iteration: 0.85 | Time plot: 0.70 | Simulation time: 11h 53m 20s
		42810 Time iteration: 0.71 | Time plot: 0.00 | Simulation time: 11h 53m 30s
		42820 Time iteration: 0.73 | Time plot: 0.67 | Simulation time: 11h 53m 40s
		42830 Time iteration: 0.72 | Time plot: 0.00 | Simulation time: 11h 53m 50s
		42840 Time iteration: 0.71 | Time plot: 0.68 | Simulation time: 11h 54m 0s
		42850 Time iteration: 0.71 | Time plot: 0.00 | Simulation time: 11h 54m 10s
		42860 Time iteration: 0.71 | Time plot: 0.68 | Simulation time: 11h 54m 20s
		42870 Time iteration: 0.71 | Time plot: 0.00 | Simulation time: 11h 54m 30s
		42880 Time iteration: 0.71 | Time plot: 0.82 | Simulation time: 11h 54m 40s
		42890 Time iteration: 0.71 | Time plot: 0.00 | Simulation time: 11h 54m 50s
		42900 Time iteration: 0.84 | Time plot: 0.70 | Simulation time: 11h 55m 0s
		42910 Time iteration: 0.72 | Time plot: 0.00 | Simulation time: 11h 55m 10s
		42920 Time iteration: 0.71 | Time plot: 0.99 | Simulation time: 11h 55m 20s
		42930 Time iteration: 0.71 | Time plot: 0.00 | Simulation time: 11h 55m 30s
		42940 Time iteration: 0.72 | Time plot: 0.68 | Simulation time: 11h 55m 40s
		42950 Time iteration: 0.72 | Time plot: 0.00 | Simulation time: 11h 55m 50s
		42960 Time iteration: 0.71 | Time plot: 0.69 | Simulation time: 11h 56m 0s
		42970 Time iteration: 0.72 | Time plot: 0.00 | Simulation time: 11h 56m 10s
		42980 Time iteration: 0.70 | Time plot: 0.67 | Simulation time: 11h 56m 20s
		42990 Time iteration: 0.73 | Time plot: 0.00 | Simulation time: 11h 56m 30s
		43000 Time iteration: 1.39 | Time plot: 0.68 | Simulation time: 11h 56m 40s
		43010 Time iteration: 0.70 | Time plot: 0.00 | Simulation time: 11h 56m 50s
		43020 Time iteration: 0.72 | Time plot: 0.67 | Simulation time: 11h 57m 0s
		43030 Time iteration: 0.71 | Time plot: 0.00 | Simulation time: 11h 57m 10s
		43040 Time iteration: 0.72 | Time plot: 0.68 | Simulation time: 11h 57m 20s
		43050 Time iteration: 0.71 | Time plot: 0.00 | Simulation time: 11h 57m 30s
		43060 Time iteration: 0.70 | Time plot: 0.66 | Simulation time: 11h 57m 40s
		43070 Time iteration: 0.72 | Time plot: 0.00 | Simulation time: 11h 57m 50s
		43080 Time iteration: 0.73 | Time plot: 0.69 | Simulation time: 11h 58m 0s
		43090 Time iteration: 0.74 | Time plot: 0.00 | Simulation time: 11h 58m 10s
		43100 Time iteration: 0.87 | Time plot: 0.67 | Simulation time: 11h 58m 20s
		43110 Time iteration: 0.73 | Time plot: 0.00 | Simulation time: 11h 58m 30s
		43120 Time iteration: 0.73 | Time plot: 0.66 | Simulation time: 11h 58m 40s
		43130 Time iteration: 0.72 | Time plot: 0.00 | Simulation time: 11h 58m 50s
		43140 Time iteration: 0.72 | Time plot: 0.68 | Simulation time: 11h 59m 0s
		43150 Time iteration: 0.73 | Time plot: 0.00 | Simulation time: 11h 59m 10s
		43160 Time iteration: 0.72 | Time plot: 0.71 | Simulation time: 11h 59m 20s
		43170 Time iteration: 0.74 | Time plot: 0.00 | Simulation time: 11h 59m 30s
		43180 Time iteration: 0.73 | Time plot: 0.69 | Simulation time: 11h 59m 40s
		43190 Time iteration: 0.73 | Time plot: 0.00 | Simulation time: 11h 59m 50s
		43200 Time iteration: 0.87 | Time plot: 0.67 | Simulation time: 12h 0m 0s
		43210 Time iteration: 0.72 | Time plot: 0.00 | Simulation time: 12h 0m 10s
		43220 Time iteration: 0.76 | Time plot: 0.69 | Simulation time: 12h 0m 20s
		43230 Time iteration: 0.73 | Time plot: 0.00 | Simulation time: 12h 0m 30s
		43240 Time iteration: 0.72 | Time plot: 0.67 | Simulation time: 12h 0m 40s
		43250 Time iteration: 0.73 | Time plot: 0.00 | Simulation time: 12h 0m 50s
		43260 Time iteration: 0.72 | Time plot: 0.68 | Simulation time: 12h 1m 0s
		43270 Time iteration: 0.73 | Time plot: 0.00 | Simulation time: 12h 1m 10s
		43280 Time iteration: 0.73 | Time plot: 0.73 | Simulation time: 12h 1m 20s
		43290 Time iteration: 0.75 | Time plot: 0.00 | Simulation time: 12h 1m 30s
		43300 Time iteration: 1.17 | Time plot: 1.40 | Simulation time: 12h 1m 40s
		43310 Time iteration: 0.72 | Time plot: 0.00 | Simulation time: 12h 1m 50s
		43320 Time iteration: 0.72 | Time plot: 1.16 | Simulation time: 12h 2m 0s
		43330 Time iteration: 0.72 | Time plot: 0.00 | Simulation time: 12h 2m 10s
		43340 Time iteration: 0.98 | Time plot: 1.25 | Simulation time: 12h 2m 20s
		43350 Time iteration: 0.73 | Time plot: 0.00 | Simulation time: 12h 2m 30s
		43360 Time iteration: 0.74 | Time plot: 0.80 | Simulation time: 12h 2m 40s
		43370 Time iteration: 0.75 | Time plot: 0.00 | Simulation time: 12h 2m 50s
		43380 Time iteration: 0.73 | Time plot: 0.67 | Simulation time: 12h 3m 0s
		43390 Time iteration: 0.77 | Time plot: 0.00 | Simulation time: 12h 3m 10s
		43400 Time iteration: 1.75 | Time plot: 1.29 | Simulation time: 12h 3m 20s
		43410 Time iteration: 0.75 | Time plot: 0.00 | Simulation time: 12h 3m 30s
		43420 Time iteration: 0.74 | Time plot: 0.82 | Simulation time: 12h 3m 40s
		43430 Time iteration: 0.73 | Time plot: 0.00 | Simulation time: 12h 3m 50s
		43440 Time iteration: 0.74 | Time plot: 0.70 | Simulation time: 12h 4m 0s
		43450 Time iteration: 0.74 | Time plot: 0.00 | Simulation time: 12h 4m 10s
		43460 Time iteration: 0.73 | Time plot: 0.69 | Simulation time: 12h 4m 20s
		43470 Time iteration: 0.73 | Time plot: 0.00 | Simulation time: 12h 4m 30s
		43480 Time iteration: 0.72 | Time plot: 0.68 | Simulation time: 12h 4m 40s
		43490 Time iteration: 0.74 | Time plot: 0.00 | Simulation time: 12h 4m 50s
		43500 Time iteration: 2.83 | Time plot: 0.96 | Simulation time: 12h 5m 0s
		43510 Time iteration: 0.74 | Time plot: 0.00 | Simulation time: 12h 5m 10s
		43520 Time iteration: 0.73 | Time plot: 0.79 | Simulation time: 12h 5m 20s
		43530 Time iteration: 0.73 | Time plot: 0.00 | Simulation time: 12h 5m 30s
		43540 Time iteration: 0.74 | Time plot: 0.68 | Simulation time: 12h 5m 40s
		43550 Time iteration: 0.72 | Time plot: 0.00 | Simulation time: 12h 5m 50s
		43560 Time iteration: 0.73 | Time plot: 0.69 | Simulation time: 12h 6m 0s
		43570 Time iteration: 0.73 | Time plot: 0.00 | Simulation time: 12h 6m 10s
		43580 Time iteration: 0.72 | Time plot: 0.68 | Simulation time: 12h 6m 20s
		43590 Time iteration: 0.74 | Time plot: 0.00 | Simulation time: 12h 6m 30s
		43600 Time iteration: 2.16 | Time plot: 1.19 | Simulation time: 12h 6m 40s
		43610 Time iteration: 0.75 | Time plot: 0.00 | Simulation time: 12h 6m 50s
		43620 Time iteration: 0.74 | Time plot: 0.90 | Simulation time: 12h 7m 0s
		43630 Time iteration: 0.72 | Time plot: 0.00 | Simulation time: 12h 7m 10s
		43640 Time iteration: 0.74 | Time plot: 0.78 | Simulation time: 12h 7m 20s
		43650 Time iteration: 0.73 | Time plot: 0.00 | Simulation time: 12h 7m 30s
		43660 Time iteration: 0.72 | Time plot: 0.67 | Simulation time: 12h 7m 40s
		43670 Time iteration: 0.72 | Time plot: 0.00 | Simulation time: 12h 7m 50s
		43680 Time iteration: 0.72 | Time plot: 0.73 | Simulation time: 12h 8m 0s
		43690 Time iteration: 0.73 | Time plot: 0.00 | Simulation time: 12h 8m 10s
		43700 Time iteration: 1.81 | Time plot: 0.94 | Simulation time: 12h 8m 20s
		43710 Time iteration: 0.72 | Time plot: 0.00 | Simulation time: 12h 8m 30s
		43720 Time iteration: 0.72 | Time plot: 1.02 | Simulation time: 12h 8m 40s
		43730 Time iteration: 0.73 | Time plot: 0.00 | Simulation time: 12h 8m 50s
		43740 Time iteration: 0.72 | Time plot: 0.81 | Simulation time: 12h 9m 0s
		43750 Time iteration: 0.73 | Time plot: 0.00 | Simulation time: 12h 9m 10s
		43760 Time iteration: 0.72 | Time plot: 0.81 | Simulation time: 12h 9m 20s
		43770 Time iteration: 0.72 | Time plot: 0.00 | Simulation time: 12h 9m 30s
		43780 Time iteration: 0.75 | Time plot: 0.87 | Simulation time: 12h 9m 40s
		43790 Time iteration: 0.74 | Time plot: 0.00 | Simulation time: 12h 9m 50s
		43800 Time iteration: 1.23 | Time plot: 1.08 | Simulation time: 12h 10m 0s
		43810 Time iteration: 0.73 | Time plot: 0.00 | Simulation time: 12h 10m 10s
		43820 Time iteration: 0.72 | Time plot: 0.79 | Simulation time: 12h 10m 20s
		43830 Time iteration: 0.88 | Time plot: 0.00 | Simulation time: 12h 10m 30s
		43840 Time iteration: 0.75 | Time plot: 0.65 | Simulation time: 12h 10m 40s
		43850 Time iteration: 0.72 | Time plot: 0.00 | Simulation time: 12h 10m 50s
		43860 Time iteration: 0.74 | Time plot: 0.67 | Simulation time: 12h 11m 0s
		43870 Time iteration: 0.73 | Time plot: 0.00 | Simulation time: 12h 11m 10s
		43880 Time iteration: 0.72 | Time plot: 0.67 | Simulation time: 12h 11m 20s
		43890 Time iteration: 0.72 | Time plot: 0.00 | Simulation time: 12h 11m 30s
		43900 Time iteration: 1.22 | Time plot: 0.67 | Simulation time: 12h 11m 40s
		43910 Time iteration: 0.75 | Time plot: 0.00 | Simulation time: 12h 11m 50s
		43920 Time iteration: 0.74 | Time plot: 0.68 | Simulation time: 12h 12m 0s
		43930 Time iteration: 0.75 | Time plot: 0.00 | Simulation time: 12h 12m 10s
		43940 Time iteration: 0.73 | Time plot: 0.66 | Simulation time: 12h 12m 20s
		43950 Time iteration: 0.73 | Time plot: 0.00 | Simulation time: 12h 12m 30s
		43960 Time iteration: 0.73 | Time plot: 0.66 | Simulation time: 12h 12m 40s
		43970 Time iteration: 0.72 | Time plot: 0.00 | Simulation time: 12h 12m 50s
		43980 Time iteration: 0.72 | Time plot: 0.67 | Simulation time: 12h 13m 0s
		43990 Time iteration: 0.70 | Time plot: 0.00 | Simulation time: 12h 13m 10s
		44000 Time iteration: 0.85 | Time plot: 0.69 | Simulation time: 12h 13m 20s
		44010 Time iteration: 0.70 | Time plot: 0.00 | Simulation time: 12h 13m 30s
		44020 Time iteration: 0.72 | Time plot: 0.66 | Simulation time: 12h 13m 40s
		44030 Time iteration: 0.71 | Time plot: 0.00 | Simulation time: 12h 13m 50s
		44040 Time iteration: 0.72 | Time plot: 0.67 | Simulation time: 12h 14m 0s
		44050 Time iteration: 0.73 | Time plot: 0.00 | Simulation time: 12h 14m 10s
		44060 Time iteration: 0.74 | Time plot: 0.66 | Simulation time: 12h 14m 20s
		44070 Time iteration: 0.77 | Time plot: 0.00 | Simulation time: 12h 14m 30s
		44080 Time iteration: 0.73 | Time plot: 1.29 | Simulation time: 12h 14m 40s
		44090 Time iteration: 0.73 | Time plot: 0.00 | Simulation time: 12h 14m 50s
		44100 Time iteration: 0.88 | Time plot: 0.70 | Simulation time: 12h 15m 0s
		44110 Time iteration: 0.73 | Time plot: 0.00 | Simulation time: 12h 15m 10s
		44120 Time iteration: 0.72 | Time plot: 0.66 | Simulation time: 12h 15m 20s
		44130 Time iteration: 0.72 | Time plot: 0.00 | Simulation time: 12h 15m 30s
		44140 Time iteration: 0.75 | Time plot: 0.72 | Simulation time: 12h 15m 40s
		44150 Time iteration: 0.76 | Time plot: 0.00 | Simulation time: 12h 15m 50s
		44160 Time iteration: 0.73 | Time plot: 0.75 | Simulation time: 12h 16m 0s
		44170 Time iteration: 0.74 | Time plot: 0.00 | Simulation time: 12h 16m 10s
		44180 Time iteration: 0.72 | Time plot: 0.68 | Simulation time: 12h 16m 20s
		44190 Time iteration: 0.72 | Time plot: 0.00 | Simulation time: 12h 16m 30s
		44200 Time iteration: 1.26 | Time plot: 0.87 | Simulation time: 12h 16m 40s
		44210 Time iteration: 0.73 | Time plot: 0.00 | Simulation time: 12h 16m 50s
		44220 Time iteration: 0.74 | Time plot: 0.73 | Simulation time: 12h 17m 0s
		44230 Time iteration: 0.74 | Time plot: 0.00 | Simulation time: 12h 17m 10s
		44240 Time iteration: 0.72 | Time plot: 0.66 | Simulation time: 12h 17m 20s
		44250 Time iteration: 0.74 | Time plot: 0.00 | Simulation time: 12h 17m 30s
		44260 Time iteration: 0.73 | Time plot: 0.98 | Simulation time: 12h 17m 40s
		44270 Time iteration: 0.72 | Time plot: 0.00 | Simulation time: 12h 17m 50s
		44280 Time iteration: 0.72 | Time plot: 0.93 | Simulation time: 12h 18m 0s
		44290 Time iteration: 0.71 | Time plot: 0.00 | Simulation time: 12h 18m 10s
		44300 Time iteration: 2.56 | Time plot: 0.91 | Simulation time: 12h 18m 20s
		44310 Time iteration: 0.72 | Time plot: 0.00 | Simulation time: 12h 18m 30s
		44320 Time iteration: 0.79 | Time plot: 0.68 | Simulation time: 12h 18m 40s
		44330 Time iteration: 0.72 | Time plot: 0.00 | Simulation time: 12h 18m 50s
		44340 Time iteration: 0.75 | Time plot: 0.69 | Simulation time: 12h 19m 0s
		44350 Time iteration: 0.72 | Time plot: 0.00 | Simulation time: 12h 19m 10s
		44360 Time iteration: 0.71 | Time plot: 0.68 | Simulation time: 12h 19m 20s
		44370 Time iteration: 0.72 | Time plot: 0.00 | Simulation time: 12h 19m 30s
		44380 Time iteration: 0.70 | Time plot: 0.69 | Simulation time: 12h 19m 40s
		44390 Time iteration: 0.71 | Time plot: 0.00 | Simulation time: 12h 19m 50s
		44400 Time iteration: 1.99 | Time plot: 1.35 | Simulation time: 12h 20m 0s
		44410 Time iteration: 0.73 | Time plot: 0.00 | Simulation time: 12h 20m 10s
		44420 Time iteration: 0.73 | Time plot: 0.83 | Simulation time: 12h 20m 20s
		44430 Time iteration: 0.73 | Time plot: 0.00 | Simulation time: 12h 20m 30s
		44440 Time iteration: 0.73 | Time plot: 0.80 | Simulation time: 12h 20m 40s
		44450 Time iteration: 0.76 | Time plot: 0.00 | Simulation time: 12h 20m 50s
		44460 Time iteration: 0.72 | Time plot: 0.97 | Simulation time: 12h 21m 0s
		44470 Time iteration: 0.73 | Time plot: 0.00 | Simulation time: 12h 21m 10s
		44480 Time iteration: 0.74 | Time plot: 0.97 | Simulation time: 12h 21m 20s
		44490 Time iteration: 0.74 | Time plot: 0.00 | Simulation time: 12h 21m 30s
		44500 Time iteration: 1.10 | Time plot: 0.83 | Simulation time: 12h 21m 40s
		44510 Time iteration: 0.73 | Time plot: 0.00 | Simulation time: 12h 21m 50s
		44520 Time iteration: 0.73 | Time plot: 0.74 | Simulation time: 12h 22m 0s
		44530 Time iteration: 0.73 | Time plot: 0.00 | Simulation time: 12h 22m 10s
		44540 Time iteration: 0.77 | Time plot: 0.68 | Simulation time: 12h 22m 20s
		44550 Time iteration: 0.75 | Time plot: 0.00 | Simulation time: 12h 22m 30s
		44560 Time iteration: 0.73 | Time plot: 0.69 | Simulation time: 12h 22m 40s
		44570 Time iteration: 0.73 | Time plot: 0.00 | Simulation time: 12h 22m 50s
		44580 Time iteration: 0.74 | Time plot: 0.68 | Simulation time: 12h 23m 0s
		44590 Time iteration: 0.74 | Time plot: 0.00 | Simulation time: 12h 23m 10s
		44600 Time iteration: 1.81 | Time plot: 1.25 | Simulation time: 12h 23m 20s
		44610 Time iteration: 0.73 | Time plot: 0.00 | Simulation time: 12h 23m 30s
		44620 Time iteration: 0.73 | Time plot: 0.75 | Simulation time: 12h 23m 40s
		44630 Time iteration: 0.73 | Time plot: 0.00 | Simulation time: 12h 23m 50s
		44640 Time iteration: 0.74 | Time plot: 0.80 | Simulation time: 12h 24m 0s
		44650 Time iteration: 0.74 | Time plot: 0.00 | Simulation time: 12h 24m 10s
		44660 Time iteration: 0.75 | Time plot: 0.73 | Simulation time: 12h 24m 20s
		44670 Time iteration: 0.74 | Time plot: 0.00 | Simulation time: 12h 24m 30s
		44680 Time iteration: 0.77 | Time plot: 0.70 | Simulation time: 12h 24m 40s
		44690 Time iteration: 0.76 | Time plot: 0.00 | Simulation time: 12h 24m 50s
		44700 Time iteration: 2.05 | Time plot: 1.30 | Simulation time: 12h 25m 0s
		44710 Time iteration: 0.75 | Time plot: 0.00 | Simulation time: 12h 25m 10s
		44720 Time iteration: 0.76 | Time plot: 0.85 | Simulation time: 12h 25m 20s
		44730 Time iteration: 0.76 | Time plot: 0.00 | Simulation time: 12h 25m 30s
		44740 Time iteration: 0.75 | Time plot: 0.70 | Simulation time: 12h 25m 40s
		44750 Time iteration: 0.74 | Time plot: 0.00 | Simulation time: 12h 25m 50s
		44760 Time iteration: 0.75 | Time plot: 0.70 | Simulation time: 12h 26m 0s
		44770 Time iteration: 0.74 | Time plot: 0.00 | Simulation time: 12h 26m 10s
		44780 Time iteration: 0.88 | Time plot: 0.82 | Simulation time: 12h 26m 20s
		44790 Time iteration: 0.74 | Time plot: 0.00 | Simulation time: 12h 26m 30s
		44800 Time iteration: 2.87 | Time plot: 0.84 | Simulation time: 12h 26m 40s
		44810 Time iteration: 0.73 | Time plot: 0.00 | Simulation time: 12h 26m 50s
		44820 Time iteration: 0.74 | Time plot: 0.88 | Simulation time: 12h 27m 0s
		44830 Time iteration: 0.76 | Time plot: 0.00 | Simulation time: 12h 27m 10s
		44840 Time iteration: 0.74 | Time plot: 0.79 | Simulation time: 12h 27m 20s
		44850 Time iteration: 0.76 | Time plot: 0.00 | Simulation time: 12h 27m 30s
		44860 Time iteration: 0.74 | Time plot: 0.69 | Simulation time: 12h 27m 40s
		44870 Time iteration: 0.77 | Time plot: 0.00 | Simulation time: 12h 27m 50s
		44880 Time iteration: 0.73 | Time plot: 0.70 | Simulation time: 12h 28m 0s
		44890 Time iteration: 0.77 | Time plot: 0.00 | Simulation time: 12h 28m 10s
		44900 Time iteration: 2.23 | Time plot: 1.15 | Simulation time: 12h 28m 20s
		44910 Time iteration: 0.76 | Time plot: 0.00 | Simulation time: 12h 28m 30s
		44920 Time iteration: 0.75 | Time plot: 0.84 | Simulation time: 12h 28m 40s
		44930 Time iteration: 0.74 | Time plot: 0.00 | Simulation time: 12h 28m 50s
		44940 Time iteration: 0.75 | Time plot: 0.85 | Simulation time: 12h 29m 0s
		44950 Time iteration: 0.75 | Time plot: 0.00 | Simulation time: 12h 29m 10s
		44960 Time iteration: 0.74 | Time plot: 0.87 | Simulation time: 12h 29m 20s
		44970 Time iteration: 0.87 | Time plot: 0.00 | Simulation time: 12h 29m 30s
		44980 Time iteration: 0.75 | Time plot: 0.67 | Simulation time: 12h 29m 40s
		44990 Time iteration: 0.74 | Time plot: 0.00 | Simulation time: 12h 29m 50s
		45000 Time iteration: 0.90 | Time plot: 0.68 | Simulation time: 12h 30m 0s
		45010 Time iteration: 0.76 | Time plot: 0.00 | Simulation time: 12h 30m 10s
		45020 Time iteration: 0.74 | Time plot: 0.66 | Simulation time: 12h 30m 20s
		45030 Time iteration: 0.76 | Time plot: 0.00 | Simulation time: 12h 30m 30s
		45040 Time iteration: 0.77 | Time plot: 0.66 | Simulation time: 12h 30m 40s
		45050 Time iteration: 0.76 | Time plot: 0.00 | Simulation time: 12h 30m 50s
		45060 Time iteration: 0.75 | Time plot: 0.66 | Simulation time: 12h 31m 0s
		45070 Time iteration: 0.74 | Time plot: 0.00 | Simulation time: 12h 31m 10s
		45080 Time iteration: 0.75 | Time plot: 0.69 | Simulation time: 12h 31m 20s
		45090 Time iteration: 0.73 | Time plot: 0.00 | Simulation time: 12h 31m 30s
		45100 Time iteration: 0.90 | Time plot: 0.67 | Simulation time: 12h 31m 40s
		45110 Time iteration: 0.75 | Time plot: 0.00 | Simulation time: 12h 31m 50s
		45120 Time iteration: 0.74 | Time plot: 0.67 | Simulation time: 12h 32m 0s
		45130 Time iteration: 0.76 | Time plot: 0.00 | Simulation time: 12h 32m 10s
		45140 Time iteration: 0.75 | Time plot: 0.68 | Simulation time: 12h 32m 20s
		45150 Time iteration: 0.74 | Time plot: 0.00 | Simulation time: 12h 32m 30s
		45160 Time iteration: 0.74 | Time plot: 0.68 | Simulation time: 12h 32m 40s
		45170 Time iteration: 0.75 | Time plot: 0.00 | Simulation time: 12h 32m 50s
		45180 Time iteration: 0.75 | Time plot: 0.93 | Simulation time: 12h 33m 0s
		45190 Time iteration: 0.76 | Time plot: 0.00 | Simulation time: 12h 33m 10s
		45200 Time iteration: 0.88 | Time plot: 0.85 | Simulation time: 12h 33m 20s
		45210 Time iteration: 0.72 | Time plot: 0.00 | Simulation time: 12h 33m 30s
		45220 Time iteration: 0.74 | Time plot: 1.20 | Simulation time: 12h 33m 40s
		45230 Time iteration: 0.73 | Time plot: 0.00 | Simulation time: 12h 33m 50s
		45240 Time iteration: 0.73 | Time plot: 0.72 | Simulation time: 12h 34m 0s
		45250 Time iteration: 0.74 | Time plot: 0.00 | Simulation time: 12h 34m 10s
		45260 Time iteration: 0.71 | Time plot: 0.91 | Simulation time: 12h 34m 20s
		45270 Time iteration: 0.73 | Time plot: 0.00 | Simulation time: 12h 34m 30s
		45280 Time iteration: 0.72 | Time plot: 0.73 | Simulation time: 12h 34m 40s
		45290 Time iteration: 0.72 | Time plot: 0.00 | Simulation time: 12h 34m 50s
		45300 Time iteration: 0.86 | Time plot: 0.79 | Simulation time: 12h 35m 0s
		45310 Time iteration: 0.73 | Time plot: 0.00 | Simulation time: 12h 35m 10s
		45320 Time iteration: 0.72 | Time plot: 0.87 | Simulation time: 12h 35m 20s
		45330 Time iteration: 0.74 | Time plot: 0.00 | Simulation time: 12h 35m 30s
		45340 Time iteration: 0.72 | Time plot: 0.86 | Simulation time: 12h 35m 40s
		45350 Time iteration: 0.73 | Time plot: 0.00 | Simulation time: 12h 35m 50s
		45360 Time iteration: 0.72 | Time plot: 0.75 | Simulation time: 12h 36m 0s
		45370 Time iteration: 0.71 | Time plot: 0.00 | Simulation time: 12h 36m 10s
		45380 Time iteration: 0.71 | Time plot: 0.82 | Simulation time: 12h 36m 20s
		45390 Time iteration: 0.71 | Time plot: 0.00 | Simulation time: 12h 36m 30s
		45400 Time iteration: 2.14 | Time plot: 1.00 | Simulation time: 12h 36m 40s
		45410 Time iteration: 0.74 | Time plot: 0.00 | Simulation time: 12h 36m 50s
		45420 Time iteration: 0.71 | Time plot: 0.70 | Simulation time: 12h 37m 0s
		45430 Time iteration: 0.73 | Time plot: 0.00 | Simulation time: 12h 37m 10s
		45440 Time iteration: 0.71 | Time plot: 0.70 | Simulation time: 12h 37m 20s
		45450 Time iteration: 0.74 | Time plot: 0.00 | Simulation time: 12h 37m 30s
		45460 Time iteration: 0.73 | Time plot: 0.67 | Simulation time: 12h 37m 40s
		45470 Time iteration: 0.77 | Time plot: 0.00 | Simulation time: 12h 37m 50s
		45480 Time iteration: 0.69 | Time plot: 0.68 | Simulation time: 12h 38m 0s
		45490 Time iteration: 0.70 | Time plot: 0.00 | Simulation time: 12h 38m 10s
		45500 Time iteration: 2.80 | Time plot: 1.32 | Simulation time: 12h 38m 20s
		45510 Time iteration: 0.69 | Time plot: 0.00 | Simulation time: 12h 38m 30s
		45520 Time iteration: 0.69 | Time plot: 1.02 | Simulation time: 12h 38m 40s
		45530 Time iteration: 0.70 | Time plot: 0.00 | Simulation time: 12h 38m 50s
		45540 Time iteration: 0.69 | Time plot: 0.85 | Simulation time: 12h 39m 0s
		45550 Time iteration: 0.70 | Time plot: 0.00 | Simulation time: 12h 39m 10s
		45560 Time iteration: 0.71 | Time plot: 0.72 | Simulation time: 12h 39m 20s
		45570 Time iteration: 0.70 | Time plot: 0.00 | Simulation time: 12h 39m 30s
		45580 Time iteration: 0.70 | Time plot: 0.72 | Simulation time: 12h 39m 40s
		45590 Time iteration: 0.69 | Time plot: 0.00 | Simulation time: 12h 39m 50s
		45600 Time iteration: 1.70 | Time plot: 1.73 | Simulation time: 12h 40m 0s
		45610 Time iteration: 0.72 | Time plot: 0.00 | Simulation time: 12h 40m 10s
		45620 Time iteration: 0.74 | Time plot: 0.72 | Simulation time: 12h 40m 20s
		45630 Time iteration: 0.73 | Time plot: 0.00 | Simulation time: 12h 40m 30s
		45640 Time iteration: 0.73 | Time plot: 0.70 | Simulation time: 12h 40m 40s
		45650 Time iteration: 0.71 | Time plot: 0.00 | Simulation time: 12h 40m 50s
		45660 Time iteration: 0.74 | Time plot: 0.70 | Simulation time: 12h 41m 0s
		45670 Time iteration: 0.72 | Time plot: 0.00 | Simulation time: 12h 41m 10s
		45680 Time iteration: 0.72 | Time plot: 0.71 | Simulation time: 12h 41m 20s
		45690 Time iteration: 0.72 | Time plot: 0.00 | Simulation time: 12h 41m 30s
		45700 Time iteration: 3.09 | Time plot: 1.25 | Simulation time: 12h 41m 40s
		45710 Time iteration: 0.73 | Time plot: 0.00 | Simulation time: 12h 41m 50s
		45720 Time iteration: 0.72 | Time plot: 1.17 | Simulation time: 12h 42m 0s
		45730 Time iteration: 0.72 | Time plot: 0.00 | Simulation time: 12h 42m 10s
		45740 Time iteration: 0.72 | Time plot: 1.16 | Simulation time: 12h 42m 20s
		45750 Time iteration: 0.82 | Time plot: 0.00 | Simulation time: 12h 42m 30s
		45760 Time iteration: 0.73 | Time plot: 0.87 | Simulation time: 12h 42m 40s
		45770 Time iteration: 0.73 | Time plot: 0.00 | Simulation time: 12h 42m 50s
		45780 Time iteration: 0.71 | Time plot: 0.68 | Simulation time: 12h 43m 0s
		45790 Time iteration: 0.77 | Time plot: 0.00 | Simulation time: 12h 43m 10s
		45800 Time iteration: 2.70 | Time plot: 0.96 | Simulation time: 12h 43m 20s
		45810 Time iteration: 0.72 | Time plot: 0.00 | Simulation time: 12h 43m 30s
		45820 Time iteration: 0.70 | Time plot: 1.72 | Simulation time: 12h 43m 40s
		45830 Time iteration: 0.76 | Time plot: 0.00 | Simulation time: 12h 43m 50s
		45840 Time iteration: 0.73 | Time plot: 0.88 | Simulation time: 12h 44m 0s
		45850 Time iteration: 0.73 | Time plot: 0.00 | Simulation time: 12h 44m 10s
		45860 Time iteration: 0.71 | Time plot: 0.68 | Simulation time: 12h 44m 20s
		45870 Time iteration: 0.81 | Time plot: 0.00 | Simulation time: 12h 44m 30s
		45880 Time iteration: 1.04 | Time plot: 0.96 | Simulation time: 12h 44m 40s
		45890 Time iteration: 1.07 | Time plot: 0.00 | Simulation time: 12h 44m 50s
		45900 Time iteration: 4.86 | Time plot: 1.02 | Simulation time: 12h 45m 0s
		45910 Time iteration: 0.77 | Time plot: 0.00 | Simulation time: 12h 45m 10s
		45920 Time iteration: 0.79 | Time plot: 0.78 | Simulation time: 12h 45m 20s
		45930 Time iteration: 0.80 | Time plot: 0.00 | Simulation time: 12h 45m 30s
		45940 Time iteration: 0.74 | Time plot: 0.66 | Simulation time: 12h 45m 40s
		45950 Time iteration: 0.71 | Time plot: 0.00 | Simulation time: 12h 45m 50s
		45960 Time iteration: 0.73 | Time plot: 0.67 | Simulation time: 12h 46m 0s
		45970 Time iteration: 0.71 | Time plot: 0.00 | Simulation time: 12h 46m 10s
		45980 Time iteration: 0.73 | Time plot: 0.67 | Simulation time: 12h 46m 20s
		45990 Time iteration: 0.73 | Time plot: 0.00 | Simulation time: 12h 46m 30s
		46000 Time iteration: 0.85 | Time plot: 0.69 | Simulation time: 12h 46m 40s
		46010 Time iteration: 0.74 | Time plot: 0.00 | Simulation time: 12h 46m 50s
		46020 Time iteration: 0.74 | Time plot: 0.68 | Simulation time: 12h 47m 0s
		46030 Time iteration: 0.73 | Time plot: 0.00 | Simulation time: 12h 47m 10s
		46040 Time iteration: 0.75 | Time plot: 0.70 | Simulation time: 12h 47m 20s
		46050 Time iteration: 0.74 | Time plot: 0.00 | Simulation time: 12h 47m 30s
		46060 Time iteration: 0.73 | Time plot: 0.70 | Simulation time: 12h 47m 40s
		46070 Time iteration: 0.76 | Time plot: 0.00 | Simulation time: 12h 47m 50s
		46080 Time iteration: 0.73 | Time plot: 0.66 | Simulation time: 12h 48m 0s
		46090 Time iteration: 0.74 | Time plot: 0.00 | Simulation time: 12h 48m 10s
		46100 Time iteration: 0.89 | Time plot: 0.66 | Simulation time: 12h 48m 20s
		46110 Time iteration: 0.74 | Time plot: 0.00 | Simulation time: 12h 48m 30s
		46120 Time iteration: 0.72 | Time plot: 0.66 | Simulation time: 12h 48m 40s
		46130 Time iteration: 0.73 | Time plot: 0.00 | Simulation time: 12h 48m 50s
		46140 Time iteration: 0.75 | Time plot: 0.65 | Simulation time: 12h 49m 0s
		46150 Time iteration: 0.75 | Time plot: 0.00 | Simulation time: 12h 49m 10s
		46160 Time iteration: 0.75 | Time plot: 0.66 | Simulation time: 12h 49m 20s
		46170 Time iteration: 0.76 | Time plot: 0.00 | Simulation time: 12h 49m 30s
		46180 Time iteration: 0.74 | Time plot: 0.66 | Simulation time: 12h 49m 40s
		46190 Time iteration: 0.73 | Time plot: 0.00 | Simulation time: 12h 49m 50s
		46200 Time iteration: 0.87 | Time plot: 0.66 | Simulation time: 12h 50m 0s
		46210 Time iteration: 0.74 | Time plot: 0.00 | Simulation time: 12h 50m 10s
		46220 Time iteration: 0.74 | Time plot: 0.66 | Simulation time: 12h 50m 20s
		46230 Time iteration: 0.75 | Time plot: 0.00 | Simulation time: 12h 50m 30s
		46240 Time iteration: 0.76 | Time plot: 0.70 | Simulation time: 12h 50m 40s
		46250 Time iteration: 0.75 | Time plot: 0.00 | Simulation time: 12h 50m 50s
		46260 Time iteration: 0.74 | Time plot: 0.67 | Simulation time: 12h 51m 0s
		46270 Time iteration: 0.73 | Time plot: 0.00 | Simulation time: 12h 51m 10s
		46280 Time iteration: 0.75 | Time plot: 0.66 | Simulation time: 12h 51m 20s
		46290 Time iteration: 0.75 | Time plot: 0.00 | Simulation time: 12h 51m 30s
		46300 Time iteration: 0.89 | Time plot: 0.68 | Simulation time: 12h 51m 40s
		46310 Time iteration: 0.75 | Time plot: 0.00 | Simulation time: 12h 51m 50s
		46320 Time iteration: 0.77 | Time plot: 0.67 | Simulation time: 12h 52m 0s
		46330 Time iteration: 0.76 | Time plot: 0.00 | Simulation time: 12h 52m 10s
		46340 Time iteration: 0.77 | Time plot: 0.68 | Simulation time: 12h 52m 20s
		46350 Time iteration: 0.77 | Time plot: 0.00 | Simulation time: 12h 52m 30s
		46360 Time iteration: 0.75 | Time plot: 0.69 | Simulation time: 12h 52m 40s
		46370 Time iteration: 0.74 | Time plot: 0.00 | Simulation time: 12h 52m 50s
		46380 Time iteration: 0.76 | Time plot: 0.70 | Simulation time: 12h 53m 0s
		46390 Time iteration: 0.75 | Time plot: 0.00 | Simulation time: 12h 53m 10s
		46400 Time iteration: 1.28 | Time plot: 1.43 | Simulation time: 12h 53m 20s
		46410 Time iteration: 0.74 | Time plot: 0.00 | Simulation time: 12h 53m 30s
		46420 Time iteration: 0.73 | Time plot: 1.07 | Simulation time: 12h 53m 40s
		46430 Time iteration: 0.74 | Time plot: 0.00 | Simulation time: 12h 53m 50s
		46440 Time iteration: 0.74 | Time plot: 1.11 | Simulation time: 12h 54m 0s
		46450 Time iteration: 0.73 | Time plot: 0.00 | Simulation time: 12h 54m 10s
		46460 Time iteration: 0.76 | Time plot: 0.98 | Simulation time: 12h 54m 20s
		46470 Time iteration: 0.73 | Time plot: 0.00 | Simulation time: 12h 54m 30s
		46480 Time iteration: 0.78 | Time plot: 1.05 | Simulation time: 12h 54m 40s
		46490 Time iteration: 0.76 | Time plot: 0.00 | Simulation time: 12h 54m 50s
		46500 Time iteration: 1.30 | Time plot: 1.06 | Simulation time: 12h 55m 0s
		46510 Time iteration: 0.74 | Time plot: 0.00 | Simulation time: 12h 55m 10s
		46520 Time iteration: 0.75 | Time plot: 0.85 | Simulation time: 12h 55m 20s
		46530 Time iteration: 0.74 | Time plot: 0.00 | Simulation time: 12h 55m 30s
		46540 Time iteration: 0.88 | Time plot: 0.91 | Simulation time: 12h 55m 40s
		46550 Time iteration: 0.74 | Time plot: 0.00 | Simulation time: 12h 55m 50s
		46560 Time iteration: 0.74 | Time plot: 0.74 | Simulation time: 12h 56m 0s
		46570 Time iteration: 0.75 | Time plot: 0.00 | Simulation time: 12h 56m 10s
		46580 Time iteration: 0.75 | Time plot: 0.67 | Simulation time: 12h 56m 20s
		46590 Time iteration: 0.76 | Time plot: 0.00 | Simulation time: 12h 56m 30s
		46600 Time iteration: 2.58 | Time plot: 0.93 | Simulation time: 12h 56m 40s
		46610 Time iteration: 0.76 | Time plot: 0.00 | Simulation time: 12h 56m 50s
		46620 Time iteration: 0.74 | Time plot: 0.69 | Simulation time: 12h 57m 0s
		46630 Time iteration: 0.76 | Time plot: 0.00 | Simulation time: 12h 57m 10s
		46640 Time iteration: 0.73 | Time plot: 0.67 | Simulation time: 12h 57m 20s
		46650 Time iteration: 0.76 | Time plot: 0.00 | Simulation time: 12h 57m 30s
		46660 Time iteration: 0.73 | Time plot: 0.70 | Simulation time: 12h 57m 40s
		46670 Time iteration: 0.74 | Time plot: 0.00 | Simulation time: 12h 57m 50s
		46680 Time iteration: 0.75 | Time plot: 0.68 | Simulation time: 12h 58m 0s
		46690 Time iteration: 0.74 | Time plot: 0.00 | Simulation time: 12h 58m 10s
		46700 Time iteration: 1.21 | Time plot: 0.84 | Simulation time: 12h 58m 20s
		46710 Time iteration: 0.73 | Time plot: 0.00 | Simulation time: 12h 58m 30s
		46720 Time iteration: 0.75 | Time plot: 0.94 | Simulation time: 12h 58m 40s
		46730 Time iteration: 0.75 | Time plot: 0.00 | Simulation time: 12h 58m 50s
		46740 Time iteration: 0.74 | Time plot: 0.66 | Simulation time: 12h 59m 0s
		46750 Time iteration: 0.74 | Time plot: 0.00 | Simulation time: 12h 59m 10s
		46760 Time iteration: 0.74 | Time plot: 0.67 | Simulation time: 12h 59m 20s
		46770 Time iteration: 0.73 | Time plot: 0.00 | Simulation time: 12h 59m 30s
		46780 Time iteration: 0.74 | Time plot: 0.69 | Simulation time: 12h 59m 40s
		46790 Time iteration: 0.76 | Time plot: 0.00 | Simulation time: 12h 59m 50s
		46800 Time iteration: 0.98 | Time plot: 0.98 | Simulation time: 13h 0m 0s
		46810 Time iteration: 0.75 | Time plot: 0.00 | Simulation time: 13h 0m 10s
		46820 Time iteration: 0.73 | Time plot: 1.03 | Simulation time: 13h 0m 20s
		46830 Time iteration: 0.75 | Time plot: 0.00 | Simulation time: 13h 0m 30s
		46840 Time iteration: 0.73 | Time plot: 1.04 | Simulation time: 13h 0m 40s
		46850 Time iteration: 0.74 | Time plot: 0.00 | Simulation time: 13h 0m 50s
		46860 Time iteration: 0.74 | Time plot: 0.83 | Simulation time: 13h 1m 0s
		46870 Time iteration: 0.75 | Time plot: 0.00 | Simulation time: 13h 1m 10s
		46880 Time iteration: 0.73 | Time plot: 0.67 | Simulation time: 13h 1m 20s
		46890 Time iteration: 0.72 | Time plot: 0.00 | Simulation time: 13h 1m 30s
		46900 Time iteration: 1.24 | Time plot: 1.47 | Simulation time: 13h 1m 40s
		46910 Time iteration: 0.72 | Time plot: 0.00 | Simulation time: 13h 1m 50s
		46920 Time iteration: 0.73 | Time plot: 1.16 | Simulation time: 13h 2m 0s
		46930 Time iteration: 0.74 | Time plot: 0.00 | Simulation time: 13h 2m 10s
		46940 Time iteration: 0.72 | Time plot: 0.96 | Simulation time: 13h 2m 20s
		46950 Time iteration: 0.73 | Time plot: 0.00 | Simulation time: 13h 2m 30s
		46960 Time iteration: 0.74 | Time plot: 0.72 | Simulation time: 13h 2m 40s
		46970 Time iteration: 0.74 | Time plot: 0.00 | Simulation time: 13h 2m 50s
		46980 Time iteration: 0.75 | Time plot: 0.81 | Simulation time: 13h 3m 0s
		46990 Time iteration: 0.76 | Time plot: 0.00 | Simulation time: 13h 3m 10s
		47000 Time iteration: 0.94 | Time plot: 0.97 | Simulation time: 13h 3m 20s
		47010 Time iteration: 0.74 | Time plot: 0.00 | Simulation time: 13h 3m 30s
		47020 Time iteration: 0.75 | Time plot: 1.06 | Simulation time: 13h 3m 40s
		47030 Time iteration: 0.76 | Time plot: 0.00 | Simulation time: 13h 3m 50s
		47040 Time iteration: 0.73 | Time plot: 1.05 | Simulation time: 13h 4m 0s
		47050 Time iteration: 0.74 | Time plot: 0.00 | Simulation time: 13h 4m 10s
		47060 Time iteration: 0.73 | Time plot: 0.98 | Simulation time: 13h 4m 20s
		47070 Time iteration: 0.75 | Time plot: 0.00 | Simulation time: 13h 4m 30s
		47080 Time iteration: 0.77 | Time plot: 0.74 | Simulation time: 13h 4m 40s
		47090 Time iteration: 0.74 | Time plot: 0.00 | Simulation time: 13h 4m 50s
		47100 Time iteration: 1.21 | Time plot: 1.71 | Simulation time: 13h 5m 0s
		47110 Time iteration: 0.76 | Time plot: 0.00 | Simulation time: 13h 5m 10s
		47120 Time iteration: 0.75 | Time plot: 0.68 | Simulation time: 13h 5m 20s
		47130 Time iteration: 0.75 | Time plot: 0.00 | Simulation time: 13h 5m 30s
		47140 Time iteration: 0.76 | Time plot: 0.71 | Simulation time: 13h 5m 40s
		47150 Time iteration: 0.72 | Time plot: 0.00 | Simulation time: 13h 5m 50s
		47160 Time iteration: 0.73 | Time plot: 0.68 | Simulation time: 13h 6m 0s
		47170 Time iteration: 0.73 | Time plot: 0.00 | Simulation time: 13h 6m 10s
		47180 Time iteration: 0.75 | Time plot: 0.70 | Simulation time: 13h 6m 20s
		47190 Time iteration: 0.75 | Time plot: 0.00 | Simulation time: 13h 6m 30s
		47200 Time iteration: 1.52 | Time plot: 0.94 | Simulation time: 13h 6m 40s
		47210 Time iteration: 0.73 | Time plot: 0.00 | Simulation time: 13h 6m 50s
		47220 Time iteration: 0.73 | Time plot: 0.92 | Simulation time: 13h 7m 0s
		47230 Time iteration: 0.74 | Time plot: 0.00 | Simulation time: 13h 7m 10s
		47240 Time iteration: 0.74 | Time plot: 0.68 | Simulation time: 13h 7m 20s
		47250 Time iteration: 0.74 | Time plot: 0.00 | Simulation time: 13h 7m 30s
		47260 Time iteration: 0.73 | Time plot: 0.68 | Simulation time: 13h 7m 40s
		47270 Time iteration: 0.72 | Time plot: 0.00 | Simulation time: 13h 7m 50s
		47280 Time iteration: 0.75 | Time plot: 0.67 | Simulation time: 13h 8m 0s
		47290 Time iteration: 0.73 | Time plot: 0.00 | Simulation time: 13h 8m 10s
		47300 Time iteration: 1.36 | Time plot: 0.71 | Simulation time: 13h 8m 20s
		47310 Time iteration: 0.76 | Time plot: 0.00 | Simulation time: 13h 8m 30s
		47320 Time iteration: 0.77 | Time plot: 0.66 | Simulation time: 13h 8m 40s
		47330 Time iteration: 0.76 | Time plot: 0.00 | Simulation time: 13h 8m 50s
		47340 Time iteration: 0.75 | Time plot: 0.67 | Simulation time: 13h 9m 0s
		47350 Time iteration: 0.74 | Time plot: 0.00 | Simulation time: 13h 9m 10s
		47360 Time iteration: 0.77 | Time plot: 0.67 | Simulation time: 13h 9m 20s
		47370 Time iteration: 0.75 | Time plot: 0.00 | Simulation time: 13h 9m 30s
		47380 Time iteration: 0.74 | Time plot: 0.67 | Simulation time: 13h 9m 40s
		47390 Time iteration: 0.75 | Time plot: 0.00 | Simulation time: 13h 9m 50s
		47400 Time iteration: 0.89 | Time plot: 0.67 | Simulation time: 13h 10m 0s
		47410 Time iteration: 0.74 | Time plot: 0.00 | Simulation time: 13h 10m 10s
		47420 Time iteration: 0.76 | Time plot: 0.67 | Simulation time: 13h 10m 20s
		47430 Time iteration: 0.74 | Time plot: 0.00 | Simulation time: 13h 10m 30s
		47440 Time iteration: 0.75 | Time plot: 0.66 | Simulation time: 13h 10m 40s
		47450 Time iteration: 0.75 | Time plot: 0.00 | Simulation time: 13h 10m 50s
		47460 Time iteration: 0.76 | Time plot: 0.68 | Simulation time: 13h 11m 0s
		47470 Time iteration: 0.77 | Time plot: 0.00 | Simulation time: 13h 11m 10s
		47480 Time iteration: 0.76 | Time plot: 0.92 | Simulation time: 13h 11m 20s
		47490 Time iteration: 0.79 | Time plot: 0.00 | Simulation time: 13h 11m 30s
		47500 Time iteration: 1.04 | Time plot: 1.15 | Simulation time: 13h 11m 40s
		47510 Time iteration: 0.76 | Time plot: 0.00 | Simulation time: 13h 11m 50s
		47520 Time iteration: 0.76 | Time plot: 0.78 | Simulation time: 13h 12m 0s
		47530 Time iteration: 0.74 | Time plot: 0.00 | Simulation time: 13h 12m 10s
		47540 Time iteration: 0.75 | Time plot: 0.68 | Simulation time: 13h 12m 20s
		47550 Time iteration: 0.77 | Time plot: 0.00 | Simulation time: 13h 12m 30s
		47560 Time iteration: 0.78 | Time plot: 0.70 | Simulation time: 13h 12m 40s
		47570 Time iteration: 0.76 | Time plot: 0.00 | Simulation time: 13h 12m 50s
		47580 Time iteration: 0.77 | Time plot: 0.78 | Simulation time: 13h 13m 0s
		47590 Time iteration: 0.76 | Time plot: 0.00 | Simulation time: 13h 13m 10s
		47600 Time iteration: 1.56 | Time plot: 0.72 | Simulation time: 13h 13m 20s
		47610 Time iteration: 0.76 | Time plot: 0.00 | Simulation time: 13h 13m 30s
		47620 Time iteration: 0.77 | Time plot: 0.94 | Simulation time: 13h 13m 40s
		47630 Time iteration: 0.77 | Time plot: 0.00 | Simulation time: 13h 13m 50s
		47640 Time iteration: 0.76 | Time plot: 0.70 | Simulation time: 13h 14m 0s
		47650 Time iteration: 0.76 | Time plot: 0.00 | Simulation time: 13h 14m 10s
		47660 Time iteration: 0.77 | Time plot: 0.79 | Simulation time: 13h 14m 20s
		47670 Time iteration: 0.76 | Time plot: 0.00 | Simulation time: 13h 14m 30s
		47680 Time iteration: 0.79 | Time plot: 0.86 | Simulation time: 13h 14m 40s
		47690 Time iteration: 0.78 | Time plot: 0.00 | Simulation time: 13h 14m 50s
		47700 Time iteration: 1.08 | Time plot: 0.81 | Simulation time: 13h 15m 0s
		47710 Time iteration: 0.78 | Time plot: 0.00 | Simulation time: 13h 15m 10s
		47720 Time iteration: 0.77 | Time plot: 0.70 | Simulation time: 13h 15m 20s
		47730 Time iteration: 0.79 | Time plot: 0.00 | Simulation time: 13h 15m 30s
		47740 Time iteration: 0.79 | Time plot: 0.68 | Simulation time: 13h 15m 40s
		47750 Time iteration: 0.76 | Time plot: 0.00 | Simulation time: 13h 15m 50s
		47760 Time iteration: 0.77 | Time plot: 0.71 | Simulation time: 13h 16m 0s
		47770 Time iteration: 0.76 | Time plot: 0.00 | Simulation time: 13h 16m 10s
		47780 Time iteration: 0.77 | Time plot: 0.67 | Simulation time: 13h 16m 20s
		47790 Time iteration: 0.77 | Time plot: 0.00 | Simulation time: 13h 16m 30s
		47800 Time iteration: 2.78 | Time plot: 0.78 | Simulation time: 13h 16m 40s
		47810 Time iteration: 0.79 | Time plot: 0.00 | Simulation time: 13h 16m 50s
		47820 Time iteration: 0.79 | Time plot: 0.82 | Simulation time: 13h 17m 0s
		47830 Time iteration: 0.77 | Time plot: 0.00 | Simulation time: 13h 17m 10s
		47840 Time iteration: 0.75 | Time plot: 1.02 | Simulation time: 13h 17m 20s
		47850 Time iteration: 0.76 | Time plot: 0.00 | Simulation time: 13h 17m 30s
		47860 Time iteration: 0.76 | Time plot: 1.04 | Simulation time: 13h 17m 40s
		47870 Time iteration: 0.76 | Time plot: 0.00 | Simulation time: 13h 17m 50s
		47880 Time iteration: 0.75 | Time plot: 0.78 | Simulation time: 13h 18m 0s
		47890 Time iteration: 0.75 | Time plot: 0.00 | Simulation time: 13h 18m 10s
		47900 Time iteration: 0.89 | Time plot: 1.20 | Simulation time: 13h 18m 20s
		47910 Time iteration: 0.77 | Time plot: 0.00 | Simulation time: 13h 18m 30s
		47920 Time iteration: 0.77 | Time plot: 0.86 | Simulation time: 13h 18m 40s
		47930 Time iteration: 0.76 | Time plot: 0.00 | Simulation time: 13h 18m 50s
		47940 Time iteration: 0.75 | Time plot: 0.69 | Simulation time: 13h 19m 0s
		47950 Time iteration: 0.78 | Time plot: 0.00 | Simulation time: 13h 19m 10s
		47960 Time iteration: 0.76 | Time plot: 0.69 | Simulation time: 13h 19m 20s
		47970 Time iteration: 0.77 | Time plot: 0.00 | Simulation time: 13h 19m 30s
		47980 Time iteration: 0.76 | Time plot: 0.67 | Simulation time: 13h 19m 40s
		47990 Time iteration: 0.78 | Time plot: 0.00 | Simulation time: 13h 19m 50s
		48000 Time iteration: 2.15 | Time plot: 0.69 | Simulation time: 13h 20m 0s
		48010 Time iteration: 0.76 | Time plot: 0.00 | Simulation time: 13h 20m 10s
		48020 Time iteration: 0.78 | Time plot: 0.68 | Simulation time: 13h 20m 20s
		48030 Time iteration: 0.77 | Time plot: 0.00 | Simulation time: 13h 20m 30s
		48040 Time iteration: 0.78 | Time plot: 0.68 | Simulation time: 13h 20m 40s
		48050 Time iteration: 0.78 | Time plot: 0.00 | Simulation time: 13h 20m 50s
		48060 Time iteration: 0.75 | Time plot: 0.67 | Simulation time: 13h 21m 0s
		48070 Time iteration: 0.78 | Time plot: 0.00 | Simulation time: 13h 21m 10s
		48080 Time iteration: 0.78 | Time plot: 0.67 | Simulation time: 13h 21m 20s
		48090 Time iteration: 0.76 | Time plot: 0.00 | Simulation time: 13h 21m 30s
		48100 Time iteration: 0.88 | Time plot: 0.69 | Simulation time: 13h 21m 40s
		48110 Time iteration: 0.76 | Time plot: 0.00 | Simulation time: 13h 21m 50s
		48120 Time iteration: 0.78 | Time plot: 0.67 | Simulation time: 13h 22m 0s
		48130 Time iteration: 0.75 | Time plot: 0.00 | Simulation time: 13h 22m 10s
		48140 Time iteration: 0.75 | Time plot: 0.68 | Simulation time: 13h 22m 20s
		48150 Time iteration: 0.75 | Time plot: 0.00 | Simulation time: 13h 22m 30s
		48160 Time iteration: 0.77 | Time plot: 0.68 | Simulation time: 13h 22m 40s
		48170 Time iteration: 0.74 | Time plot: 0.00 | Simulation time: 13h 22m 50s
		48180 Time iteration: 0.73 | Time plot: 1.03 | Simulation time: 13h 23m 0s
		48190 Time iteration: 0.73 | Time plot: 0.00 | Simulation time: 13h 23m 10s
		48200 Time iteration: 0.86 | Time plot: 0.68 | Simulation time: 13h 23m 20s
		48210 Time iteration: 0.73 | Time plot: 0.00 | Simulation time: 13h 23m 30s
		48220 Time iteration: 0.74 | Time plot: 1.03 | Simulation time: 13h 23m 40s
		48230 Time iteration: 0.75 | Time plot: 0.00 | Simulation time: 13h 23m 50s
		48240 Time iteration: 0.73 | Time plot: 0.68 | Simulation time: 13h 24m 0s
		48250 Time iteration: 0.73 | Time plot: 0.00 | Simulation time: 13h 24m 10s
		48260 Time iteration: 0.73 | Time plot: 0.67 | Simulation time: 13h 24m 20s
		48270 Time iteration: 0.73 | Time plot: 0.00 | Simulation time: 13h 24m 30s
		48280 Time iteration: 0.73 | Time plot: 0.68 | Simulation time: 13h 24m 40s
		48290 Time iteration: 0.73 | Time plot: 0.00 | Simulation time: 13h 24m 50s
		48300 Time iteration: 1.09 | Time plot: 0.97 | Simulation time: 13h 25m 0s
		48310 Time iteration: 0.74 | Time plot: 0.00 | Simulation time: 13h 25m 10s
		48320 Time iteration: 0.72 | Time plot: 0.87 | Simulation time: 13h 25m 20s
		48330 Time iteration: 0.73 | Time plot: 0.00 | Simulation time: 13h 25m 30s
		48340 Time iteration: 0.73 | Time plot: 0.66 | Simulation time: 13h 25m 40s
		48350 Time iteration: 0.74 | Time plot: 0.00 | Simulation time: 13h 25m 50s
		48360 Time iteration: 0.73 | Time plot: 0.67 | Simulation time: 13h 26m 0s
		48370 Time iteration: 0.74 | Time plot: 0.00 | Simulation time: 13h 26m 10s
		48380 Time iteration: 0.73 | Time plot: 0.66 | Simulation time: 13h 26m 20s
		48390 Time iteration: 0.72 | Time plot: 0.00 | Simulation time: 13h 26m 30s
		48400 Time iteration: 0.87 | Time plot: 0.67 | Simulation time: 13h 26m 40s
		48410 Time iteration: 0.72 | Time plot: 0.00 | Simulation time: 13h 26m 50s
		48420 Time iteration: 0.71 | Time plot: 0.67 | Simulation time: 13h 27m 0s
		48430 Time iteration: 0.72 | Time plot: 0.00 | Simulation time: 13h 27m 10s
		48440 Time iteration: 0.72 | Time plot: 0.68 | Simulation time: 13h 27m 20s
		48450 Time iteration: 0.71 | Time plot: 0.00 | Simulation time: 13h 27m 30s
		48460 Time iteration: 0.72 | Time plot: 0.68 | Simulation time: 13h 27m 40s
		48470 Time iteration: 0.72 | Time plot: 0.00 | Simulation time: 13h 27m 50s
		48480 Time iteration: 0.75 | Time plot: 0.67 | Simulation time: 13h 28m 0s
		48490 Time iteration: 0.75 | Time plot: 0.00 | Simulation time: 13h 28m 10s
		48500 Time iteration: 0.87 | Time plot: 0.66 | Simulation time: 13h 28m 20s
		48510 Time iteration: 0.75 | Time plot: 0.00 | Simulation time: 13h 28m 30s
		48520 Time iteration: 0.73 | Time plot: 1.17 | Simulation time: 13h 28m 40s
		48530 Time iteration: 0.76 | Time plot: 0.00 | Simulation time: 13h 28m 50s
		48540 Time iteration: 0.75 | Time plot: 0.73 | Simulation time: 13h 29m 0s
		48550 Time iteration: 0.74 | Time plot: 0.00 | Simulation time: 13h 29m 10s
		48560 Time iteration: 0.74 | Time plot: 0.86 | Simulation time: 13h 29m 20s
		48570 Time iteration: 0.75 | Time plot: 0.00 | Simulation time: 13h 29m 30s
		48580 Time iteration: 0.73 | Time plot: 0.68 | Simulation time: 13h 29m 40s
		48590 Time iteration: 0.72 | Time plot: 0.00 | Simulation time: 13h 29m 50s
		48600 Time iteration: 1.14 | Time plot: 1.07 | Simulation time: 13h 30m 0s
		48610 Time iteration: 0.73 | Time plot: 0.00 | Simulation time: 13h 30m 10s
		48620 Time iteration: 0.76 | Time plot: 0.70 | Simulation time: 13h 30m 20s
		48630 Time iteration: 0.73 | Time plot: 0.00 | Simulation time: 13h 30m 30s
		48640 Time iteration: 0.73 | Time plot: 0.73 | Simulation time: 13h 30m 40s
		48650 Time iteration: 0.74 | Time plot: 0.00 | Simulation time: 13h 30m 50s
		48660 Time iteration: 0.73 | Time plot: 0.72 | Simulation time: 13h 31m 0s
		48670 Time iteration: 0.74 | Time plot: 0.00 | Simulation time: 13h 31m 10s
		48680 Time iteration: 0.74 | Time plot: 0.72 | Simulation time: 13h 31m 20s
		48690 Time iteration: 0.73 | Time plot: 0.00 | Simulation time: 13h 31m 30s
		48700 Time iteration: 2.24 | Time plot: 0.95 | Simulation time: 13h 31m 40s
		48710 Time iteration: 0.75 | Time plot: 0.00 | Simulation time: 13h 31m 50s
		48720 Time iteration: 0.75 | Time plot: 0.97 | Simulation time: 13h 32m 0s
		48730 Time iteration: 0.73 | Time plot: 0.00 | Simulation time: 13h 32m 10s
		48740 Time iteration: 0.74 | Time plot: 0.90 | Simulation time: 13h 32m 20s
		48750 Time iteration: 0.75 | Time plot: 0.00 | Simulation time: 13h 32m 30s
		48760 Time iteration: 0.73 | Time plot: 0.96 | Simulation time: 13h 32m 40s
		48770 Time iteration: 0.76 | Time plot: 0.00 | Simulation time: 13h 32m 50s
		48780 Time iteration: 0.74 | Time plot: 0.94 | Simulation time: 13h 33m 0s
		48790 Time iteration: 0.74 | Time plot: 0.00 | Simulation time: 13h 33m 10s
		48800 Time iteration: 1.31 | Time plot: 1.13 | Simulation time: 13h 33m 20s
		48810 Time iteration: 0.74 | Time plot: 0.00 | Simulation time: 13h 33m 30s
		48820 Time iteration: 0.76 | Time plot: 0.83 | Simulation time: 13h 33m 40s
		48830 Time iteration: 0.73 | Time plot: 0.00 | Simulation time: 13h 33m 50s
		48840 Time iteration: 0.74 | Time plot: 0.67 | Simulation time: 13h 34m 0s
		48850 Time iteration: 0.74 | Time plot: 0.00 | Simulation time: 13h 34m 10s
		48860 Time iteration: 0.74 | Time plot: 0.67 | Simulation time: 13h 34m 20s
		48870 Time iteration: 0.74 | Time plot: 0.00 | Simulation time: 13h 34m 30s
		48880 Time iteration: 0.74 | Time plot: 0.68 | Simulation time: 13h 34m 40s
		48890 Time iteration: 0.73 | Time plot: 0.00 | Simulation time: 13h 34m 50s
		48900 Time iteration: 2.34 | Time plot: 1.13 | Simulation time: 13h 35m 0s
		48910 Time iteration: 0.75 | Time plot: 0.00 | Simulation time: 13h 35m 10s
		48920 Time iteration: 0.75 | Time plot: 0.81 | Simulation time: 13h 35m 20s
		48930 Time iteration: 0.76 | Time plot: 0.00 | Simulation time: 13h 35m 30s
		48940 Time iteration: 0.75 | Time plot: 0.73 | Simulation time: 13h 35m 40s
		48950 Time iteration: 0.76 | Time plot: 0.00 | Simulation time: 13h 35m 50s
		48960 Time iteration: 0.79 | Time plot: 0.70 | Simulation time: 13h 36m 0s
		48970 Time iteration: 0.77 | Time plot: 0.00 | Simulation time: 13h 36m 10s
		48980 Time iteration: 0.77 | Time plot: 0.68 | Simulation time: 13h 36m 20s
		48990 Time iteration: 0.77 | Time plot: 0.00 | Simulation time: 13h 36m 30s
		49000 Time iteration: 3.32 | Time plot: 1.21 | Simulation time: 13h 36m 40s
		49010 Time iteration: 0.76 | Time plot: 0.00 | Simulation time: 13h 36m 50s
		49020 Time iteration: 0.73 | Time plot: 0.91 | Simulation time: 13h 37m 0s
		49030 Time iteration: 0.77 | Time plot: 0.00 | Simulation time: 13h 37m 10s
		49040 Time iteration: 0.76 | Time plot: 0.80 | Simulation time: 13h 37m 20s
		49050 Time iteration: 0.75 | Time plot: 0.00 | Simulation time: 13h 37m 30s
		49060 Time iteration: 0.75 | Time plot: 0.76 | Simulation time: 13h 37m 40s
		49070 Time iteration: 0.76 | Time plot: 0.00 | Simulation time: 13h 37m 50s
		49080 Time iteration: 0.89 | Time plot: 1.02 | Simulation time: 13h 38m 0s
		49090 Time iteration: 0.77 | Time plot: 0.00 | Simulation time: 13h 38m 10s
		49100 Time iteration: 3.35 | Time plot: 1.10 | Simulation time: 13h 38m 20s
		49110 Time iteration: 0.79 | Time plot: 0.00 | Simulation time: 13h 38m 30s
		49120 Time iteration: 0.76 | Time plot: 0.86 | Simulation time: 13h 38m 40s
		49130 Time iteration: 0.77 | Time plot: 0.00 | Simulation time: 13h 38m 50s
		49140 Time iteration: 0.75 | Time plot: 0.67 | Simulation time: 13h 39m 0s
		49150 Time iteration: 0.76 | Time plot: 0.00 | Simulation time: 13h 39m 10s
		49160 Time iteration: 0.78 | Time plot: 0.70 | Simulation time: 13h 39m 20s
		49170 Time iteration: 0.76 | Time plot: 0.00 | Simulation time: 13h 39m 30s
		49180 Time iteration: 0.76 | Time plot: 0.71 | Simulation time: 13h 39m 40s
		49190 Time iteration: 0.77 | Time plot: 0.00 | Simulation time: 13h 39m 50s
		49200 Time iteration: 2.05 | Time plot: 1.42 | Simulation time: 13h 40m 0s
		49210 Time iteration: 0.76 | Time plot: 0.00 | Simulation time: 13h 40m 10s
		49220 Time iteration: 0.78 | Time plot: 0.85 | Simulation time: 13h 40m 20s
		49230 Time iteration: 0.79 | Time plot: 0.00 | Simulation time: 13h 40m 30s
		49240 Time iteration: 0.79 | Time plot: 0.68 | Simulation time: 13h 40m 40s
		49250 Time iteration: 0.77 | Time plot: 0.00 | Simulation time: 13h 40m 50s
		49260 Time iteration: 0.79 | Time plot: 0.66 | Simulation time: 13h 41m 0s
		49270 Time iteration: 0.77 | Time plot: 0.00 | Simulation time: 13h 41m 10s
		49280 Time iteration: 0.77 | Time plot: 0.68 | Simulation time: 13h 41m 20s
		49290 Time iteration: 0.77 | Time plot: 0.00 | Simulation time: 13h 41m 30s
		49300 Time iteration: 2.68 | Time plot: 0.80 | Simulation time: 13h 41m 40s
		49310 Time iteration: 0.77 | Time plot: 0.00 | Simulation time: 13h 41m 50s
		49320 Time iteration: 0.75 | Time plot: 0.71 | Simulation time: 13h 42m 0s
		49330 Time iteration: 0.76 | Time plot: 0.00 | Simulation time: 13h 42m 10s
		49340 Time iteration: 0.78 | Time plot: 0.71 | Simulation time: 13h 42m 20s
		49350 Time iteration: 0.76 | Time plot: 0.00 | Simulation time: 13h 42m 30s
		49360 Time iteration: 0.77 | Time plot: 0.67 | Simulation time: 13h 42m 40s
		49370 Time iteration: 0.77 | Time plot: 0.00 | Simulation time: 13h 42m 50s
		49380 Time iteration: 0.76 | Time plot: 0.72 | Simulation time: 13h 43m 0s
		49390 Time iteration: 0.75 | Time plot: 0.00 | Simulation time: 13h 43m 10s
		49400 Time iteration: 3.00 | Time plot: 0.79 | Simulation time: 13h 43m 20s
		49410 Time iteration: 0.78 | Time plot: 0.00 | Simulation time: 13h 43m 30s
		49420 Time iteration: 0.75 | Time plot: 0.92 | Simulation time: 13h 43m 40s
		49430 Time iteration: 0.76 | Time plot: 0.00 | Simulation time: 13h 43m 50s
		49440 Time iteration: 0.83 | Time plot: 0.83 | Simulation time: 13h 44m 0s
		49450 Time iteration: 0.76 | Time plot: 0.00 | Simulation time: 13h 44m 10s
		49460 Time iteration: 0.80 | Time plot: 0.66 | Simulation time: 13h 44m 20s
		49470 Time iteration: 0.77 | Time plot: 0.00 | Simulation time: 13h 44m 30s
		49480 Time iteration: 0.75 | Time plot: 0.67 | Simulation time: 13h 44m 40s
		49490 Time iteration: 0.76 | Time plot: 0.00 | Simulation time: 13h 44m 50s
		49500 Time iteration: 1.12 | Time plot: 0.67 | Simulation time: 13h 45m 0s
		49510 Time iteration: 0.76 | Time plot: 0.00 | Simulation time: 13h 45m 10s
		49520 Time iteration: 0.76 | Time plot: 0.70 | Simulation time: 13h 45m 20s
		49530 Time iteration: 0.78 | Time plot: 0.00 | Simulation time: 13h 45m 30s
		49540 Time iteration: 0.77 | Time plot: 0.67 | Simulation time: 13h 45m 40s
		49550 Time iteration: 0.77 | Time plot: 0.00 | Simulation time: 13h 45m 50s
		49560 Time iteration: 0.75 | Time plot: 0.66 | Simulation time: 13h 46m 0s
		49570 Time iteration: 0.77 | Time plot: 0.00 | Simulation time: 13h 46m 10s
		49580 Time iteration: 0.78 | Time plot: 0.67 | Simulation time: 13h 46m 20s
		49590 Time iteration: 0.76 | Time plot: 0.00 | Simulation time: 13h 46m 30s
		49600 Time iteration: 0.91 | Time plot: 0.74 | Simulation time: 13h 46m 40s
		49610 Time iteration: 0.75 | Time plot: 0.00 | Simulation time: 13h 46m 50s
		49620 Time iteration: 0.77 | Time plot: 0.82 | Simulation time: 13h 47m 0s
		49630 Time iteration: 0.77 | Time plot: 0.00 | Simulation time: 13h 47m 10s
		49640 Time iteration: 0.77 | Time plot: 0.92 | Simulation time: 13h 47m 20s
		49650 Time iteration: 0.77 | Time plot: 0.00 | Simulation time: 13h 47m 30s
		49660 Time iteration: 0.77 | Time plot: 0.85 | Simulation time: 13h 47m 40s
		49670 Time iteration: 0.76 | Time plot: 0.00 | Simulation time: 13h 47m 50s
		49680 Time iteration: 0.76 | Time plot: 0.69 | Simulation time: 13h 48m 0s
		49690 Time iteration: 0.76 | Time plot: 0.00 | Simulation time: 13h 48m 10s
		49700 Time iteration: 1.05 | Time plot: 1.10 | Simulation time: 13h 48m 20s
		49710 Time iteration: 0.75 | Time plot: 0.00 | Simulation time: 13h 48m 30s
		49720 Time iteration: 0.77 | Time plot: 1.32 | Simulation time: 13h 48m 40s
		49730 Time iteration: 0.77 | Time plot: 0.00 | Simulation time: 13h 48m 50s
		49740 Time iteration: 0.76 | Time plot: 0.75 | Simulation time: 13h 49m 0s
		49750 Time iteration: 0.75 | Time plot: 0.00 | Simulation time: 13h 49m 10s
		49760 Time iteration: 0.75 | Time plot: 0.75 | Simulation time: 13h 49m 20s
		49770 Time iteration: 0.76 | Time plot: 0.00 | Simulation time: 13h 49m 30s
		49780 Time iteration: 0.77 | Time plot: 0.88 | Simulation time: 13h 49m 40s
		49790 Time iteration: 0.78 | Time plot: 0.00 | Simulation time: 13h 49m 50s
		49800 Time iteration: 1.21 | Time plot: 1.01 | Simulation time: 13h 50m 0s
		49810 Time iteration: 0.76 | Time plot: 0.00 | Simulation time: 13h 50m 10s
		49820 Time iteration: 0.75 | Time plot: 0.89 | Simulation time: 13h 50m 20s
		49830 Time iteration: 0.76 | Time plot: 0.00 | Simulation time: 13h 50m 30s
		49840 Time iteration: 0.75 | Time plot: 0.92 | Simulation time: 13h 50m 40s
		49850 Time iteration: 0.75 | Time plot: 0.00 | Simulation time: 13h 50m 50s
		49860 Time iteration: 0.75 | Time plot: 0.90 | Simulation time: 13h 51m 0s
		49870 Time iteration: 0.78 | Time plot: 0.00 | Simulation time: 13h 51m 10s
		49880 Time iteration: 0.78 | Time plot: 1.10 | Simulation time: 13h 51m 20s
		49890 Time iteration: 0.85 | Time plot: 0.00 | Simulation time: 13h 51m 30s
		49900 Time iteration: 1.72 | Time plot: 0.87 | Simulation time: 13h 51m 40s
		49910 Time iteration: 0.75 | Time plot: 0.00 | Simulation time: 13h 51m 50s
		49920 Time iteration: 0.76 | Time plot: 0.70 | Simulation time: 13h 52m 0s
		49930 Time iteration: 0.79 | Time plot: 0.00 | Simulation time: 13h 52m 10s
		49940 Time iteration: 0.76 | Time plot: 0.68 | Simulation time: 13h 52m 20s
		49950 Time iteration: 0.76 | Time plot: 0.00 | Simulation time: 13h 52m 30s
		49960 Time iteration: 0.78 | Time plot: 0.70 | Simulation time: 13h 52m 40s
		49970 Time iteration: 0.76 | Time plot: 0.00 | Simulation time: 13h 52m 50s
		49980 Time iteration: 0.77 | Time plot: 0.67 | Simulation time: 13h 53m 0s
		49990 Time iteration: 0.77 | Time plot: 0.00 | Simulation time: 13h 53m 10s
!! Cue_plane5_sat0: Observed Target 389 at off-nadir 0.0 deg
		50000 Time iteration: 2.67 | Time plot: 1.16 | Simulation time: 13h 53m 20s
		50010 Time iteration: 0.79 | Time plot: 0.00 | Simulation time: 13h 53m 30s
		50020 Time iteration: 0.76 | Time plot: 0.78 | Simulation time: 13h 53m 40s
		50030 Time iteration: 0.76 | Time plot: 0.00 | Simulation time: 13h 53m 50s
		50040 Time iteration: 0.77 | Time plot: 0.75 | Simulation time: 13h 54m 0s
		50050 Time iteration: 0.76 | Time plot: 0.00 | Simulation time: 13h 54m 10s
!! Cue_plane0_sat0: Confirmed Target 389=whale (actual=whale)
		50060 Time iteration: 0.78 | Time plot: 0.73 | Simulation time: 13h 54m 20s
		50070 Time iteration: 0.77 | Time plot: 0.00 | Simulation time: 13h 54m 30s
		50080 Time iteration: 0.74 | Time plot: 0.67 | Simulation time: 13h 54m 40s
		50090 Time iteration: 0.75 | Time plot: 0.00 | Simulation time: 13h 54m 50s
		50100 Time iteration: 2.10 | Time plot: 1.14 | Simulation time: 13h 55m 0s
		50110 Time iteration: 0.77 | Time plot: 0.00 | Simulation time: 13h 55m 10s
		50120 Time iteration: 0.76 | Time plot: 0.84 | Simulation time: 13h 55m 20s
		50130 Time iteration: 0.75 | Time plot: 0.00 | Simulation time: 13h 55m 30s
		50140 Time iteration: 0.74 | Time plot: 0.66 | Simulation time: 13h 55m 40s
		50150 Time iteration: 0.74 | Time plot: 0.00 | Simulation time: 13h 55m 50s
		50160 Time iteration: 0.74 | Time plot: 0.69 | Simulation time: 13h 56m 0s
		50170 Time iteration: 0.76 | Time plot: 0.00 | Simulation time: 13h 56m 10s
		50180 Time iteration: 0.74 | Time plot: 0.67 | Simulation time: 13h 56m 20s
		50190 Time iteration: 0.77 | Time plot: 0.00 | Simulation time: 13h 56m 30s
		50200 Time iteration: 1.99 | Time plot: 1.80 | Simulation time: 13h 56m 40s
		50210 Time iteration: 0.76 | Time plot: 0.00 | Simulation time: 13h 56m 50s
		50220 Time iteration: 0.77 | Time plot: 0.76 | Simulation time: 13h 57m 0s
		50230 Time iteration: 0.78 | Time plot: 0.00 | Simulation time: 13h 57m 10s
		50240 Time iteration: 0.77 | Time plot: 0.68 | Simulation time: 13h 57m 20s
!! Cue_plane0_sat0: Observed Target 457 at off-nadir 0.0 deg
		50250 Time iteration: 0.75 | Time plot: 0.00 | Simulation time: 13h 57m 30s
		50260 Time iteration: 0.77 | Time plot: 0.68 | Simulation time: 13h 57m 40s
		50270 Time iteration: 0.77 | Time plot: 0.00 | Simulation time: 13h 57m 50s
		50280 Time iteration: 0.79 | Time plot: 0.67 | Simulation time: 13h 58m 0s
		50290 Time iteration: 0.81 | Time plot: 0.00 | Simulation time: 13h 58m 10s
		50300 Time iteration: 1.69 | Time plot: 1.22 | Simulation time: 13h 58m 20s
!! Cue_plane0_sat0: Confirmed Target 457=whale (actual=whale)
		50310 Time iteration: 0.77 | Time plot: 0.00 | Simulation time: 13h 58m 30s
		50320 Time iteration: 0.75 | Time plot: 0.80 | Simulation time: 13h 58m 40s
		50330 Time iteration: 0.76 | Time plot: 0.00 | Simulation time: 13h 58m 50s
		50340 Time iteration: 0.77 | Time plot: 0.66 | Simulation time: 13h 59m 0s
		50350 Time iteration: 0.77 | Time plot: 0.00 | Simulation time: 13h 59m 10s
		50360 Time iteration: 0.76 | Time plot: 0.68 | Simulation time: 13h 59m 20s
		50370 Time iteration: 0.78 | Time plot: 0.00 | Simulation time: 13h 59m 30s
		50380 Time iteration: 0.78 | Time plot: 0.73 | Simulation time: 13h 59m 40s
		50390 Time iteration: 0.77 | Time plot: 0.00 | Simulation time: 13h 59m 50s
		50400 Time iteration: 1.74 | Time plot: 1.07 | Simulation time: 14h 0m 0s
		50410 Time iteration: 0.77 | Time plot: 0.00 | Simulation time: 14h 0m 10s
		50420 Time iteration: 0.76 | Time plot: 0.81 | Simulation time: 14h 0m 20s
		50430 Time iteration: 0.76 | Time plot: 0.00 | Simulation time: 14h 0m 30s
		50440 Time iteration: 0.79 | Time plot: 1.04 | Simulation time: 14h 0m 40s
		50450 Time iteration: 0.76 | Time plot: 0.00 | Simulation time: 14h 0m 50s
		50460 Time iteration: 0.78 | Time plot: 1.12 | Simulation time: 14h 1m 0s
		50470 Time iteration: 0.80 | Time plot: 0.00 | Simulation time: 14h 1m 10s
		50480 Time iteration: 0.79 | Time plot: 0.99 | Simulation time: 14h 1m 20s
		50490 Time iteration: 0.79 | Time plot: 0.00 | Simulation time: 14h 1m 30s
		50500 Time iteration: 1.26 | Time plot: 1.09 | Simulation time: 14h 1m 40s
		50510 Time iteration: 0.80 | Time plot: 0.00 | Simulation time: 14h 1m 50s
		50520 Time iteration: 0.81 | Time plot: 0.80 | Simulation time: 14h 2m 0s
		50530 Time iteration: 0.82 | Time plot: 0.00 | Simulation time: 14h 2m 10s
		50540 Time iteration: 0.78 | Time plot: 0.69 | Simulation time: 14h 2m 20s
		50550 Time iteration: 0.79 | Time plot: 0.00 | Simulation time: 14h 2m 30s
		50560 Time iteration: 0.78 | Time plot: 0.67 | Simulation time: 14h 2m 40s
		50570 Time iteration: 0.80 | Time plot: 0.00 | Simulation time: 14h 2m 50s
		50580 Time iteration: 0.80 | Time plot: 0.68 | Simulation time: 14h 3m 0s
		50590 Time iteration: 0.81 | Time plot: 0.00 | Simulation time: 14h 3m 10s
		50600 Time iteration: 1.33 | Time plot: 0.66 | Simulation time: 14h 3m 20s
		50610 Time iteration: 0.78 | Time plot: 0.00 | Simulation time: 14h 3m 30s
		50620 Time iteration: 0.78 | Time plot: 0.67 | Simulation time: 14h 3m 40s
		50630 Time iteration: 0.80 | Time plot: 0.00 | Simulation time: 14h 3m 50s
		50640 Time iteration: 0.81 | Time plot: 0.69 | Simulation time: 14h 4m 0s
		50650 Time iteration: 0.80 | Time plot: 0.00 | Simulation time: 14h 4m 10s
		50660 Time iteration: 0.80 | Time plot: 0.67 | Simulation time: 14h 4m 20s
		50670 Time iteration: 0.79 | Time plot: 0.00 | Simulation time: 14h 4m 30s
		50680 Time iteration: 0.78 | Time plot: 0.67 | Simulation time: 14h 4m 40s
		50690 Time iteration: 0.80 | Time plot: 0.00 | Simulation time: 14h 4m 50s
		50700 Time iteration: 0.93 | Time plot: 0.68 | Simulation time: 14h 5m 0s
		50710 Time iteration: 0.78 | Time plot: 0.00 | Simulation time: 14h 5m 10s
		50720 Time iteration: 0.78 | Time plot: 0.69 | Simulation time: 14h 5m 20s
		50730 Time iteration: 0.78 | Time plot: 0.00 | Simulation time: 14h 5m 30s
		50740 Time iteration: 0.78 | Time plot: 0.69 | Simulation time: 14h 5m 40s
		50750 Time iteration: 0.79 | Time plot: 0.00 | Simulation time: 14h 5m 50s
		50760 Time iteration: 0.80 | Time plot: 0.68 | Simulation time: 14h 6m 0s
		50770 Time iteration: 0.79 | Time plot: 0.00 | Simulation time: 14h 6m 10s
		50780 Time iteration: 0.79 | Time plot: 0.68 | Simulation time: 14h 6m 20s
		50790 Time iteration: 0.78 | Time plot: 0.00 | Simulation time: 14h 6m 30s
		50800 Time iteration: 1.32 | Time plot: 1.06 | Simulation time: 14h 6m 40s
		50810 Time iteration: 0.81 | Time plot: 0.00 | Simulation time: 14h 6m 50s
		50820 Time iteration: 0.79 | Time plot: 1.09 | Simulation time: 14h 7m 0s
		50830 Time iteration: 0.78 | Time plot: 0.00 | Simulation time: 14h 7m 10s
		50840 Time iteration: 0.78 | Time plot: 0.86 | Simulation time: 14h 7m 20s
		50850 Time iteration: 0.80 | Time plot: 0.00 | Simulation time: 14h 7m 30s
		50860 Time iteration: 0.79 | Time plot: 0.71 | Simulation time: 14h 7m 40s
		50870 Time iteration: 0.80 | Time plot: 0.00 | Simulation time: 14h 7m 50s
		50880 Time iteration: 0.79 | Time plot: 0.79 | Simulation time: 14h 8m 0s
		50890 Time iteration: 0.77 | Time plot: 0.00 | Simulation time: 14h 8m 10s
		50900 Time iteration: 2.84 | Time plot: 0.81 | Simulation time: 14h 8m 20s
		50910 Time iteration: 0.77 | Time plot: 0.00 | Simulation time: 14h 8m 30s
		50920 Time iteration: 0.78 | Time plot: 0.69 | Simulation time: 14h 8m 40s
		50930 Time iteration: 0.77 | Time plot: 0.00 | Simulation time: 14h 8m 50s
		50940 Time iteration: 0.83 | Time plot: 0.79 | Simulation time: 14h 9m 0s
		50950 Time iteration: 0.78 | Time plot: 0.00 | Simulation time: 14h 9m 10s
		50960 Time iteration: 0.79 | Time plot: 0.75 | Simulation time: 14h 9m 20s
		50970 Time iteration: 0.81 | Time plot: 0.00 | Simulation time: 14h 9m 30s
		50980 Time iteration: 0.78 | Time plot: 0.70 | Simulation time: 14h 9m 40s
		50990 Time iteration: 0.86 | Time plot: 0.00 | Simulation time: 14h 9m 50s
		51000 Time iteration: 3.56 | Time plot: 1.25 | Simulation time: 14h 10m 0s
		51010 Time iteration: 0.78 | Time plot: 0.00 | Simulation time: 14h 10m 10s
		51020 Time iteration: 0.82 | Time plot: 0.88 | Simulation time: 14h 10m 20s
		51030 Time iteration: 0.80 | Time plot: 0.00 | Simulation time: 14h 10m 30s
		51040 Time iteration: 0.80 | Time plot: 0.69 | Simulation time: 14h 10m 40s
		51050 Time iteration: 0.77 | Time plot: 0.00 | Simulation time: 14h 10m 50s
		51060 Time iteration: 0.78 | Time plot: 0.67 | Simulation time: 14h 11m 0s
		51070 Time iteration: 0.77 | Time plot: 0.00 | Simulation time: 14h 11m 10s
		51080 Time iteration: 0.79 | Time plot: 0.68 | Simulation time: 14h 11m 20s
		51090 Time iteration: 0.74 | Time plot: 0.00 | Simulation time: 14h 11m 30s
		51100 Time iteration: 4.28 | Time plot: 1.27 | Simulation time: 14h 11m 40s
		51110 Time iteration: 0.76 | Time plot: 0.00 | Simulation time: 14h 11m 50s
		51120 Time iteration: 0.75 | Time plot: 0.95 | Simulation time: 14h 12m 0s
		51130 Time iteration: 0.74 | Time plot: 0.00 | Simulation time: 14h 12m 10s
		51140 Time iteration: 0.74 | Time plot: 0.84 | Simulation time: 14h 12m 20s
		51150 Time iteration: 0.78 | Time plot: 0.00 | Simulation time: 14h 12m 30s
		51160 Time iteration: 0.75 | Time plot: 0.71 | Simulation time: 14h 12m 40s
		51170 Time iteration: 0.75 | Time plot: 0.00 | Simulation time: 14h 12m 50s
		51180 Time iteration: 0.75 | Time plot: 0.71 | Simulation time: 14h 13m 0s
		51190 Time iteration: 0.76 | Time plot: 0.00 | Simulation time: 14h 13m 10s
		51200 Time iteration: 3.35 | Time plot: 0.89 | Simulation time: 14h 13m 20s
		51210 Time iteration: 0.75 | Time plot: 0.00 | Simulation time: 14h 13m 30s
		51220 Time iteration: 0.75 | Time plot: 1.05 | Simulation time: 14h 13m 40s
		51230 Time iteration: 0.78 | Time plot: 0.00 | Simulation time: 14h 13m 50s
		51240 Time iteration: 0.75 | Time plot: 0.88 | Simulation time: 14h 14m 0s
		51250 Time iteration: 0.75 | Time plot: 0.00 | Simulation time: 14h 14m 10s
		51260 Time iteration: 0.74 | Time plot: 0.81 | Simulation time: 14h 14m 20s
		51270 Time iteration: 0.77 | Time plot: 0.00 | Simulation time: 14h 14m 30s
		51280 Time iteration: 0.77 | Time plot: 0.68 | Simulation time: 14h 14m 40s
		51290 Time iteration: 0.75 | Time plot: 0.00 | Simulation time: 14h 14m 50s
		51300 Time iteration: 1.19 | Time plot: 1.20 | Simulation time: 14h 15m 0s
		51310 Time iteration: 0.74 | Time plot: 0.00 | Simulation time: 14h 15m 10s
		51320 Time iteration: 0.74 | Time plot: 0.77 | Simulation time: 14h 15m 20s
		51330 Time iteration: 0.74 | Time plot: 0.00 | Simulation time: 14h 15m 30s
		51340 Time iteration: 0.73 | Time plot: 0.83 | Simulation time: 14h 15m 40s
		51350 Time iteration: 0.73 | Time plot: 0.00 | Simulation time: 14h 15m 50s
		51360 Time iteration: 0.73 | Time plot: 0.82 | Simulation time: 14h 16m 0s
		51370 Time iteration: 0.73 | Time plot: 0.00 | Simulation time: 14h 16m 10s
		51380 Time iteration: 0.72 | Time plot: 0.81 | Simulation time: 14h 16m 20s
		51390 Time iteration: 0.74 | Time plot: 0.00 | Simulation time: 14h 16m 30s
		51400 Time iteration: 1.67 | Time plot: 0.98 | Simulation time: 14h 16m 40s
		51410 Time iteration: 0.73 | Time plot: 0.00 | Simulation time: 14h 16m 50s
		51420 Time iteration: 0.72 | Time plot: 0.73 | Simulation time: 14h 17m 0s
		51430 Time iteration: 0.76 | Time plot: 0.00 | Simulation time: 14h 17m 10s
		51440 Time iteration: 0.74 | Time plot: 0.67 | Simulation time: 14h 17m 20s
		51450 Time iteration: 0.78 | Time plot: 0.00 | Simulation time: 14h 17m 30s
		51460 Time iteration: 0.74 | Time plot: 0.74 | Simulation time: 14h 17m 40s
!! Cue_plane1_sat1: Observed Target 451 at off-nadir 0.0 deg
		51470 Time iteration: 2.06 | Time plot: 0.00 | Simulation time: 14h 17m 50s
		51480 Time iteration: 0.75 | Time plot: 0.73 | Simulation time: 14h 18m 0s
		51490 Time iteration: 0.75 | Time plot: 0.00 | Simulation time: 14h 18m 10s
		51500 Time iteration: 2.29 | Time plot: 1.19 | Simulation time: 14h 18m 20s
		51510 Time iteration: 0.75 | Time plot: 0.00 | Simulation time: 14h 18m 30s
		51520 Time iteration: 0.75 | Time plot: 0.83 | Simulation time: 14h 18m 40s
		51530 Time iteration: 0.75 | Time plot: 0.00 | Simulation time: 14h 18m 50s
!! Cue_plane0_sat1: Confirmed Target 451=whale (actual=whale)
		51540 Time iteration: 0.76 | Time plot: 0.85 | Simulation time: 14h 19m 0s
		51550 Time iteration: 0.75 | Time plot: 0.00 | Simulation time: 14h 19m 10s
		51560 Time iteration: 0.76 | Time plot: 0.98 | Simulation time: 14h 19m 20s
		51570 Time iteration: 0.75 | Time plot: 0.00 | Simulation time: 14h 19m 30s
		51580 Time iteration: 0.75 | Time plot: 0.94 | Simulation time: 14h 19m 40s
!! Cue_plane3_sat0: Observed Target 96 at off-nadir 0.0 deg
		51590 Time iteration: 0.74 | Time plot: 0.00 | Simulation time: 14h 19m 50s
		51600 Time iteration: 1.48 | Time plot: 0.99 | Simulation time: 14h 20m 0s
		51610 Time iteration: 0.75 | Time plot: 0.00 | Simulation time: 14h 20m 10s
		51620 Time iteration: 0.74 | Time plot: 0.70 | Simulation time: 14h 20m 20s
		51630 Time iteration: 0.76 | Time plot: 0.00 | Simulation time: 14h 20m 30s
		51640 Time iteration: 0.74 | Time plot: 0.67 | Simulation time: 14h 20m 40s
!! Cue_plane0_sat1: Confirmed Target 96=whale (actual=whale)
		51650 Time iteration: 0.77 | Time plot: 0.00 | Simulation time: 14h 20m 50s
		51660 Time iteration: 0.76 | Time plot: 0.67 | Simulation time: 14h 21m 0s
		51670 Time iteration: 0.74 | Time plot: 0.00 | Simulation time: 14h 21m 10s
		51680 Time iteration: 0.83 | Time plot: 0.69 | Simulation time: 14h 21m 20s
		51690 Time iteration: 0.75 | Time plot: 0.00 | Simulation time: 14h 21m 30s
		51700 Time iteration: 1.18 | Time plot: 0.68 | Simulation time: 14h 21m 40s
		51710 Time iteration: 0.76 | Time plot: 0.00 | Simulation time: 14h 21m 50s
		51720 Time iteration: 0.76 | Time plot: 0.69 | Simulation time: 14h 22m 0s
		51730 Time iteration: 0.75 | Time plot: 0.00 | Simulation time: 14h 22m 10s
		51740 Time iteration: 0.74 | Time plot: 0.68 | Simulation time: 14h 22m 20s
		51750 Time iteration: 0.74 | Time plot: 0.00 | Simulation time: 14h 22m 30s
		51760 Time iteration: 0.76 | Time plot: 0.69 | Simulation time: 14h 22m 40s
		51770 Time iteration: 0.73 | Time plot: 0.00 | Simulation time: 14h 22m 50s
		51780 Time iteration: 0.77 | Time plot: 0.67 | Simulation time: 14h 23m 0s
		51790 Time iteration: 0.74 | Time plot: 0.00 | Simulation time: 14h 23m 10s
		51800 Time iteration: 0.90 | Time plot: 0.69 | Simulation time: 14h 23m 20s
		51810 Time iteration: 0.76 | Time plot: 0.00 | Simulation time: 14h 23m 30s
		51820 Time iteration: 0.74 | Time plot: 0.67 | Simulation time: 14h 23m 40s
		51830 Time iteration: 0.78 | Time plot: 0.00 | Simulation time: 14h 23m 50s
		51840 Time iteration: 0.75 | Time plot: 0.69 | Simulation time: 14h 24m 0s
		51850 Time iteration: 0.73 | Time plot: 0.00 | Simulation time: 14h 24m 10s
		51860 Time iteration: 0.87 | Time plot: 0.74 | Simulation time: 14h 24m 20s
		51870 Time iteration: 0.76 | Time plot: 0.00 | Simulation time: 14h 24m 30s
		51880 Time iteration: 0.78 | Time plot: 0.76 | Simulation time: 14h 24m 40s
		51890 Time iteration: 0.76 | Time plot: 0.00 | Simulation time: 14h 24m 50s
		51900 Time iteration: 0.92 | Time plot: 1.35 | Simulation time: 14h 25m 0s
		51910 Time iteration: 0.76 | Time plot: 0.00 | Simulation time: 14h 25m 10s
		51920 Time iteration: 0.76 | Time plot: 0.79 | Simulation time: 14h 25m 20s
		51930 Time iteration: 0.77 | Time plot: 0.00 | Simulation time: 14h 25m 30s
		51940 Time iteration: 0.77 | Time plot: 0.72 | Simulation time: 14h 25m 40s
		51950 Time iteration: 0.77 | Time plot: 0.00 | Simulation time: 14h 25m 50s
		51960 Time iteration: 0.81 | Time plot: 0.81 | Simulation time: 14h 26m 0s
		51970 Time iteration: 0.76 | Time plot: 0.00 | Simulation time: 14h 26m 10s
		51980 Time iteration: 0.77 | Time plot: 0.88 | Simulation time: 14h 26m 20s
		51990 Time iteration: 0.79 | Time plot: 0.00 | Simulation time: 14h 26m 30s
		52000 Time iteration: 2.09 | Time plot: 0.80 | Simulation time: 14h 26m 40s
		52010 Time iteration: 0.80 | Time plot: 0.00 | Simulation time: 14h 26m 50s
		52020 Time iteration: 0.76 | Time plot: 0.69 | Simulation time: 14h 27m 0s
		52030 Time iteration: 0.77 | Time plot: 0.00 | Simulation time: 14h 27m 10s
		52040 Time iteration: 0.78 | Time plot: 0.76 | Simulation time: 14h 27m 20s
		52050 Time iteration: 0.92 | Time plot: 0.00 | Simulation time: 14h 27m 30s
		52060 Time iteration: 0.78 | Time plot: 0.68 | Simulation time: 14h 27m 40s
		52070 Time iteration: 0.76 | Time plot: 0.00 | Simulation time: 14h 27m 50s
		52080 Time iteration: 0.76 | Time plot: 0.70 | Simulation time: 14h 28m 0s
		52090 Time iteration: 0.79 | Time plot: 0.00 | Simulation time: 14h 28m 10s
		52100 Time iteration: 2.21 | Time plot: 0.95 | Simulation time: 14h 28m 20s
		52110 Time iteration: 0.78 | Time plot: 0.00 | Simulation time: 14h 28m 30s
		52120 Time iteration: 0.78 | Time plot: 1.12 | Simulation time: 14h 28m 40s
		52130 Time iteration: 0.79 | Time plot: 0.00 | Simulation time: 14h 28m 50s
		52140 Time iteration: 0.76 | Time plot: 0.74 | Simulation time: 14h 29m 0s
		52150 Time iteration: 0.79 | Time plot: 0.00 | Simulation time: 14h 29m 10s
		52160 Time iteration: 0.78 | Time plot: 0.66 | Simulation time: 14h 29m 20s
		52170 Time iteration: 0.79 | Time plot: 0.00 | Simulation time: 14h 29m 30s
		52180 Time iteration: 0.81 | Time plot: 0.72 | Simulation time: 14h 29m 40s
		52190 Time iteration: 0.79 | Time plot: 0.00 | Simulation time: 14h 29m 50s
		52200 Time iteration: 2.56 | Time plot: 1.26 | Simulation time: 14h 30m 0s
		52210 Time iteration: 0.77 | Time plot: 0.00 | Simulation time: 14h 30m 10s
		52220 Time iteration: 0.76 | Time plot: 0.88 | Simulation time: 14h 30m 20s
		52230 Time iteration: 0.78 | Time plot: 0.00 | Simulation time: 14h 30m 30s
		52240 Time iteration: 0.78 | Time plot: 0.87 | Simulation time: 14h 30m 40s
		52250 Time iteration: 0.77 | Time plot: 0.00 | Simulation time: 14h 30m 50s
		52260 Time iteration: 0.76 | Time plot: 0.90 | Simulation time: 14h 31m 0s
		52270 Time iteration: 0.77 | Time plot: 0.00 | Simulation time: 14h 31m 10s
		52280 Time iteration: 0.78 | Time plot: 0.67 | Simulation time: 14h 31m 20s
		52290 Time iteration: 0.78 | Time plot: 0.00 | Simulation time: 14h 31m 30s
		52300 Time iteration: 1.93 | Time plot: 0.68 | Simulation time: 14h 31m 40s
		52310 Time iteration: 0.76 | Time plot: 0.00 | Simulation time: 14h 31m 50s
		52320 Time iteration: 0.78 | Time plot: 0.70 | Simulation time: 14h 32m 0s
		52330 Time iteration: 0.75 | Time plot: 0.00 | Simulation time: 14h 32m 10s
		52340 Time iteration: 0.77 | Time plot: 0.68 | Simulation time: 14h 32m 20s
		52350 Time iteration: 0.77 | Time plot: 0.00 | Simulation time: 14h 32m 30s
		52360 Time iteration: 0.76 | Time plot: 0.69 | Simulation time: 14h 32m 40s
		52370 Time iteration: 0.78 | Time plot: 0.00 | Simulation time: 14h 32m 50s
		52380 Time iteration: 0.76 | Time plot: 0.78 | Simulation time: 14h 33m 0s
		52390 Time iteration: 0.77 | Time plot: 0.00 | Simulation time: 14h 33m 10s
		52400 Time iteration: 0.93 | Time plot: 0.83 | Simulation time: 14h 33m 20s
		52410 Time iteration: 0.78 | Time plot: 0.00 | Simulation time: 14h 33m 30s
		52420 Time iteration: 0.80 | Time plot: 0.83 | Simulation time: 14h 33m 40s
		52430 Time iteration: 0.77 | Time plot: 0.00 | Simulation time: 14h 33m 50s
		52440 Time iteration: 0.76 | Time plot: 1.50 | Simulation time: 14h 34m 0s
		52450 Time iteration: 0.76 | Time plot: 0.00 | Simulation time: 14h 34m 10s
		52460 Time iteration: 0.77 | Time plot: 0.72 | Simulation time: 14h 34m 20s
		52470 Time iteration: 0.76 | Time plot: 0.00 | Simulation time: 14h 34m 30s
		52480 Time iteration: 0.77 | Time plot: 0.69 | Simulation time: 14h 34m 40s
		52490 Time iteration: 0.78 | Time plot: 0.00 | Simulation time: 14h 34m 50s
		52500 Time iteration: 1.26 | Time plot: 0.87 | Simulation time: 14h 35m 0s
		52510 Time iteration: 0.76 | Time plot: 0.00 | Simulation time: 14h 35m 10s
		52520 Time iteration: 0.79 | Time plot: 0.73 | Simulation time: 14h 35m 20s
		52530 Time iteration: 0.78 | Time plot: 0.00 | Simulation time: 14h 35m 30s
		52540 Time iteration: 0.78 | Time plot: 0.69 | Simulation time: 14h 35m 40s
		52550 Time iteration: 0.77 | Time plot: 0.00 | Simulation time: 14h 35m 50s
		52560 Time iteration: 0.75 | Time plot: 0.72 | Simulation time: 14h 36m 0s
		52570 Time iteration: 0.79 | Time plot: 0.00 | Simulation time: 14h 36m 10s
		52580 Time iteration: 0.77 | Time plot: 0.70 | Simulation time: 14h 36m 20s
		52590 Time iteration: 0.77 | Time plot: 0.00 | Simulation time: 14h 36m 30s
		52600 Time iteration: 2.85 | Time plot: 1.05 | Simulation time: 14h 36m 40s
		52610 Time iteration: 0.80 | Time plot: 0.00 | Simulation time: 14h 36m 50s
		52620 Time iteration: 0.78 | Time plot: 0.75 | Simulation time: 14h 37m 0s
		52630 Time iteration: 0.76 | Time plot: 0.00 | Simulation time: 14h 37m 10s
		52640 Time iteration: 0.77 | Time plot: 0.80 | Simulation time: 14h 37m 20s
		52650 Time iteration: 0.77 | Time plot: 0.00 | Simulation time: 14h 37m 30s
		52660 Time iteration: 0.78 | Time plot: 0.71 | Simulation time: 14h 37m 40s
		52670 Time iteration: 0.77 | Time plot: 0.00 | Simulation time: 14h 37m 50s
		52680 Time iteration: 0.77 | Time plot: 0.68 | Simulation time: 14h 38m 0s
		52690 Time iteration: 0.80 | Time plot: 0.00 | Simulation time: 14h 38m 10s
		52700 Time iteration: 2.78 | Time plot: 0.69 | Simulation time: 14h 38m 20s
		52710 Time iteration: 0.77 | Time plot: 0.00 | Simulation time: 14h 38m 30s
		52720 Time iteration: 0.75 | Time plot: 0.67 | Simulation time: 14h 38m 40s
		52730 Time iteration: 0.77 | Time plot: 0.00 | Simulation time: 14h 38m 50s
		52740 Time iteration: 0.75 | Time plot: 0.67 | Simulation time: 14h 39m 0s
		52750 Time iteration: 0.78 | Time plot: 0.00 | Simulation time: 14h 39m 10s
		52760 Time iteration: 0.76 | Time plot: 0.69 | Simulation time: 14h 39m 20s
		52770 Time iteration: 0.75 | Time plot: 0.00 | Simulation time: 14h 39m 30s
		52780 Time iteration: 0.77 | Time plot: 0.68 | Simulation time: 14h 39m 40s
		52790 Time iteration: 0.77 | Time plot: 0.00 | Simulation time: 14h 39m 50s
		52800 Time iteration: 0.96 | Time plot: 0.69 | Simulation time: 14h 40m 0s
		52810 Time iteration: 0.93 | Time plot: 0.00 | Simulation time: 14h 40m 10s
		52820 Time iteration: 0.78 | Time plot: 0.67 | Simulation time: 14h 40m 20s
		52830 Time iteration: 0.76 | Time plot: 0.00 | Simulation time: 14h 40m 30s
		52840 Time iteration: 0.77 | Time plot: 0.69 | Simulation time: 14h 40m 40s
		52850 Time iteration: 0.76 | Time plot: 0.00 | Simulation time: 14h 40m 50s
		52860 Time iteration: 0.78 | Time plot: 0.68 | Simulation time: 14h 41m 0s
		52870 Time iteration: 0.76 | Time plot: 0.00 | Simulation time: 14h 41m 10s
		52880 Time iteration: 0.76 | Time plot: 0.66 | Simulation time: 14h 41m 20s
		52890 Time iteration: 0.77 | Time plot: 0.00 | Simulation time: 14h 41m 30s
		52900 Time iteration: 0.92 | Time plot: 0.70 | Simulation time: 14h 41m 40s
		52910 Time iteration: 0.77 | Time plot: 0.00 | Simulation time: 14h 41m 50s
		52920 Time iteration: 0.77 | Time plot: 0.97 | Simulation time: 14h 42m 0s
		52930 Time iteration: 0.77 | Time plot: 0.00 | Simulation time: 14h 42m 10s
		52940 Time iteration: 0.78 | Time plot: 1.14 | Simulation time: 14h 42m 20s
		52950 Time iteration: 0.77 | Time plot: 0.00 | Simulation time: 14h 42m 30s
		52960 Time iteration: 0.80 | Time plot: 0.68 | Simulation time: 14h 42m 40s
		52970 Time iteration: 0.77 | Time plot: 0.00 | Simulation time: 14h 42m 50s
		52980 Time iteration: 0.76 | Time plot: 0.66 | Simulation time: 14h 43m 0s
		52990 Time iteration: 0.76 | Time plot: 0.00 | Simulation time: 14h 43m 10s
		53000 Time iteration: 0.91 | Time plot: 1.24 | Simulation time: 14h 43m 20s
		53010 Time iteration: 0.75 | Time plot: 0.00 | Simulation time: 14h 43m 30s
		53020 Time iteration: 0.74 | Time plot: 0.81 | Simulation time: 14h 43m 40s
		53030 Time iteration: 0.78 | Time plot: 0.00 | Simulation time: 14h 43m 50s
		53040 Time iteration: 0.75 | Time plot: 0.94 | Simulation time: 14h 44m 0s
		53050 Time iteration: 0.75 | Time plot: 0.00 | Simulation time: 14h 44m 10s
		53060 Time iteration: 0.75 | Time plot: 1.16 | Simulation time: 14h 44m 20s
		53070 Time iteration: 0.77 | Time plot: 0.00 | Simulation time: 14h 44m 30s
		53080 Time iteration: 0.77 | Time plot: 1.30 | Simulation time: 14h 44m 40s
		53090 Time iteration: 0.75 | Time plot: 0.00 | Simulation time: 14h 44m 50s
		53100 Time iteration: 1.14 | Time plot: 1.25 | Simulation time: 14h 45m 0s
		53110 Time iteration: 0.76 | Time plot: 0.00 | Simulation time: 14h 45m 10s
		53120 Time iteration: 0.78 | Time plot: 1.11 | Simulation time: 14h 45m 20s
		53130 Time iteration: 0.77 | Time plot: 0.00 | Simulation time: 14h 45m 30s
		53140 Time iteration: 0.76 | Time plot: 0.80 | Simulation time: 14h 45m 40s
		53150 Time iteration: 0.78 | Time plot: 0.00 | Simulation time: 14h 45m 50s
		53160 Time iteration: 0.78 | Time plot: 0.67 | Simulation time: 14h 46m 0s
		53170 Time iteration: 0.77 | Time plot: 0.00 | Simulation time: 14h 46m 10s
		53180 Time iteration: 0.76 | Time plot: 0.68 | Simulation time: 14h 46m 20s
		53190 Time iteration: 0.76 | Time plot: 0.00 | Simulation time: 14h 46m 30s
		53200 Time iteration: 1.31 | Time plot: 1.39 | Simulation time: 14h 46m 40s
		53210 Time iteration: 0.78 | Time plot: 0.00 | Simulation time: 14h 46m 50s
		53220 Time iteration: 0.76 | Time plot: 0.84 | Simulation time: 14h 47m 0s
		53230 Time iteration: 0.77 | Time plot: 0.00 | Simulation time: 14h 47m 10s
		53240 Time iteration: 0.78 | Time plot: 0.88 | Simulation time: 14h 47m 20s
		53250 Time iteration: 0.78 | Time plot: 0.00 | Simulation time: 14h 47m 30s
		53260 Time iteration: 0.84 | Time plot: 0.69 | Simulation time: 14h 47m 40s
		53270 Time iteration: 0.78 | Time plot: 0.00 | Simulation time: 14h 47m 50s
		53280 Time iteration: 0.76 | Time plot: 0.69 | Simulation time: 14h 48m 0s
		53290 Time iteration: 0.78 | Time plot: 0.00 | Simulation time: 14h 48m 10s
		53300 Time iteration: 1.81 | Time plot: 1.36 | Simulation time: 14h 48m 20s
		53310 Time iteration: 0.77 | Time plot: 0.00 | Simulation time: 14h 48m 30s
		53320 Time iteration: 0.76 | Time plot: 0.90 | Simulation time: 14h 48m 40s
		53330 Time iteration: 0.78 | Time plot: 0.00 | Simulation time: 14h 48m 50s
		53340 Time iteration: 0.77 | Time plot: 0.99 | Simulation time: 14h 49m 0s
		53350 Time iteration: 0.77 | Time plot: 0.00 | Simulation time: 14h 49m 10s
		53360 Time iteration: 0.78 | Time plot: 0.99 | Simulation time: 14h 49m 20s
		53370 Time iteration: 0.77 | Time plot: 0.00 | Simulation time: 14h 49m 30s
		53380 Time iteration: 0.78 | Time plot: 0.75 | Simulation time: 14h 49m 40s
		53390 Time iteration: 0.78 | Time plot: 0.00 | Simulation time: 14h 49m 50s
		53400 Time iteration: 1.88 | Time plot: 1.31 | Simulation time: 14h 50m 0s
		53410 Time iteration: 0.79 | Time plot: 0.00 | Simulation time: 14h 50m 10s
		53420 Time iteration: 0.79 | Time plot: 0.74 | Simulation time: 14h 50m 20s
		53430 Time iteration: 0.80 | Time plot: 0.00 | Simulation time: 14h 50m 30s
		53440 Time iteration: 0.80 | Time plot: 0.77 | Simulation time: 14h 50m 40s
		53450 Time iteration: 0.80 | Time plot: 0.00 | Simulation time: 14h 50m 50s
		53460 Time iteration: 0.78 | Time plot: 0.86 | Simulation time: 14h 51m 0s
		53470 Time iteration: 0.79 | Time plot: 0.00 | Simulation time: 14h 51m 10s
		53480 Time iteration: 0.79 | Time plot: 0.92 | Simulation time: 14h 51m 20s
		53490 Time iteration: 0.81 | Time plot: 0.00 | Simulation time: 14h 51m 30s
		53500 Time iteration: 1.11 | Time plot: 0.96 | Simulation time: 14h 51m 40s
		53510 Time iteration: 0.80 | Time plot: 0.00 | Simulation time: 14h 51m 50s
		53520 Time iteration: 0.78 | Time plot: 1.02 | Simulation time: 14h 52m 0s
		53530 Time iteration: 0.79 | Time plot: 0.00 | Simulation time: 14h 52m 10s
		53540 Time iteration: 0.77 | Time plot: 0.88 | Simulation time: 14h 52m 20s
		53550 Time iteration: 0.79 | Time plot: 0.00 | Simulation time: 14h 52m 30s
		53560 Time iteration: 0.79 | Time plot: 0.70 | Simulation time: 14h 52m 40s
		53570 Time iteration: 0.81 | Time plot: 0.00 | Simulation time: 14h 52m 50s
		53580 Time iteration: 0.77 | Time plot: 0.69 | Simulation time: 14h 53m 0s
		53590 Time iteration: 0.79 | Time plot: 0.00 | Simulation time: 14h 53m 10s
		53600 Time iteration: 2.58 | Time plot: 1.11 | Simulation time: 14h 53m 20s
		53610 Time iteration: 0.79 | Time plot: 0.00 | Simulation time: 14h 53m 30s
		53620 Time iteration: 0.78 | Time plot: 1.02 | Simulation time: 14h 53m 40s
		53630 Time iteration: 0.79 | Time plot: 0.00 | Simulation time: 14h 53m 50s
		53640 Time iteration: 0.86 | Time plot: 1.29 | Simulation time: 14h 54m 0s
		53650 Time iteration: 0.81 | Time plot: 0.00 | Simulation time: 14h 54m 10s
		53660 Time iteration: 0.78 | Time plot: 0.98 | Simulation time: 14h 54m 20s
		53670 Time iteration: 1.00 | Time plot: 0.00 | Simulation time: 14h 54m 30s
		53680 Time iteration: 0.78 | Time plot: 0.82 | Simulation time: 14h 54m 40s
		53690 Time iteration: 0.80 | Time plot: 0.00 | Simulation time: 14h 54m 50s
		53700 Time iteration: 2.19 | Time plot: 0.77 | Simulation time: 14h 55m 0s
		53710 Time iteration: 0.81 | Time plot: 0.00 | Simulation time: 14h 55m 10s
		53720 Time iteration: 0.80 | Time plot: 0.67 | Simulation time: 14h 55m 20s
		53730 Time iteration: 0.81 | Time plot: 0.00 | Simulation time: 14h 55m 30s
		53740 Time iteration: 0.78 | Time plot: 0.93 | Simulation time: 14h 55m 40s
		53750 Time iteration: 0.80 | Time plot: 0.00 | Simulation time: 14h 55m 50s
		53760 Time iteration: 0.78 | Time plot: 0.82 | Simulation time: 14h 56m 0s
		53770 Time iteration: 0.79 | Time plot: 0.00 | Simulation time: 14h 56m 10s
		53780 Time iteration: 0.80 | Time plot: 0.68 | Simulation time: 14h 56m 20s
		53790 Time iteration: 0.80 | Time plot: 0.00 | Simulation time: 14h 56m 30s
		53800 Time iteration: 1.05 | Time plot: 0.67 | Simulation time: 14h 56m 40s
		53810 Time iteration: 0.81 | Time plot: 0.00 | Simulation time: 14h 56m 50s
		53820 Time iteration: 0.81 | Time plot: 0.67 | Simulation time: 14h 57m 0s
		53830 Time iteration: 0.80 | Time plot: 0.00 | Simulation time: 14h 57m 10s
		53840 Time iteration: 0.81 | Time plot: 0.67 | Simulation time: 14h 57m 20s
		53850 Time iteration: 0.80 | Time plot: 0.00 | Simulation time: 14h 57m 30s
		53860 Time iteration: 0.81 | Time plot: 0.66 | Simulation time: 14h 57m 40s
		53870 Time iteration: 0.81 | Time plot: 0.00 | Simulation time: 14h 57m 50s
		53880 Time iteration: 0.79 | Time plot: 0.68 | Simulation time: 14h 58m 0s
		53890 Time iteration: 0.79 | Time plot: 0.00 | Simulation time: 14h 58m 10s
		53900 Time iteration: 0.97 | Time plot: 0.66 | Simulation time: 14h 58m 20s
		53910 Time iteration: 0.78 | Time plot: 0.00 | Simulation time: 14h 58m 30s
		53920 Time iteration: 0.79 | Time plot: 0.67 | Simulation time: 14h 58m 40s
		53930 Time iteration: 0.79 | Time plot: 0.00 | Simulation time: 14h 58m 50s
		53940 Time iteration: 0.81 | Time plot: 0.68 | Simulation time: 14h 59m 0s
		53950 Time iteration: 0.80 | Time plot: 0.00 | Simulation time: 14h 59m 10s
		53960 Time iteration: 0.83 | Time plot: 0.66 | Simulation time: 14h 59m 20s
		53970 Time iteration: 0.77 | Time plot: 0.00 | Simulation time: 14h 59m 30s
		53980 Time iteration: 0.77 | Time plot: 0.69 | Simulation time: 14h 59m 40s
		53990 Time iteration: 0.78 | Time plot: 0.00 | Simulation time: 14h 59m 50s
		54000 Time iteration: 1.00 | Time plot: 0.68 | Simulation time: 15h 0m 0s
		54010 Time iteration: 0.76 | Time plot: 0.00 | Simulation time: 15h 0m 10s
		54020 Time iteration: 0.75 | Time plot: 0.67 | Simulation time: 15h 0m 20s
		54030 Time iteration: 0.76 | Time plot: 0.00 | Simulation time: 15h 0m 30s
		54040 Time iteration: 0.77 | Time plot: 0.83 | Simulation time: 15h 0m 40s
		54050 Time iteration: 0.76 | Time plot: 0.00 | Simulation time: 15h 0m 50s
		54060 Time iteration: 0.92 | Time plot: 1.71 | Simulation time: 15h 1m 0s
		54070 Time iteration: 0.78 | Time plot: 0.00 | Simulation time: 15h 1m 10s
		54080 Time iteration: 0.75 | Time plot: 0.74 | Simulation time: 15h 1m 20s
		54090 Time iteration: 0.76 | Time plot: 0.00 | Simulation time: 15h 1m 30s
		54100 Time iteration: 0.88 | Time plot: 1.05 | Simulation time: 15h 1m 40s
		54110 Time iteration: 0.78 | Time plot: 0.00 | Simulation time: 15h 1m 50s
		54120 Time iteration: 0.77 | Time plot: 0.88 | Simulation time: 15h 2m 0s
		54130 Time iteration: 0.76 | Time plot: 0.00 | Simulation time: 15h 2m 10s
		54140 Time iteration: 0.76 | Time plot: 1.14 | Simulation time: 15h 2m 20s
		54150 Time iteration: 0.90 | Time plot: 0.00 | Simulation time: 15h 2m 30s
		54160 Time iteration: 1.03 | Time plot: 1.14 | Simulation time: 15h 2m 40s
!! Cue_plane5_sat1: Observed Target 89 at off-nadir 0.0 deg
		54170 Time iteration: 0.84 | Time plot: 0.00 | Simulation time: 15h 2m 50s
		54180 Time iteration: 0.76 | Time plot: 0.69 | Simulation time: 15h 3m 0s
		54190 Time iteration: 0.76 | Time plot: 0.00 | Simulation time: 15h 3m 10s
		54200 Time iteration: 1.68 | Time plot: 0.82 | Simulation time: 15h 3m 20s
		54210 Time iteration: 0.94 | Time plot: 0.00 | Simulation time: 15h 3m 30s
		54220 Time iteration: 0.73 | Time plot: 0.88 | Simulation time: 15h 3m 40s
!! Cue_plane0_sat0: Confirmed Target 89=whale (actual=whale)
		54230 Time iteration: 0.76 | Time plot: 0.00 | Simulation time: 15h 3m 50s
		54240 Time iteration: 0.73 | Time plot: 0.68 | Simulation time: 15h 4m 0s
		54250 Time iteration: 0.76 | Time plot: 0.00 | Simulation time: 15h 4m 10s
		54260 Time iteration: 0.77 | Time plot: 0.66 | Simulation time: 15h 4m 20s
		54270 Time iteration: 0.73 | Time plot: 0.00 | Simulation time: 15h 4m 30s
		54280 Time iteration: 0.73 | Time plot: 0.67 | Simulation time: 15h 4m 40s
		54290 Time iteration: 0.73 | Time plot: 0.00 | Simulation time: 15h 4m 50s
		54300 Time iteration: 1.39 | Time plot: 0.68 | Simulation time: 15h 5m 0s
		54310 Time iteration: 0.74 | Time plot: 0.00 | Simulation time: 15h 5m 10s
		54320 Time iteration: 0.73 | Time plot: 0.69 | Simulation time: 15h 5m 20s
		54330 Time iteration: 0.74 | Time plot: 0.00 | Simulation time: 15h 5m 30s
		54340 Time iteration: 0.76 | Time plot: 0.66 | Simulation time: 15h 5m 40s
		54350 Time iteration: 0.81 | Time plot: 0.00 | Simulation time: 15h 5m 50s
		54360 Time iteration: 0.75 | Time plot: 0.72 | Simulation time: 15h 6m 0s
		54370 Time iteration: 0.74 | Time plot: 0.00 | Simulation time: 15h 6m 10s
		54380 Time iteration: 0.76 | Time plot: 0.78 | Simulation time: 15h 6m 20s
		54390 Time iteration: 0.76 | Time plot: 0.00 | Simulation time: 15h 6m 30s
		54400 Time iteration: 1.40 | Time plot: 1.70 | Simulation time: 15h 6m 40s
		54410 Time iteration: 0.76 | Time plot: 0.00 | Simulation time: 15h 6m 50s
		54420 Time iteration: 0.76 | Time plot: 0.83 | Simulation time: 15h 7m 0s
		54430 Time iteration: 0.75 | Time plot: 0.00 | Simulation time: 15h 7m 10s
		54440 Time iteration: 0.77 | Time plot: 0.86 | Simulation time: 15h 7m 20s
		54450 Time iteration: 0.77 | Time plot: 0.00 | Simulation time: 15h 7m 30s
		54460 Time iteration: 0.76 | Time plot: 0.94 | Simulation time: 15h 7m 40s
		54470 Time iteration: 0.74 | Time plot: 0.00 | Simulation time: 15h 7m 50s
		54480 Time iteration: 0.75 | Time plot: 0.99 | Simulation time: 15h 8m 0s
		54490 Time iteration: 0.75 | Time plot: 0.00 | Simulation time: 15h 8m 10s
		54500 Time iteration: 1.29 | Time plot: 1.07 | Simulation time: 15h 8m 20s
		54510 Time iteration: 0.77 | Time plot: 0.00 | Simulation time: 15h 8m 30s
		54520 Time iteration: 0.75 | Time plot: 1.11 | Simulation time: 15h 8m 40s
		54530 Time iteration: 0.77 | Time plot: 0.00 | Simulation time: 15h 8m 50s
		54540 Time iteration: 0.76 | Time plot: 1.22 | Simulation time: 15h 9m 0s
		54550 Time iteration: 0.74 | Time plot: 0.00 | Simulation time: 15h 9m 10s
		54560 Time iteration: 0.77 | Time plot: 1.02 | Simulation time: 15h 9m 20s
		54570 Time iteration: 0.75 | Time plot: 0.00 | Simulation time: 15h 9m 30s
		54580 Time iteration: 0.76 | Time plot: 1.09 | Simulation time: 15h 9m 40s
		54590 Time iteration: 0.77 | Time plot: 0.00 | Simulation time: 15h 9m 50s
		54600 Time iteration: 1.32 | Time plot: 0.94 | Simulation time: 15h 10m 0s
		54610 Time iteration: 0.75 | Time plot: 0.00 | Simulation time: 15h 10m 10s
		54620 Time iteration: 0.76 | Time plot: 0.77 | Simulation time: 15h 10m 20s
		54630 Time iteration: 0.76 | Time plot: 0.00 | Simulation time: 15h 10m 30s
		54640 Time iteration: 0.75 | Time plot: 0.72 | Simulation time: 15h 10m 40s
		54650 Time iteration: 0.76 | Time plot: 0.00 | Simulation time: 15h 10m 50s
		54660 Time iteration: 0.76 | Time plot: 0.69 | Simulation time: 15h 11m 0s
		54670 Time iteration: 0.77 | Time plot: 0.00 | Simulation time: 15h 11m 10s
		54680 Time iteration: 0.74 | Time plot: 0.74 | Simulation time: 15h 11m 20s
		54690 Time iteration: 0.76 | Time plot: 0.00 | Simulation time: 15h 11m 30s
		54700 Time iteration: 2.78 | Time plot: 0.87 | Simulation time: 15h 11m 40s
		54710 Time iteration: 0.75 | Time plot: 0.00 | Simulation time: 15h 11m 50s
		54720 Time iteration: 0.76 | Time plot: 1.58 | Simulation time: 15h 12m 0s
		54730 Time iteration: 0.77 | Time plot: 0.00 | Simulation time: 15h 12m 10s
		54740 Time iteration: 0.76 | Time plot: 0.90 | Simulation time: 15h 12m 20s
		54750 Time iteration: 0.76 | Time plot: 0.00 | Simulation time: 15h 12m 30s
		54760 Time iteration: 0.77 | Time plot: 0.73 | Simulation time: 15h 12m 40s
		54770 Time iteration: 0.76 | Time plot: 0.00 | Simulation time: 15h 12m 50s
		54780 Time iteration: 0.77 | Time plot: 0.68 | Simulation time: 15h 13m 0s
		54790 Time iteration: 0.77 | Time plot: 0.00 | Simulation time: 15h 13m 10s
		54800 Time iteration: 1.16 | Time plot: 0.68 | Simulation time: 15h 13m 20s
		54810 Time iteration: 0.78 | Time plot: 0.00 | Simulation time: 15h 13m 30s
		54820 Time iteration: 0.79 | Time plot: 0.67 | Simulation time: 15h 13m 40s
		54830 Time iteration: 0.78 | Time plot: 0.00 | Simulation time: 15h 13m 50s
		54840 Time iteration: 0.78 | Time plot: 0.73 | Simulation time: 15h 14m 0s
		54850 Time iteration: 0.80 | Time plot: 0.00 | Simulation time: 15h 14m 10s
		54860 Time iteration: 0.83 | Time plot: 0.76 | Simulation time: 15h 14m 20s
		54870 Time iteration: 0.78 | Time plot: 0.00 | Simulation time: 15h 14m 30s
		54880 Time iteration: 0.77 | Time plot: 0.67 | Simulation time: 15h 14m 40s
		54890 Time iteration: 0.77 | Time plot: 0.00 | Simulation time: 15h 14m 50s
		54900 Time iteration: 1.01 | Time plot: 0.67 | Simulation time: 15h 15m 0s
		54910 Time iteration: 0.77 | Time plot: 0.00 | Simulation time: 15h 15m 10s
		54920 Time iteration: 0.78 | Time plot: 0.65 | Simulation time: 15h 15m 20s
		54930 Time iteration: 0.78 | Time plot: 0.00 | Simulation time: 15h 15m 30s
		54940 Time iteration: 0.78 | Time plot: 0.66 | Simulation time: 15h 15m 40s
		54950 Time iteration: 0.79 | Time plot: 0.00 | Simulation time: 15h 15m 50s
		54960 Time iteration: 0.80 | Time plot: 0.79 | Simulation time: 15h 16m 0s
		54970 Time iteration: 1.05 | Time plot: 0.00 | Simulation time: 15h 16m 10s
		54980 Time iteration: 1.08 | Time plot: 0.93 | Simulation time: 15h 16m 20s
		54990 Time iteration: 0.80 | Time plot: 0.00 | Simulation time: 15h 16m 30s
		55000 Time iteration: 0.93 | Time plot: 0.69 | Simulation time: 15h 16m 40s
		55010 Time iteration: 0.76 | Time plot: 0.00 | Simulation time: 15h 16m 50s
		55020 Time iteration: 0.78 | Time plot: 0.67 | Simulation time: 15h 17m 0s
		55030 Time iteration: 0.77 | Time plot: 0.00 | Simulation time: 15h 17m 10s
		55040 Time iteration: 0.77 | Time plot: 0.67 | Simulation time: 15h 17m 20s
		55050 Time iteration: 0.78 | Time plot: 0.00 | Simulation time: 15h 17m 30s
		55060 Time iteration: 0.96 | Time plot: 0.68 | Simulation time: 15h 17m 40s
		55070 Time iteration: 0.79 | Time plot: 0.00 | Simulation time: 15h 17m 50s
		55080 Time iteration: 0.81 | Time plot: 0.67 | Simulation time: 15h 18m 0s
		55090 Time iteration: 0.79 | Time plot: 0.00 | Simulation time: 15h 18m 10s
		55100 Time iteration: 1.21 | Time plot: 0.84 | Simulation time: 15h 18m 20s
		55110 Time iteration: 0.78 | Time plot: 0.00 | Simulation time: 15h 18m 30s
		55120 Time iteration: 0.77 | Time plot: 0.66 | Simulation time: 15h 18m 40s
		55130 Time iteration: 0.78 | Time plot: 0.00 | Simulation time: 15h 18m 50s
		55140 Time iteration: 0.79 | Time plot: 0.95 | Simulation time: 15h 19m 0s
		55150 Time iteration: 0.86 | Time plot: 0.00 | Simulation time: 15h 19m 10s
		55160 Time iteration: 0.78 | Time plot: 1.28 | Simulation time: 15h 19m 20s
		55170 Time iteration: 0.78 | Time plot: 0.00 | Simulation time: 15h 19m 30s
		55180 Time iteration: 0.77 | Time plot: 0.96 | Simulation time: 15h 19m 40s
		55190 Time iteration: 0.78 | Time plot: 0.00 | Simulation time: 15h 19m 50s
		55200 Time iteration: 0.92 | Time plot: 1.69 | Simulation time: 15h 20m 0s
		55210 Time iteration: 0.78 | Time plot: 0.00 | Simulation time: 15h 20m 10s
		55220 Time iteration: 0.77 | Time plot: 0.74 | Simulation time: 15h 20m 20s
		55230 Time iteration: 0.79 | Time plot: 0.00 | Simulation time: 15h 20m 30s
		55240 Time iteration: 0.79 | Time plot: 0.73 | Simulation time: 15h 20m 40s
		55250 Time iteration: 0.77 | Time plot: 0.00 | Simulation time: 15h 20m 50s
		55260 Time iteration: 0.78 | Time plot: 0.75 | Simulation time: 15h 21m 0s
		55270 Time iteration: 0.79 | Time plot: 0.00 | Simulation time: 15h 21m 10s
		55280 Time iteration: 0.77 | Time plot: 0.69 | Simulation time: 15h 21m 20s
		55290 Time iteration: 0.77 | Time plot: 0.00 | Simulation time: 15h 21m 30s
		55300 Time iteration: 3.04 | Time plot: 1.41 | Simulation time: 15h 21m 40s
		55310 Time iteration: 0.78 | Time plot: 0.00 | Simulation time: 15h 21m 50s
		55320 Time iteration: 0.79 | Time plot: 1.13 | Simulation time: 15h 22m 0s
		55330 Time iteration: 0.78 | Time plot: 0.00 | Simulation time: 15h 22m 10s
		55340 Time iteration: 0.78 | Time plot: 0.89 | Simulation time: 15h 22m 20s
		55350 Time iteration: 0.78 | Time plot: 0.00 | Simulation time: 15h 22m 30s
		55360 Time iteration: 0.79 | Time plot: 0.74 | Simulation time: 15h 22m 40s
		55370 Time iteration: 0.77 | Time plot: 0.00 | Simulation time: 15h 22m 50s
		55380 Time iteration: 0.80 | Time plot: 0.68 | Simulation time: 15h 23m 0s
		55390 Time iteration: 0.78 | Time plot: 0.00 | Simulation time: 15h 23m 10s
		55400 Time iteration: 2.24 | Time plot: 1.20 | Simulation time: 15h 23m 20s
		55410 Time iteration: 0.78 | Time plot: 0.00 | Simulation time: 15h 23m 30s
		55420 Time iteration: 0.78 | Time plot: 0.84 | Simulation time: 15h 23m 40s
		55430 Time iteration: 0.80 | Time plot: 0.00 | Simulation time: 15h 23m 50s
		55440 Time iteration: 0.78 | Time plot: 0.69 | Simulation time: 15h 24m 0s
		55450 Time iteration: 0.80 | Time plot: 0.00 | Simulation time: 15h 24m 10s
		55460 Time iteration: 0.81 | Time plot: 0.70 | Simulation time: 15h 24m 20s
		55470 Time iteration: 0.79 | Time plot: 0.00 | Simulation time: 15h 24m 30s
		55480 Time iteration: 0.78 | Time plot: 0.69 | Simulation time: 15h 24m 40s
		55490 Time iteration: 0.78 | Time plot: 0.00 | Simulation time: 15h 24m 50s
		55500 Time iteration: 2.46 | Time plot: 1.19 | Simulation time: 15h 25m 0s
		55510 Time iteration: 0.78 | Time plot: 0.00 | Simulation time: 15h 25m 10s
		55520 Time iteration: 0.79 | Time plot: 0.72 | Simulation time: 15h 25m 20s
		55530 Time iteration: 0.80 | Time plot: 0.00 | Simulation time: 15h 25m 30s
		55540 Time iteration: 0.79 | Time plot: 0.67 | Simulation time: 15h 25m 40s
		55550 Time iteration: 0.80 | Time plot: 0.00 | Simulation time: 15h 25m 50s
		55560 Time iteration: 0.79 | Time plot: 0.76 | Simulation time: 15h 26m 0s
		55570 Time iteration: 0.77 | Time plot: 0.00 | Simulation time: 15h 26m 10s
		55580 Time iteration: 0.80 | Time plot: 0.71 | Simulation time: 15h 26m 20s
		55590 Time iteration: 0.78 | Time plot: 0.00 | Simulation time: 15h 26m 30s
		55600 Time iteration: 2.37 | Time plot: 1.08 | Simulation time: 15h 26m 40s
		55610 Time iteration: 0.81 | Time plot: 0.00 | Simulation time: 15h 26m 50s
		55620 Time iteration: 0.81 | Time plot: 0.87 | Simulation time: 15h 27m 0s
		55630 Time iteration: 0.77 | Time plot: 0.00 | Simulation time: 15h 27m 10s
		55640 Time iteration: 0.78 | Time plot: 0.87 | Simulation time: 15h 27m 20s
		55650 Time iteration: 0.82 | Time plot: 0.00 | Simulation time: 15h 27m 30s
		55660 Time iteration: 0.76 | Time plot: 0.97 | Simulation time: 15h 27m 40s
		55670 Time iteration: 0.78 | Time plot: 0.00 | Simulation time: 15h 27m 50s
		55680 Time iteration: 0.75 | Time plot: 0.87 | Simulation time: 15h 28m 0s
		55690 Time iteration: 0.77 | Time plot: 0.00 | Simulation time: 15h 28m 10s
		55700 Time iteration: 1.25 | Time plot: 1.05 | Simulation time: 15h 28m 20s
		55710 Time iteration: 0.78 | Time plot: 0.00 | Simulation time: 15h 28m 30s
		55720 Time iteration: 0.95 | Time plot: 0.88 | Simulation time: 15h 28m 40s
		55730 Time iteration: 0.79 | Time plot: 0.00 | Simulation time: 15h 28m 50s
		55740 Time iteration: 0.79 | Time plot: 0.69 | Simulation time: 15h 29m 0s
		55750 Time iteration: 0.79 | Time plot: 0.00 | Simulation time: 15h 29m 10s
		55760 Time iteration: 0.77 | Time plot: 0.72 | Simulation time: 15h 29m 20s
		55770 Time iteration: 0.80 | Time plot: 0.00 | Simulation time: 15h 29m 30s
		55780 Time iteration: 0.78 | Time plot: 0.70 | Simulation time: 15h 29m 40s
		55790 Time iteration: 0.78 | Time plot: 0.00 | Simulation time: 15h 29m 50s
		55800 Time iteration: 2.52 | Time plot: 1.26 | Simulation time: 15h 30m 0s
		55810 Time iteration: 0.79 | Time plot: 0.00 | Simulation time: 15h 30m 10s
		55820 Time iteration: 0.79 | Time plot: 1.01 | Simulation time: 15h 30m 20s
		55830 Time iteration: 0.78 | Time plot: 0.00 | Simulation time: 15h 30m 30s
!! Cue_plane1_sat0: Observed Target 218 at off-nadir 0.0 deg
		55840 Time iteration: 0.80 | Time plot: 0.81 | Simulation time: 15h 30m 40s
		55850 Time iteration: 0.79 | Time plot: 0.00 | Simulation time: 15h 30m 50s
		55860 Time iteration: 0.78 | Time plot: 0.69 | Simulation time: 15h 31m 0s
		55870 Time iteration: 0.81 | Time plot: 0.00 | Simulation time: 15h 31m 10s
		55880 Time iteration: 0.78 | Time plot: 0.68 | Simulation time: 15h 31m 20s
		55890 Time iteration: 0.78 | Time plot: 0.00 | Simulation time: 15h 31m 30s
!! Cue_plane0_sat0: Confirmed Target 218=whale (actual=whale)
		55900 Time iteration: 1.67 | Time plot: 1.02 | Simulation time: 15h 31m 40s
		55910 Time iteration: 0.78 | Time plot: 0.00 | Simulation time: 15h 31m 50s
		55920 Time iteration: 0.78 | Time plot: 0.68 | Simulation time: 15h 32m 0s
		55930 Time iteration: 0.76 | Time plot: 0.00 | Simulation time: 15h 32m 10s
		55940 Time iteration: 0.77 | Time plot: 0.66 | Simulation time: 15h 32m 20s
		55950 Time iteration: 0.77 | Time plot: 0.00 | Simulation time: 15h 32m 30s
		55960 Time iteration: 0.77 | Time plot: 0.66 | Simulation time: 15h 32m 40s
		55970 Time iteration: 0.76 | Time plot: 0.00 | Simulation time: 15h 32m 50s
		55980 Time iteration: 0.77 | Time plot: 0.67 | Simulation time: 15h 33m 0s
!! Cue_plane6_sat0: Observed Target 464 at off-nadir 0.0 deg
		55990 Time iteration: 0.78 | Time plot: 0.00 | Simulation time: 15h 33m 10s
		56000 Time iteration: 0.93 | Time plot: 0.68 | Simulation time: 15h 33m 20s
		56010 Time iteration: 0.77 | Time plot: 0.00 | Simulation time: 15h 33m 30s
		56020 Time iteration: 0.77 | Time plot: 0.68 | Simulation time: 15h 33m 40s
		56030 Time iteration: 0.77 | Time plot: 0.00 | Simulation time: 15h 33m 50s
		56040 Time iteration: 0.76 | Time plot: 0.68 | Simulation time: 15h 34m 0s
!! Cue_plane0_sat0: Confirmed Target 464=whale (actual=whale)
		56050 Time iteration: 0.78 | Time plot: 0.00 | Simulation time: 15h 34m 10s
		56060 Time iteration: 0.80 | Time plot: 0.67 | Simulation time: 15h 34m 20s
		56070 Time iteration: 0.80 | Time plot: 0.00 | Simulation time: 15h 34m 30s
		56080 Time iteration: 0.77 | Time plot: 0.68 | Simulation time: 15h 34m 40s
		56090 Time iteration: 0.77 | Time plot: 0.00 | Simulation time: 15h 34m 50s
		56100 Time iteration: 0.93 | Time plot: 0.69 | Simulation time: 15h 35m 0s
		56110 Time iteration: 0.81 | Time plot: 0.00 | Simulation time: 15h 35m 10s
		56120 Time iteration: 0.79 | Time plot: 0.89 | Simulation time: 15h 35m 20s
		56130 Time iteration: 0.76 | Time plot: 0.00 | Simulation time: 15h 35m 30s
		56140 Time iteration: 0.77 | Time plot: 1.80 | Simulation time: 15h 35m 40s
		56150 Time iteration: 0.78 | Time plot: 0.00 | Simulation time: 15h 35m 50s
		56160 Time iteration: 0.94 | Time plot: 0.81 | Simulation time: 15h 36m 0s
		56170 Time iteration: 0.79 | Time plot: 0.00 | Simulation time: 15h 36m 10s
		56180 Time iteration: 0.78 | Time plot: 0.93 | Simulation time: 15h 36m 20s
		56190 Time iteration: 0.78 | Time plot: 0.00 | Simulation time: 15h 36m 30s
		56200 Time iteration: 1.15 | Time plot: 1.46 | Simulation time: 15h 36m 40s
		56210 Time iteration: 0.78 | Time plot: 0.00 | Simulation time: 15h 36m 50s
		56220 Time iteration: 0.79 | Time plot: 0.88 | Simulation time: 15h 37m 0s
		56230 Time iteration: 0.80 | Time plot: 0.00 | Simulation time: 15h 37m 10s
		56240 Time iteration: 0.79 | Time plot: 1.35 | Simulation time: 15h 37m 20s
		56250 Time iteration: 0.81 | Time plot: 0.00 | Simulation time: 15h 37m 30s
		56260 Time iteration: 0.80 | Time plot: 1.10 | Simulation time: 15h 37m 40s
		56270 Time iteration: 0.79 | Time plot: 0.00 | Simulation time: 15h 37m 50s
		56280 Time iteration: 0.81 | Time plot: 1.09 | Simulation time: 15h 38m 0s
		56290 Time iteration: 0.80 | Time plot: 0.00 | Simulation time: 15h 38m 10s
		56300 Time iteration: 1.44 | Time plot: 1.07 | Simulation time: 15h 38m 20s
		56310 Time iteration: 0.85 | Time plot: 0.00 | Simulation time: 15h 38m 30s
		56320 Time iteration: 0.82 | Time plot: 0.85 | Simulation time: 15h 38m 40s
		56330 Time iteration: 0.80 | Time plot: 0.00 | Simulation time: 15h 38m 50s
		56340 Time iteration: 0.80 | Time plot: 0.69 | Simulation time: 15h 39m 0s
		56350 Time iteration: 0.82 | Time plot: 0.00 | Simulation time: 15h 39m 10s
		56360 Time iteration: 0.80 | Time plot: 0.67 | Simulation time: 15h 39m 20s
		56370 Time iteration: 0.80 | Time plot: 0.00 | Simulation time: 15h 39m 30s
		56380 Time iteration: 0.80 | Time plot: 0.69 | Simulation time: 15h 39m 40s
		56390 Time iteration: 0.80 | Time plot: 0.00 | Simulation time: 15h 39m 50s
		56400 Time iteration: 1.42 | Time plot: 1.29 | Simulation time: 15h 40m 0s
		56410 Time iteration: 0.81 | Time plot: 0.00 | Simulation time: 15h 40m 10s
		56420 Time iteration: 0.79 | Time plot: 0.67 | Simulation time: 15h 40m 20s
		56430 Time iteration: 0.79 | Time plot: 0.00 | Simulation time: 15h 40m 30s
		56440 Time iteration: 0.80 | Time plot: 0.67 | Simulation time: 15h 40m 40s
		56450 Time iteration: 0.81 | Time plot: 0.00 | Simulation time: 15h 40m 50s
		56460 Time iteration: 0.79 | Time plot: 0.70 | Simulation time: 15h 41m 0s
		56470 Time iteration: 0.82 | Time plot: 0.00 | Simulation time: 15h 41m 10s
		56480 Time iteration: 0.82 | Time plot: 0.66 | Simulation time: 15h 41m 20s
		56490 Time iteration: 0.82 | Time plot: 0.00 | Simulation time: 15h 41m 30s
		56500 Time iteration: 0.96 | Time plot: 0.68 | Simulation time: 15h 41m 40s
		56510 Time iteration: 0.78 | Time plot: 0.00 | Simulation time: 15h 41m 50s
		56520 Time iteration: 0.79 | Time plot: 0.69 | Simulation time: 15h 42m 0s
		56530 Time iteration: 0.80 | Time plot: 0.00 | Simulation time: 15h 42m 10s
		56540 Time iteration: 0.80 | Time plot: 0.67 | Simulation time: 15h 42m 20s
		56550 Time iteration: 0.79 | Time plot: 0.00 | Simulation time: 15h 42m 30s
		56560 Time iteration: 0.79 | Time plot: 0.89 | Simulation time: 15h 42m 40s
		56570 Time iteration: 0.82 | Time plot: 0.00 | Simulation time: 15h 42m 50s
		56580 Time iteration: 0.80 | Time plot: 0.68 | Simulation time: 15h 43m 0s
		56590 Time iteration: 0.80 | Time plot: 0.00 | Simulation time: 15h 43m 10s
		56600 Time iteration: 0.92 | Time plot: 0.67 | Simulation time: 15h 43m 20s
		56610 Time iteration: 0.80 | Time plot: 0.00 | Simulation time: 15h 43m 30s
		56620 Time iteration: 0.80 | Time plot: 0.66 | Simulation time: 15h 43m 40s
		56630 Time iteration: 0.82 | Time plot: 0.00 | Simulation time: 15h 43m 50s
		56640 Time iteration: 0.81 | Time plot: 1.07 | Simulation time: 15h 44m 0s
		56650 Time iteration: 0.81 | Time plot: 0.00 | Simulation time: 15h 44m 10s
		56660 Time iteration: 0.80 | Time plot: 0.90 | Simulation time: 15h 44m 20s
		56670 Time iteration: 0.82 | Time plot: 0.00 | Simulation time: 15h 44m 30s
		56680 Time iteration: 0.92 | Time plot: 0.88 | Simulation time: 15h 44m 40s
		56690 Time iteration: 0.82 | Time plot: 0.00 | Simulation time: 15h 44m 50s
		56700 Time iteration: 1.36 | Time plot: 1.15 | Simulation time: 15h 45m 0s
		56710 Time iteration: 0.80 | Time plot: 0.00 | Simulation time: 15h 45m 10s
		56720 Time iteration: 0.80 | Time plot: 0.70 | Simulation time: 15h 45m 20s
		56730 Time iteration: 0.81 | Time plot: 0.00 | Simulation time: 15h 45m 30s
		56740 Time iteration: 0.81 | Time plot: 0.68 | Simulation time: 15h 45m 40s
		56750 Time iteration: 0.79 | Time plot: 0.00 | Simulation time: 15h 45m 50s
		56760 Time iteration: 0.82 | Time plot: 0.69 | Simulation time: 15h 46m 0s
		56770 Time iteration: 0.81 | Time plot: 0.00 | Simulation time: 15h 46m 10s
		56780 Time iteration: 0.81 | Time plot: 0.68 | Simulation time: 15h 46m 20s
		56790 Time iteration: 0.80 | Time plot: 0.00 | Simulation time: 15h 46m 30s
		56800 Time iteration: 1.60 | Time plot: 1.56 | Simulation time: 15h 46m 40s
		56810 Time iteration: 0.80 | Time plot: 0.00 | Simulation time: 15h 46m 50s
		56820 Time iteration: 0.80 | Time plot: 0.77 | Simulation time: 15h 47m 0s
		56830 Time iteration: 0.80 | Time plot: 0.00 | Simulation time: 15h 47m 10s
		56840 Time iteration: 0.79 | Time plot: 0.94 | Simulation time: 15h 47m 20s
		56850 Time iteration: 0.81 | Time plot: 0.00 | Simulation time: 15h 47m 30s
		56860 Time iteration: 0.81 | Time plot: 0.78 | Simulation time: 15h 47m 40s
		56870 Time iteration: 0.80 | Time plot: 0.00 | Simulation time: 15h 47m 50s
		56880 Time iteration: 0.77 | Time plot: 0.78 | Simulation time: 15h 48m 0s
		56890 Time iteration: 0.79 | Time plot: 0.00 | Simulation time: 15h 48m 10s
		56900 Time iteration: 1.40 | Time plot: 1.44 | Simulation time: 15h 48m 20s
		56910 Time iteration: 0.76 | Time plot: 0.00 | Simulation time: 15h 48m 30s
		56920 Time iteration: 0.76 | Time plot: 0.83 | Simulation time: 15h 48m 40s
		56930 Time iteration: 0.77 | Time plot: 0.00 | Simulation time: 15h 48m 50s
		56940 Time iteration: 0.76 | Time plot: 0.85 | Simulation time: 15h 49m 0s
		56950 Time iteration: 0.79 | Time plot: 0.00 | Simulation time: 15h 49m 10s
		56960 Time iteration: 0.79 | Time plot: 1.13 | Simulation time: 15h 49m 20s
		56970 Time iteration: 0.78 | Time plot: 0.00 | Simulation time: 15h 49m 30s
		56980 Time iteration: 0.76 | Time plot: 0.81 | Simulation time: 15h 49m 40s
		56990 Time iteration: 0.75 | Time plot: 0.00 | Simulation time: 15h 49m 50s
		57000 Time iteration: 1.25 | Time plot: 0.68 | Simulation time: 15h 50m 0s
		57010 Time iteration: 0.77 | Time plot: 0.00 | Simulation time: 15h 50m 10s
		57020 Time iteration: 0.79 | Time plot: 0.68 | Simulation time: 15h 50m 20s
		57030 Time iteration: 0.77 | Time plot: 0.00 | Simulation time: 15h 50m 30s
		57040 Time iteration: 0.75 | Time plot: 0.66 | Simulation time: 15h 50m 40s
		57050 Time iteration: 0.74 | Time plot: 0.00 | Simulation time: 15h 50m 50s
		57060 Time iteration: 0.78 | Time plot: 0.68 | Simulation time: 15h 51m 0s
		57070 Time iteration: 0.78 | Time plot: 0.00 | Simulation time: 15h 51m 10s
		57080 Time iteration: 0.77 | Time plot: 0.67 | Simulation time: 15h 51m 20s
		57090 Time iteration: 0.76 | Time plot: 0.00 | Simulation time: 15h 51m 30s
		57100 Time iteration: 0.90 | Time plot: 0.66 | Simulation time: 15h 51m 40s
		57110 Time iteration: 0.78 | Time plot: 0.00 | Simulation time: 15h 51m 50s
		57120 Time iteration: 0.75 | Time plot: 0.68 | Simulation time: 15h 52m 0s
		57130 Time iteration: 0.73 | Time plot: 0.00 | Simulation time: 15h 52m 10s
		57140 Time iteration: 0.75 | Time plot: 0.66 | Simulation time: 15h 52m 20s
		57150 Time iteration: 0.83 | Time plot: 0.00 | Simulation time: 15h 52m 30s
		57160 Time iteration: 0.74 | Time plot: 0.79 | Simulation time: 15h 52m 40s
		57170 Time iteration: 0.75 | Time plot: 0.00 | Simulation time: 15h 52m 50s
		57180 Time iteration: 0.75 | Time plot: 0.68 | Simulation time: 15h 53m 0s
		57190 Time iteration: 0.73 | Time plot: 0.00 | Simulation time: 15h 53m 10s
		57200 Time iteration: 1.51 | Time plot: 1.55 | Simulation time: 15h 53m 20s
		57210 Time iteration: 0.78 | Time plot: 0.00 | Simulation time: 15h 53m 30s
		57220 Time iteration: 0.73 | Time plot: 0.77 | Simulation time: 15h 53m 40s
		57230 Time iteration: 0.74 | Time plot: 0.00 | Simulation time: 15h 53m 50s
		57240 Time iteration: 0.74 | Time plot: 0.70 | Simulation time: 15h 54m 0s
		57250 Time iteration: 0.77 | Time plot: 0.00 | Simulation time: 15h 54m 10s
		57260 Time iteration: 0.75 | Time plot: 0.69 | Simulation time: 15h 54m 20s
		57270 Time iteration: 0.74 | Time plot: 0.00 | Simulation time: 15h 54m 30s
		57280 Time iteration: 0.76 | Time plot: 0.69 | Simulation time: 15h 54m 40s
		57290 Time iteration: 0.75 | Time plot: 0.00 | Simulation time: 15h 54m 50s
		57300 Time iteration: 2.38 | Time plot: 1.04 | Simulation time: 15h 55m 0s
		57310 Time iteration: 0.79 | Time plot: 0.00 | Simulation time: 15h 55m 10s
		57320 Time iteration: 0.78 | Time plot: 0.80 | Simulation time: 15h 55m 20s
		57330 Time iteration: 0.76 | Time plot: 0.00 | Simulation time: 15h 55m 30s
		57340 Time iteration: 0.77 | Time plot: 0.70 | Simulation time: 15h 55m 40s
		57350 Time iteration: 0.76 | Time plot: 0.00 | Simulation time: 15h 55m 50s
		57360 Time iteration: 0.77 | Time plot: 0.69 | Simulation time: 15h 56m 0s
		57370 Time iteration: 0.79 | Time plot: 0.00 | Simulation time: 15h 56m 10s
		57380 Time iteration: 0.76 | Time plot: 0.69 | Simulation time: 15h 56m 20s
		57390 Time iteration: 0.75 | Time plot: 0.00 | Simulation time: 15h 56m 30s
		57400 Time iteration: 2.75 | Time plot: 1.23 | Simulation time: 15h 56m 40s
		57410 Time iteration: 0.85 | Time plot: 0.00 | Simulation time: 15h 56m 50s
		57420 Time iteration: 0.76 | Time plot: 0.83 | Simulation time: 15h 57m 0s
		57430 Time iteration: 0.77 | Time plot: 0.00 | Simulation time: 15h 57m 10s
		57440 Time iteration: 0.76 | Time plot: 0.70 | Simulation time: 15h 57m 20s
		57450 Time iteration: 0.78 | Time plot: 0.00 | Simulation time: 15h 57m 30s
		57460 Time iteration: 0.77 | Time plot: 0.69 | Simulation time: 15h 57m 40s
		57470 Time iteration: 0.78 | Time plot: 0.00 | Simulation time: 15h 57m 50s
		57480 Time iteration: 0.78 | Time plot: 0.68 | Simulation time: 15h 58m 0s
		57490 Time iteration: 0.78 | Time plot: 0.00 | Simulation time: 15h 58m 10s
		57500 Time iteration: 1.44 | Time plot: 1.06 | Simulation time: 15h 58m 20s
		57510 Time iteration: 0.76 | Time plot: 0.00 | Simulation time: 15h 58m 30s
		57520 Time iteration: 0.76 | Time plot: 0.73 | Simulation time: 15h 58m 40s
		57530 Time iteration: 0.76 | Time plot: 0.00 | Simulation time: 15h 58m 50s
		57540 Time iteration: 0.78 | Time plot: 0.70 | Simulation time: 15h 59m 0s
		57550 Time iteration: 0.76 | Time plot: 0.00 | Simulation time: 15h 59m 10s
		57560 Time iteration: 0.77 | Time plot: 0.69 | Simulation time: 15h 59m 20s
		57570 Time iteration: 0.76 | Time plot: 0.00 | Simulation time: 15h 59m 30s
		57580 Time iteration: 0.76 | Time plot: 0.67 | Simulation time: 15h 59m 40s
		57590 Time iteration: 0.76 | Time plot: 0.00 | Simulation time: 15h 59m 50s
		57600 Time iteration: 1.12 | Time plot: 0.69 | Simulation time: 16h 0m 0s
		57610 Time iteration: 0.76 | Time plot: 0.00 | Simulation time: 16h 0m 10s
		57620 Time iteration: 0.78 | Time plot: 0.68 | Simulation time: 16h 0m 20s
		57630 Time iteration: 0.76 | Time plot: 0.00 | Simulation time: 16h 0m 30s
		57640 Time iteration: 0.75 | Time plot: 0.69 | Simulation time: 16h 0m 40s
		57650 Time iteration: 0.75 | Time plot: 0.00 | Simulation time: 16h 0m 50s
		57660 Time iteration: 0.76 | Time plot: 0.67 | Simulation time: 16h 1m 0s
		57670 Time iteration: 0.76 | Time plot: 0.00 | Simulation time: 16h 1m 10s
		57680 Time iteration: 0.76 | Time plot: 0.68 | Simulation time: 16h 1m 20s
		57690 Time iteration: 0.76 | Time plot: 0.00 | Simulation time: 16h 1m 30s
		57700 Time iteration: 0.92 | Time plot: 0.74 | Simulation time: 16h 1m 40s
		57710 Time iteration: 0.78 | Time plot: 0.00 | Simulation time: 16h 1m 50s
		57720 Time iteration: 0.77 | Time plot: 0.91 | Simulation time: 16h 2m 0s
		57730 Time iteration: 0.77 | Time plot: 0.00 | Simulation time: 16h 2m 10s
		57740 Time iteration: 0.80 | Time plot: 0.67 | Simulation time: 16h 2m 20s
		57750 Time iteration: 0.79 | Time plot: 0.00 | Simulation time: 16h 2m 30s
		57760 Time iteration: 0.79 | Time plot: 0.85 | Simulation time: 16h 2m 40s
		57770 Time iteration: 0.78 | Time plot: 0.00 | Simulation time: 16h 2m 50s
		57780 Time iteration: 0.79 | Time plot: 0.75 | Simulation time: 16h 3m 0s
		57790 Time iteration: 0.79 | Time plot: 0.00 | Simulation time: 16h 3m 10s
		57800 Time iteration: 1.51 | Time plot: 3.14 | Simulation time: 16h 3m 20s
		57810 Time iteration: 0.89 | Time plot: 0.00 | Simulation time: 16h 3m 30s
		57820 Time iteration: 0.80 | Time plot: 0.73 | Simulation time: 16h 3m 40s
		57830 Time iteration: 0.79 | Time plot: 0.00 | Simulation time: 16h 3m 50s
		57840 Time iteration: 0.77 | Time plot: 0.68 | Simulation time: 16h 4m 0s
		57850 Time iteration: 0.77 | Time plot: 0.00 | Simulation time: 16h 4m 10s
		57860 Time iteration: 0.78 | Time plot: 0.69 | Simulation time: 16h 4m 20s
		57870 Time iteration: 0.77 | Time plot: 0.00 | Simulation time: 16h 4m 30s
		57880 Time iteration: 0.79 | Time plot: 0.67 | Simulation time: 16h 4m 40s
		57890 Time iteration: 0.79 | Time plot: 0.00 | Simulation time: 16h 4m 50s
		57900 Time iteration: 1.97 | Time plot: 0.72 | Simulation time: 16h 5m 0s
!! Cue_plane2_sat1: Observed Target 69 at off-nadir 0.0 deg
		57910 Time iteration: 0.81 | Time plot: 0.00 | Simulation time: 16h 5m 10s
		57920 Time iteration: 0.79 | Time plot: 0.98 | Simulation time: 16h 5m 20s
		57930 Time iteration: 0.78 | Time plot: 0.00 | Simulation time: 16h 5m 30s
		57940 Time iteration: 0.77 | Time plot: 0.68 | Simulation time: 16h 5m 40s
		57950 Time iteration: 0.79 | Time plot: 0.00 | Simulation time: 16h 5m 50s
		57960 Time iteration: 0.78 | Time plot: 0.70 | Simulation time: 16h 6m 0s
!! Cue_plane0_sat1: Confirmed Target 69=whale (actual=whale)
		57970 Time iteration: 0.82 | Time plot: 0.00 | Simulation time: 16h 6m 10s
		57980 Time iteration: 0.78 | Time plot: 0.69 | Simulation time: 16h 6m 20s
		57990 Time iteration: 0.82 | Time plot: 0.00 | Simulation time: 16h 6m 30s
		58000 Time iteration: 1.11 | Time plot: 1.28 | Simulation time: 16h 6m 40s
		58010 Time iteration: 0.80 | Time plot: 0.00 | Simulation time: 16h 6m 50s
		58020 Time iteration: 0.81 | Time plot: 0.67 | Simulation time: 16h 7m 0s
		58030 Time iteration: 0.78 | Time plot: 0.00 | Simulation time: 16h 7m 10s
		58040 Time iteration: 0.97 | Time plot: 0.98 | Simulation time: 16h 7m 20s
		58050 Time iteration: 0.79 | Time plot: 0.00 | Simulation time: 16h 7m 30s
		58060 Time iteration: 0.94 | Time plot: 0.73 | Simulation time: 16h 7m 40s
		58070 Time iteration: 0.78 | Time plot: 0.00 | Simulation time: 16h 7m 50s
		58080 Time iteration: 0.79 | Time plot: 0.66 | Simulation time: 16h 8m 0s
		58090 Time iteration: 0.82 | Time plot: 0.00 | Simulation time: 16h 8m 10s
		58100 Time iteration: 1.36 | Time plot: 0.65 | Simulation time: 16h 8m 20s
		58110 Time iteration: 0.79 | Time plot: 0.00 | Simulation time: 16h 8m 30s
		58120 Time iteration: 0.93 | Time plot: 0.68 | Simulation time: 16h 8m 40s
		58130 Time iteration: 0.81 | Time plot: 0.00 | Simulation time: 16h 8m 50s
		58140 Time iteration: 0.78 | Time plot: 0.67 | Simulation time: 16h 9m 0s
		58150 Time iteration: 0.79 | Time plot: 0.00 | Simulation time: 16h 9m 10s
		58160 Time iteration: 0.78 | Time plot: 0.68 | Simulation time: 16h 9m 20s
		58170 Time iteration: 0.78 | Time plot: 0.00 | Simulation time: 16h 9m 30s
		58180 Time iteration: 0.80 | Time plot: 0.67 | Simulation time: 16h 9m 40s
		58190 Time iteration: 0.78 | Time plot: 0.00 | Simulation time: 16h 9m 50s
		58200 Time iteration: 0.93 | Time plot: 0.68 | Simulation time: 16h 10m 0s
		58210 Time iteration: 0.81 | Time plot: 0.00 | Simulation time: 16h 10m 10s
		58220 Time iteration: 0.78 | Time plot: 0.68 | Simulation time: 16h 10m 20s
		58230 Time iteration: 0.79 | Time plot: 0.00 | Simulation time: 16h 10m 30s
		58240 Time iteration: 0.79 | Time plot: 0.67 | Simulation time: 16h 10m 40s
		58250 Time iteration: 0.81 | Time plot: 0.00 | Simulation time: 16h 10m 50s
		58260 Time iteration: 0.80 | Time plot: 0.67 | Simulation time: 16h 11m 0s
		58270 Time iteration: 0.79 | Time plot: 0.00 | Simulation time: 16h 11m 10s
		58280 Time iteration: 0.78 | Time plot: 0.67 | Simulation time: 16h 11m 20s
		58290 Time iteration: 0.78 | Time plot: 0.00 | Simulation time: 16h 11m 30s
		58300 Time iteration: 1.03 | Time plot: 0.72 | Simulation time: 16h 11m 40s
		58310 Time iteration: 0.79 | Time plot: 0.00 | Simulation time: 16h 11m 50s
		58320 Time iteration: 0.79 | Time plot: 1.12 | Simulation time: 16h 12m 0s
		58330 Time iteration: 0.81 | Time plot: 0.00 | Simulation time: 16h 12m 10s
		58340 Time iteration: 0.78 | Time plot: 1.13 | Simulation time: 16h 12m 20s
		58350 Time iteration: 0.79 | Time plot: 0.00 | Simulation time: 16h 12m 30s
		58360 Time iteration: 0.78 | Time plot: 1.11 | Simulation time: 16h 12m 40s
		58370 Time iteration: 0.79 | Time plot: 0.00 | Simulation time: 16h 12m 50s
		58380 Time iteration: 0.78 | Time plot: 0.94 | Simulation time: 16h 13m 0s
		58390 Time iteration: 0.80 | Time plot: 0.00 | Simulation time: 16h 13m 10s
		58400 Time iteration: 1.23 | Time plot: 0.71 | Simulation time: 16h 13m 20s
		58410 Time iteration: 0.79 | Time plot: 0.00 | Simulation time: 16h 13m 30s
		58420 Time iteration: 0.78 | Time plot: 0.76 | Simulation time: 16h 13m 40s
		58430 Time iteration: 0.79 | Time plot: 0.00 | Simulation time: 16h 13m 50s
		58440 Time iteration: 0.78 | Time plot: 0.70 | Simulation time: 16h 14m 0s
		58450 Time iteration: 0.79 | Time plot: 0.00 | Simulation time: 16h 14m 10s
		58460 Time iteration: 0.80 | Time plot: 0.72 | Simulation time: 16h 14m 20s
		58470 Time iteration: 0.79 | Time plot: 0.00 | Simulation time: 16h 14m 30s
		58480 Time iteration: 0.89 | Time plot: 0.78 | Simulation time: 16h 14m 40s
		58490 Time iteration: 0.78 | Time plot: 0.00 | Simulation time: 16h 14m 50s
		58500 Time iteration: 2.27 | Time plot: 0.77 | Simulation time: 16h 15m 0s
		58510 Time iteration: 0.80 | Time plot: 0.00 | Simulation time: 16h 15m 10s
		58520 Time iteration: 0.80 | Time plot: 1.35 | Simulation time: 16h 15m 20s
		58530 Time iteration: 0.81 | Time plot: 0.00 | Simulation time: 16h 15m 30s
		58540 Time iteration: 0.78 | Time plot: 0.70 | Simulation time: 16h 15m 40s
		58550 Time iteration: 0.78 | Time plot: 0.00 | Simulation time: 16h 15m 50s
		58560 Time iteration: 0.76 | Time plot: 0.70 | Simulation time: 16h 16m 0s
		58570 Time iteration: 0.77 | Time plot: 0.00 | Simulation time: 16h 16m 10s
		58580 Time iteration: 0.78 | Time plot: 0.73 | Simulation time: 16h 16m 20s
		58590 Time iteration: 0.76 | Time plot: 0.00 | Simulation time: 16h 16m 30s
		58600 Time iteration: 2.79 | Time plot: 1.39 | Simulation time: 16h 16m 40s
		58610 Time iteration: 0.79 | Time plot: 0.00 | Simulation time: 16h 16m 50s
		58620 Time iteration: 0.79 | Time plot: 0.85 | Simulation time: 16h 17m 0s
		58630 Time iteration: 0.78 | Time plot: 0.00 | Simulation time: 16h 17m 10s
		58640 Time iteration: 0.79 | Time plot: 0.67 | Simulation time: 16h 17m 20s
		58650 Time iteration: 0.79 | Time plot: 0.00 | Simulation time: 16h 17m 30s
		58660 Time iteration: 0.79 | Time plot: 0.69 | Simulation time: 16h 17m 40s
		58670 Time iteration: 0.80 | Time plot: 0.00 | Simulation time: 16h 17m 50s
		58680 Time iteration: 0.80 | Time plot: 0.69 | Simulation time: 16h 18m 0s
		58690 Time iteration: 0.78 | Time plot: 0.00 | Simulation time: 16h 18m 10s
!! Cue_plane1_sat1: Observed Target 214 at off-nadir 0.0 deg
		58700 Time iteration: 3.59 | Time plot: 1.28 | Simulation time: 16h 18m 20s
		58710 Time iteration: 0.79 | Time plot: 0.00 | Simulation time: 16h 18m 30s
		58720 Time iteration: 0.79 | Time plot: 0.82 | Simulation time: 16h 18m 40s
		58730 Time iteration: 0.78 | Time plot: 0.00 | Simulation time: 16h 18m 50s
		58740 Time iteration: 0.79 | Time plot: 0.73 | Simulation time: 16h 19m 0s
		58750 Time iteration: 0.81 | Time plot: 0.00 | Simulation time: 16h 19m 10s
!! Cue_plane0_sat1: Confirmed Target 214=whale (actual=whale)
		58760 Time iteration: 0.81 | Time plot: 0.71 | Simulation time: 16h 19m 20s
		58770 Time iteration: 0.79 | Time plot: 0.00 | Simulation time: 16h 19m 30s
		58780 Time iteration: 0.79 | Time plot: 0.70 | Simulation time: 16h 19m 40s
		58790 Time iteration: 0.78 | Time plot: 0.00 | Simulation time: 16h 19m 50s
		58800 Time iteration: 2.02 | Time plot: 1.24 | Simulation time: 16h 20m 0s
		58810 Time iteration: 0.79 | Time plot: 0.00 | Simulation time: 16h 20m 10s
		58820 Time iteration: 0.81 | Time plot: 0.77 | Simulation time: 16h 20m 20s
		58830 Time iteration: 0.80 | Time plot: 0.00 | Simulation time: 16h 20m 30s
		58840 Time iteration: 0.76 | Time plot: 0.77 | Simulation time: 16h 20m 40s
		58850 Time iteration: 0.77 | Time plot: 0.00 | Simulation time: 16h 20m 50s
		58860 Time iteration: 0.76 | Time plot: 0.78 | Simulation time: 16h 21m 0s
		58870 Time iteration: 0.78 | Time plot: 0.00 | Simulation time: 16h 21m 10s
		58880 Time iteration: 0.76 | Time plot: 0.81 | Simulation time: 16h 21m 20s
		58890 Time iteration: 0.77 | Time plot: 0.00 | Simulation time: 16h 21m 30s
		58900 Time iteration: 3.25 | Time plot: 1.34 | Simulation time: 16h 21m 40s
		58910 Time iteration: 0.77 | Time plot: 0.00 | Simulation time: 16h 21m 50s
		58920 Time iteration: 0.79 | Time plot: 0.99 | Simulation time: 16h 22m 0s
		58930 Time iteration: 0.76 | Time plot: 0.00 | Simulation time: 16h 22m 10s
		58940 Time iteration: 0.76 | Time plot: 0.88 | Simulation time: 16h 22m 20s
		58950 Time iteration: 0.80 | Time plot: 0.00 | Simulation time: 16h 22m 30s
		58960 Time iteration: 0.79 | Time plot: 0.86 | Simulation time: 16h 22m 40s
		58970 Time iteration: 0.79 | Time plot: 0.00 | Simulation time: 16h 22m 50s
		58980 Time iteration: 0.78 | Time plot: 0.96 | Simulation time: 16h 23m 0s
		58990 Time iteration: 0.80 | Time plot: 0.00 | Simulation time: 16h 23m 10s
		59000 Time iteration: 1.58 | Time plot: 1.04 | Simulation time: 16h 23m 20s
		59010 Time iteration: 0.79 | Time plot: 0.00 | Simulation time: 16h 23m 30s
		59020 Time iteration: 0.81 | Time plot: 0.71 | Simulation time: 16h 23m 40s
		59030 Time iteration: 0.79 | Time plot: 0.00 | Simulation time: 16h 23m 50s
		59040 Time iteration: 0.80 | Time plot: 0.67 | Simulation time: 16h 24m 0s
		59050 Time iteration: 0.78 | Time plot: 0.00 | Simulation time: 16h 24m 10s
		59060 Time iteration: 0.78 | Time plot: 0.73 | Simulation time: 16h 24m 20s
		59070 Time iteration: 0.81 | Time plot: 0.00 | Simulation time: 16h 24m 30s
		59080 Time iteration: 0.80 | Time plot: 0.71 | Simulation time: 16h 24m 40s
		59090 Time iteration: 0.83 | Time plot: 0.00 | Simulation time: 16h 24m 50s
		59100 Time iteration: 3.92 | Time plot: 0.92 | Simulation time: 16h 25m 0s
		59110 Time iteration: 0.80 | Time plot: 0.00 | Simulation time: 16h 25m 10s
		59120 Time iteration: 0.78 | Time plot: 0.69 | Simulation time: 16h 25m 20s
		59130 Time iteration: 0.78 | Time plot: 0.00 | Simulation time: 16h 25m 30s
		59140 Time iteration: 0.80 | Time plot: 0.68 | Simulation time: 16h 25m 40s
		59150 Time iteration: 0.79 | Time plot: 0.00 | Simulation time: 16h 25m 50s
		59160 Time iteration: 0.79 | Time plot: 0.69 | Simulation time: 16h 26m 0s
		59170 Time iteration: 0.79 | Time plot: 0.00 | Simulation time: 16h 26m 10s
		59180 Time iteration: 0.78 | Time plot: 0.67 | Simulation time: 16h 26m 20s
		59190 Time iteration: 0.79 | Time plot: 0.00 | Simulation time: 16h 26m 30s
		59200 Time iteration: 1.24 | Time plot: 0.67 | Simulation time: 16h 26m 40s
		59210 Time iteration: 0.81 | Time plot: 0.00 | Simulation time: 16h 26m 50s
		59220 Time iteration: 0.81 | Time plot: 0.68 | Simulation time: 16h 27m 0s
		59230 Time iteration: 0.84 | Time plot: 0.00 | Simulation time: 16h 27m 10s
		59240 Time iteration: 0.80 | Time plot: 0.67 | Simulation time: 16h 27m 20s
!! Cue_plane6_sat1: Observed Target 449 at off-nadir 0.0 deg
		59250 Time iteration: 0.81 | Time plot: 0.00 | Simulation time: 16h 27m 30s
		59260 Time iteration: 0.81 | Time plot: 0.68 | Simulation time: 16h 27m 40s
		59270 Time iteration: 0.79 | Time plot: 0.00 | Simulation time: 16h 27m 50s
		59280 Time iteration: 0.81 | Time plot: 0.67 | Simulation time: 16h 28m 0s
		59290 Time iteration: 0.81 | Time plot: 0.00 | Simulation time: 16h 28m 10s
		59300 Time iteration: 0.98 | Time plot: 0.83 | Simulation time: 16h 28m 20s
!! Cue_plane0_sat0: Confirmed Target 449=whale (actual=whale)
		59310 Time iteration: 0.81 | Time plot: 0.00 | Simulation time: 16h 28m 30s
		59320 Time iteration: 0.80 | Time plot: 0.67 | Simulation time: 16h 28m 40s
		59330 Time iteration: 0.82 | Time plot: 0.00 | Simulation time: 16h 28m 50s
		59340 Time iteration: 0.79 | Time plot: 0.67 | Simulation time: 16h 29m 0s
		59350 Time iteration: 0.81 | Time plot: 0.00 | Simulation time: 16h 29m 10s
		59360 Time iteration: 0.82 | Time plot: 0.68 | Simulation time: 16h 29m 20s
		59370 Time iteration: 0.83 | Time plot: 0.00 | Simulation time: 16h 29m 30s
		59380 Time iteration: 0.81 | Time plot: 0.72 | Simulation time: 16h 29m 40s
		59390 Time iteration: 0.80 | Time plot: 0.00 | Simulation time: 16h 29m 50s
		59400 Time iteration: 1.38 | Time plot: 1.61 | Simulation time: 16h 30m 0s
		59410 Time iteration: 0.81 | Time plot: 0.00 | Simulation time: 16h 30m 10s
		59420 Time iteration: 0.82 | Time plot: 0.68 | Simulation time: 16h 30m 20s
		59430 Time iteration: 0.81 | Time plot: 0.00 | Simulation time: 16h 30m 30s
		59440 Time iteration: 0.82 | Time plot: 0.68 | Simulation time: 16h 30m 40s
		59450 Time iteration: 0.82 | Time plot: 0.00 | Simulation time: 16h 30m 50s
		59460 Time iteration: 0.81 | Time plot: 0.70 | Simulation time: 16h 31m 0s
		59470 Time iteration: 0.80 | Time plot: 0.00 | Simulation time: 16h 31m 10s
		59480 Time iteration: 0.84 | Time plot: 0.68 | Simulation time: 16h 31m 20s
		59490 Time iteration: 0.82 | Time plot: 0.00 | Simulation time: 16h 31m 30s
		59500 Time iteration: 1.87 | Time plot: 1.33 | Simulation time: 16h 31m 40s
		59510 Time iteration: 0.82 | Time plot: 0.00 | Simulation time: 16h 31m 50s
		59520 Time iteration: 0.91 | Time plot: 0.88 | Simulation time: 16h 32m 0s
		59530 Time iteration: 0.81 | Time plot: 0.00 | Simulation time: 16h 32m 10s
		59540 Time iteration: 0.82 | Time plot: 0.72 | Simulation time: 16h 32m 20s
		59550 Time iteration: 0.80 | Time plot: 0.00 | Simulation time: 16h 32m 30s
		59560 Time iteration: 0.82 | Time plot: 0.67 | Simulation time: 16h 32m 40s
		59570 Time iteration: 0.81 | Time plot: 0.00 | Simulation time: 16h 32m 50s
		59580 Time iteration: 0.82 | Time plot: 0.69 | Simulation time: 16h 33m 0s
		59590 Time iteration: 0.82 | Time plot: 0.00 | Simulation time: 16h 33m 10s
		59600 Time iteration: 1.32 | Time plot: 2.14 | Simulation time: 16h 33m 20s
		59610 Time iteration: 0.81 | Time plot: 0.00 | Simulation time: 16h 33m 30s
		59620 Time iteration: 0.80 | Time plot: 0.76 | Simulation time: 16h 33m 40s
		59630 Time iteration: 0.82 | Time plot: 0.00 | Simulation time: 16h 33m 50s
		59640 Time iteration: 0.82 | Time plot: 0.71 | Simulation time: 16h 34m 0s
		59650 Time iteration: 0.81 | Time plot: 0.00 | Simulation time: 16h 34m 10s
		59660 Time iteration: 0.82 | Time plot: 0.74 | Simulation time: 16h 34m 20s
		59670 Time iteration: 0.82 | Time plot: 0.00 | Simulation time: 16h 34m 30s
		59680 Time iteration: 0.81 | Time plot: 0.68 | Simulation time: 16h 34m 40s
		59690 Time iteration: 0.80 | Time plot: 0.00 | Simulation time: 16h 34m 50s
		59700 Time iteration: 2.36 | Time plot: 1.17 | Simulation time: 16h 35m 0s
		59710 Time iteration: 0.82 | Time plot: 0.00 | Simulation time: 16h 35m 10s
		59720 Time iteration: 0.81 | Time plot: 0.85 | Simulation time: 16h 35m 20s
		59730 Time iteration: 0.81 | Time plot: 0.00 | Simulation time: 16h 35m 30s
		59740 Time iteration: 0.82 | Time plot: 0.70 | Simulation time: 16h 35m 40s
		59750 Time iteration: 0.96 | Time plot: 0.00 | Simulation time: 16h 35m 50s
!! Cue_plane7_sat0: Observed Target 339 at off-nadir 0.0 deg
		59760 Time iteration: 0.82 | Time plot: 0.69 | Simulation time: 16h 36m 0s
		59770 Time iteration: 0.82 | Time plot: 0.00 | Simulation time: 16h 36m 10s
		59780 Time iteration: 0.80 | Time plot: 0.67 | Simulation time: 16h 36m 20s
		59790 Time iteration: 0.80 | Time plot: 0.00 | Simulation time: 16h 36m 30s
		59800 Time iteration: 4.67 | Time plot: 2.54 | Simulation time: 16h 36m 40s
		59810 Time iteration: 0.90 | Time plot: 0.00 | Simulation time: 16h 36m 50s
!! Cue_plane0_sat0: Confirmed Target 339=whale (actual=whale)
		59820 Time iteration: 0.81 | Time plot: 0.87 | Simulation time: 16h 37m 0s
		59830 Time iteration: 0.79 | Time plot: 0.00 | Simulation time: 16h 37m 10s
		59840 Time iteration: 0.77 | Time plot: 0.69 | Simulation time: 16h 37m 20s
		59850 Time iteration: 0.76 | Time plot: 0.00 | Simulation time: 16h 37m 30s
		59860 Time iteration: 0.76 | Time plot: 0.67 | Simulation time: 16h 37m 40s
		59870 Time iteration: 0.78 | Time plot: 0.00 | Simulation time: 16h 37m 50s
		59880 Time iteration: 0.78 | Time plot: 0.68 | Simulation time: 16h 38m 0s
		59890 Time iteration: 0.76 | Time plot: 0.00 | Simulation time: 16h 38m 10s
		59900 Time iteration: 1.19 | Time plot: 0.67 | Simulation time: 16h 38m 20s
		59910 Time iteration: 0.78 | Time plot: 0.00 | Simulation time: 16h 38m 30s
		59920 Time iteration: 0.78 | Time plot: 0.68 | Simulation time: 16h 38m 40s
		59930 Time iteration: 0.79 | Time plot: 0.00 | Simulation time: 16h 38m 50s
		59940 Time iteration: 0.78 | Time plot: 0.67 | Simulation time: 16h 39m 0s
		59950 Time iteration: 0.77 | Time plot: 0.00 | Simulation time: 16h 39m 10s
		59960 Time iteration: 0.76 | Time plot: 0.67 | Simulation time: 16h 39m 20s
		59970 Time iteration: 0.77 | Time plot: 0.00 | Simulation time: 16h 39m 30s
		59980 Time iteration: 0.77 | Time plot: 0.68 | Simulation time: 16h 39m 40s
		59990 Time iteration: 0.78 | Time plot: 0.00 | Simulation time: 16h 39m 50s
		60000 Time iteration: 0.93 | Time plot: 1.44 | Simulation time: 16h 40m 0s
		60010 Time iteration: 0.76 | Time plot: 0.00 | Simulation time: 16h 40m 10s
		60020 Time iteration: 0.77 | Time plot: 0.67 | Simulation time: 16h 40m 20s
		60030 Time iteration: 0.77 | Time plot: 0.00 | Simulation time: 16h 40m 30s
		60040 Time iteration: 0.76 | Time plot: 0.75 | Simulation time: 16h 40m 40s
		60050 Time iteration: 0.75 | Time plot: 0.00 | Simulation time: 16h 40m 50s
		60060 Time iteration: 0.75 | Time plot: 0.72 | Simulation time: 16h 41m 0s
		60070 Time iteration: 0.75 | Time plot: 0.00 | Simulation time: 16h 41m 10s
		60080 Time iteration: 0.83 | Time plot: 0.70 | Simulation time: 16h 41m 20s
		60090 Time iteration: 0.74 | Time plot: 0.00 | Simulation time: 16h 41m 30s
		60100 Time iteration: 1.94 | Time plot: 0.68 | Simulation time: 16h 41m 40s
		60110 Time iteration: 0.73 | Time plot: 0.00 | Simulation time: 16h 41m 50s
		60120 Time iteration: 0.74 | Time plot: 0.74 | Simulation time: 16h 42m 0s
		60130 Time iteration: 0.75 | Time plot: 0.00 | Simulation time: 16h 42m 10s
		60140 Time iteration: 0.74 | Time plot: 0.69 | Simulation time: 16h 42m 20s
		60150 Time iteration: 0.74 | Time plot: 0.00 | Simulation time: 16h 42m 30s
		60160 Time iteration: 0.81 | Time plot: 0.72 | Simulation time: 16h 42m 40s
		60170 Time iteration: 0.75 | Time plot: 0.00 | Simulation time: 16h 42m 50s
		60180 Time iteration: 0.78 | Time plot: 0.67 | Simulation time: 16h 43m 0s
		60190 Time iteration: 0.77 | Time plot: 0.00 | Simulation time: 16h 43m 10s
		60200 Time iteration: 1.30 | Time plot: 0.67 | Simulation time: 16h 43m 20s
		60210 Time iteration: 0.78 | Time plot: 0.00 | Simulation time: 16h 43m 30s
		60220 Time iteration: 0.77 | Time plot: 0.67 | Simulation time: 16h 43m 40s
		60230 Time iteration: 0.76 | Time plot: 0.00 | Simulation time: 16h 43m 50s
		60240 Time iteration: 0.76 | Time plot: 0.67 | Simulation time: 16h 44m 0s
		60250 Time iteration: 0.75 | Time plot: 0.00 | Simulation time: 16h 44m 10s
		60260 Time iteration: 0.76 | Time plot: 0.68 | Simulation time: 16h 44m 20s
		60270 Time iteration: 0.78 | Time plot: 0.00 | Simulation time: 16h 44m 30s
		60280 Time iteration: 0.80 | Time plot: 0.72 | Simulation time: 16h 44m 40s
		60290 Time iteration: 0.77 | Time plot: 0.00 | Simulation time: 16h 44m 50s
		60300 Time iteration: 0.92 | Time plot: 0.68 | Simulation time: 16h 45m 0s
		60310 Time iteration: 0.78 | Time plot: 0.00 | Simulation time: 16h 45m 10s
		60320 Time iteration: 0.77 | Time plot: 0.67 | Simulation time: 16h 45m 20s
		60330 Time iteration: 0.78 | Time plot: 0.00 | Simulation time: 16h 45m 30s
		60340 Time iteration: 0.77 | Time plot: 1.26 | Simulation time: 16h 45m 40s
		60350 Time iteration: 0.80 | Time plot: 0.00 | Simulation time: 16h 45m 50s
		60360 Time iteration: 0.76 | Time plot: 0.68 | Simulation time: 16h 46m 0s
		60370 Time iteration: 0.75 | Time plot: 0.00 | Simulation time: 16h 46m 10s
		60380 Time iteration: 0.77 | Time plot: 0.94 | Simulation time: 16h 46m 20s
		60390 Time iteration: 0.78 | Time plot: 0.00 | Simulation time: 16h 46m 30s
		60400 Time iteration: 1.08 | Time plot: 1.10 | Simulation time: 16h 46m 40s
		60410 Time iteration: 0.77 | Time plot: 0.00 | Simulation time: 16h 46m 50s
		60420 Time iteration: 0.76 | Time plot: 1.00 | Simulation time: 16h 47m 0s
		60430 Time iteration: 0.76 | Time plot: 0.00 | Simulation time: 16h 47m 10s
		60440 Time iteration: 0.76 | Time plot: 0.91 | Simulation time: 16h 47m 20s
		60450 Time iteration: 0.77 | Time plot: 0.00 | Simulation time: 16h 47m 30s
		60460 Time iteration: 0.76 | Time plot: 0.67 | Simulation time: 16h 47m 40s
		60470 Time iteration: 0.76 | Time plot: 0.00 | Simulation time: 16h 47m 50s
		60480 Time iteration: 0.76 | Time plot: 0.70 | Simulation time: 16h 48m 0s
		60490 Time iteration: 0.78 | Time plot: 0.00 | Simulation time: 16h 48m 10s
		60500 Time iteration: 3.08 | Time plot: 1.17 | Simulation time: 16h 48m 20s
		60510 Time iteration: 0.75 | Time plot: 0.00 | Simulation time: 16h 48m 30s
		60520 Time iteration: 0.76 | Time plot: 0.82 | Simulation time: 16h 48m 40s
		60530 Time iteration: 0.78 | Time plot: 0.00 | Simulation time: 16h 48m 50s
		60540 Time iteration: 0.75 | Time plot: 0.68 | Simulation time: 16h 49m 0s
		60550 Time iteration: 0.76 | Time plot: 0.00 | Simulation time: 16h 49m 10s
		60560 Time iteration: 0.85 | Time plot: 0.73 | Simulation time: 16h 49m 20s
		60570 Time iteration: 0.77 | Time plot: 0.00 | Simulation time: 16h 49m 30s
		60580 Time iteration: 0.76 | Time plot: 0.67 | Simulation time: 16h 49m 40s
		60590 Time iteration: 0.75 | Time plot: 0.00 | Simulation time: 16h 49m 50s
		60600 Time iteration: 3.50 | Time plot: 0.73 | Simulation time: 16h 50m 0s
		60610 Time iteration: 0.78 | Time plot: 0.00 | Simulation time: 16h 50m 10s
		60620 Time iteration: 0.78 | Time plot: 0.69 | Simulation time: 16h 50m 20s
!! Cue_plane4_sat1: Observed Target 381 at off-nadir 0.0 deg
		60630 Time iteration: 0.78 | Time plot: 0.00 | Simulation time: 16h 50m 30s
		60640 Time iteration: 0.77 | Time plot: 1.55 | Simulation time: 16h 50m 40s
		60650 Time iteration: 0.82 | Time plot: 0.00 | Simulation time: 16h 50m 50s
		60660 Time iteration: 0.79 | Time plot: 0.95 | Simulation time: 16h 51m 0s
		60670 Time iteration: 0.78 | Time plot: 0.00 | Simulation time: 16h 51m 10s
		60680 Time iteration: 0.79 | Time plot: 0.85 | Simulation time: 16h 51m 20s
!! Cue_plane0_sat0: Confirmed Target 381=whale (actual=whale)
		60690 Time iteration: 0.78 | Time plot: 0.00 | Simulation time: 16h 51m 30s
		60700 Time iteration: 1.14 | Time plot: 0.74 | Simulation time: 16h 51m 40s
		60710 Time iteration: 0.81 | Time plot: 0.00 | Simulation time: 16h 51m 50s
		60720 Time iteration: 0.79 | Time plot: 0.94 | Simulation time: 16h 52m 0s
		60730 Time iteration: 0.79 | Time plot: 0.00 | Simulation time: 16h 52m 10s
		60740 Time iteration: 0.78 | Time plot: 0.68 | Simulation time: 16h 52m 20s
		60750 Time iteration: 0.77 | Time plot: 0.00 | Simulation time: 16h 52m 30s
		60760 Time iteration: 0.81 | Time plot: 0.67 | Simulation time: 16h 52m 40s
		60770 Time iteration: 0.80 | Time plot: 0.00 | Simulation time: 16h 52m 50s
		60780 Time iteration: 0.80 | Time plot: 0.67 | Simulation time: 16h 53m 0s
		60790 Time iteration: 0.78 | Time plot: 0.00 | Simulation time: 16h 53m 10s
		60800 Time iteration: 0.93 | Time plot: 0.67 | Simulation time: 16h 53m 20s
		60810 Time iteration: 0.78 | Time plot: 0.00 | Simulation time: 16h 53m 30s
		60820 Time iteration: 0.78 | Time plot: 0.69 | Simulation time: 16h 53m 40s
		60830 Time iteration: 0.80 | Time plot: 0.00 | Simulation time: 16h 53m 50s
		60840 Time iteration: 0.77 | Time plot: 0.67 | Simulation time: 16h 54m 0s
		60850 Time iteration: 0.78 | Time plot: 0.00 | Simulation time: 16h 54m 10s
		60860 Time iteration: 0.79 | Time plot: 0.68 | Simulation time: 16h 54m 20s
		60870 Time iteration: 0.77 | Time plot: 0.00 | Simulation time: 16h 54m 30s
		60880 Time iteration: 0.80 | Time plot: 0.66 | Simulation time: 16h 54m 40s
		60890 Time iteration: 0.78 | Time plot: 0.00 | Simulation time: 16h 54m 50s
		60900 Time iteration: 0.94 | Time plot: 0.68 | Simulation time: 16h 55m 0s
		60910 Time iteration: 0.80 | Time plot: 0.00 | Simulation time: 16h 55m 10s
		60920 Time iteration: 0.80 | Time plot: 0.66 | Simulation time: 16h 55m 20s
		60930 Time iteration: 0.78 | Time plot: 0.00 | Simulation time: 16h 55m 30s
		60940 Time iteration: 0.78 | Time plot: 0.68 | Simulation time: 16h 55m 40s
		60950 Time iteration: 0.76 | Time plot: 0.00 | Simulation time: 16h 55m 50s
		60960 Time iteration: 0.78 | Time plot: 0.66 | Simulation time: 16h 56m 0s
		60970 Time iteration: 0.77 | Time plot: 0.00 | Simulation time: 16h 56m 10s
		60980 Time iteration: 0.76 | Time plot: 0.69 | Simulation time: 16h 56m 20s
		60990 Time iteration: 0.77 | Time plot: 0.00 | Simulation time: 16h 56m 30s
		61000 Time iteration: 0.93 | Time plot: 0.66 | Simulation time: 16h 56m 40s
		61010 Time iteration: 0.78 | Time plot: 0.00 | Simulation time: 16h 56m 50s
		61020 Time iteration: 0.77 | Time plot: 0.66 | Simulation time: 16h 57m 0s
		61030 Time iteration: 0.77 | Time plot: 0.00 | Simulation time: 16h 57m 10s
		61040 Time iteration: 0.79 | Time plot: 0.72 | Simulation time: 16h 57m 20s
		61050 Time iteration: 0.79 | Time plot: 0.00 | Simulation time: 16h 57m 30s
		61060 Time iteration: 0.78 | Time plot: 0.70 | Simulation time: 16h 57m 40s
		61070 Time iteration: 0.78 | Time plot: 0.00 | Simulation time: 16h 57m 50s
		61080 Time iteration: 0.77 | Time plot: 0.73 | Simulation time: 16h 58m 0s
		61090 Time iteration: 0.80 | Time plot: 0.00 | Simulation time: 16h 58m 10s
		61100 Time iteration: 1.41 | Time plot: 1.20 | Simulation time: 16h 58m 20s
		61110 Time iteration: 0.78 | Time plot: 0.00 | Simulation time: 16h 58m 30s
		61120 Time iteration: 0.80 | Time plot: 0.76 | Simulation time: 16h 58m 40s
		61130 Time iteration: 0.78 | Time plot: 0.00 | Simulation time: 16h 58m 50s
		61140 Time iteration: 0.93 | Time plot: 0.67 | Simulation time: 16h 59m 0s
		61150 Time iteration: 0.77 | Time plot: 0.00 | Simulation time: 16h 59m 10s
		61160 Time iteration: 0.77 | Time plot: 0.68 | Simulation time: 16h 59m 20s
		61170 Time iteration: 0.78 | Time plot: 0.00 | Simulation time: 16h 59m 30s
		61180 Time iteration: 0.78 | Time plot: 0.68 | Simulation time: 16h 59m 40s
		61190 Time iteration: 0.79 | Time plot: 0.00 | Simulation time: 16h 59m 50s
		61200 Time iteration: 1.46 | Time plot: 1.40 | Simulation time: 17h 0m 0s
		61210 Time iteration: 0.79 | Time plot: 0.00 | Simulation time: 17h 0m 10s
		61220 Time iteration: 0.77 | Time plot: 0.67 | Simulation time: 17h 0m 20s
		61230 Time iteration: 0.78 | Time plot: 0.00 | Simulation time: 17h 0m 30s
		61240 Time iteration: 0.83 | Time plot: 0.68 | Simulation time: 17h 0m 40s
		61250 Time iteration: 0.79 | Time plot: 0.00 | Simulation time: 17h 0m 50s
		61260 Time iteration: 0.77 | Time plot: 0.66 | Simulation time: 17h 1m 0s
		61270 Time iteration: 0.78 | Time plot: 0.00 | Simulation time: 17h 1m 10s
		61280 Time iteration: 0.87 | Time plot: 0.68 | Simulation time: 17h 1m 20s
		61290 Time iteration: 0.78 | Time plot: 0.00 | Simulation time: 17h 1m 30s
		61300 Time iteration: 0.95 | Time plot: 0.66 | Simulation time: 17h 1m 40s
		61310 Time iteration: 0.80 | Time plot: 0.00 | Simulation time: 17h 1m 50s
		61320 Time iteration: 0.78 | Time plot: 0.65 | Simulation time: 17h 2m 0s
		61330 Time iteration: 0.77 | Time plot: 0.00 | Simulation time: 17h 2m 10s
		61340 Time iteration: 0.77 | Time plot: 0.70 | Simulation time: 17h 2m 20s
		61350 Time iteration: 0.78 | Time plot: 0.00 | Simulation time: 17h 2m 30s
		61360 Time iteration: 0.79 | Time plot: 0.68 | Simulation time: 17h 2m 40s
		61370 Time iteration: 0.77 | Time plot: 0.00 | Simulation time: 17h 2m 50s
		61380 Time iteration: 0.77 | Time plot: 0.68 | Simulation time: 17h 3m 0s
		61390 Time iteration: 0.80 | Time plot: 0.00 | Simulation time: 17h 3m 10s
		61400 Time iteration: 0.94 | Time plot: 0.68 | Simulation time: 17h 3m 20s
		61410 Time iteration: 0.78 | Time plot: 0.00 | Simulation time: 17h 3m 30s
		61420 Time iteration: 0.80 | Time plot: 0.67 | Simulation time: 17h 3m 40s
		61430 Time iteration: 0.78 | Time plot: 0.00 | Simulation time: 17h 3m 50s
		61440 Time iteration: 0.78 | Time plot: 0.66 | Simulation time: 17h 4m 0s
		61450 Time iteration: 0.78 | Time plot: 0.00 | Simulation time: 17h 4m 10s
		61460 Time iteration: 0.78 | Time plot: 0.67 | Simulation time: 17h 4m 20s
		61470 Time iteration: 0.77 | Time plot: 0.00 | Simulation time: 17h 4m 30s
		61480 Time iteration: 0.78 | Time plot: 0.93 | Simulation time: 17h 4m 40s
		61490 Time iteration: 0.75 | Time plot: 0.00 | Simulation time: 17h 4m 50s
		61500 Time iteration: 0.95 | Time plot: 0.67 | Simulation time: 17h 5m 0s
		61510 Time iteration: 0.76 | Time plot: 0.00 | Simulation time: 17h 5m 10s
		61520 Time iteration: 0.78 | Time plot: 0.67 | Simulation time: 17h 5m 20s
		61530 Time iteration: 0.80 | Time plot: 0.00 | Simulation time: 17h 5m 30s
		61540 Time iteration: 0.78 | Time plot: 0.68 | Simulation time: 17h 5m 40s
		61550 Time iteration: 0.77 | Time plot: 0.00 | Simulation time: 17h 5m 50s
		61560 Time iteration: 0.79 | Time plot: 0.74 | Simulation time: 17h 6m 0s
		61570 Time iteration: 0.81 | Time plot: 0.00 | Simulation time: 17h 6m 10s
		61580 Time iteration: 0.78 | Time plot: 0.70 | Simulation time: 17h 6m 20s
		61590 Time iteration: 0.77 | Time plot: 0.00 | Simulation time: 17h 6m 30s
		61600 Time iteration: 1.44 | Time plot: 1.91 | Simulation time: 17h 6m 40s
		61610 Time iteration: 0.77 | Time plot: 0.00 | Simulation time: 17h 6m 50s
		61620 Time iteration: 0.78 | Time plot: 0.68 | Simulation time: 17h 7m 0s
		61630 Time iteration: 0.79 | Time plot: 0.00 | Simulation time: 17h 7m 10s
		61640 Time iteration: 0.79 | Time plot: 1.28 | Simulation time: 17h 7m 20s
		61650 Time iteration: 0.78 | Time plot: 0.00 | Simulation time: 17h 7m 30s
		61660 Time iteration: 0.88 | Time plot: 0.82 | Simulation time: 17h 7m 40s
		61670 Time iteration: 0.77 | Time plot: 0.00 | Simulation time: 17h 7m 50s
		61680 Time iteration: 0.79 | Time plot: 0.70 | Simulation time: 17h 8m 0s
		61690 Time iteration: 0.80 | Time plot: 0.00 | Simulation time: 17h 8m 10s
		61700 Time iteration: 1.21 | Time plot: 0.68 | Simulation time: 17h 8m 20s
		61710 Time iteration: 0.78 | Time plot: 0.00 | Simulation time: 17h 8m 30s
		61720 Time iteration: 0.81 | Time plot: 1.23 | Simulation time: 17h 8m 40s
		61730 Time iteration: 0.78 | Time plot: 0.00 | Simulation time: 17h 8m 50s
		61740 Time iteration: 0.80 | Time plot: 0.90 | Simulation time: 17h 9m 0s
		61750 Time iteration: 0.78 | Time plot: 0.00 | Simulation time: 17h 9m 10s
		61760 Time iteration: 0.78 | Time plot: 0.93 | Simulation time: 17h 9m 20s
		61770 Time iteration: 0.76 | Time plot: 0.00 | Simulation time: 17h 9m 30s
		61780 Time iteration: 0.78 | Time plot: 1.00 | Simulation time: 17h 9m 40s
		61790 Time iteration: 0.76 | Time plot: 0.00 | Simulation time: 17h 9m 50s
		61800 Time iteration: 1.09 | Time plot: 1.22 | Simulation time: 17h 10m 0s
		61810 Time iteration: 0.76 | Time plot: 0.00 | Simulation time: 17h 10m 10s
		61820 Time iteration: 0.75 | Time plot: 1.05 | Simulation time: 17h 10m 20s
		61830 Time iteration: 0.76 | Time plot: 0.00 | Simulation time: 17h 10m 30s
		61840 Time iteration: 0.77 | Time plot: 1.07 | Simulation time: 17h 10m 40s
		61850 Time iteration: 0.76 | Time plot: 0.00 | Simulation time: 17h 10m 50s
		61860 Time iteration: 0.76 | Time plot: 0.85 | Simulation time: 17h 11m 0s
		61870 Time iteration: 0.80 | Time plot: 0.00 | Simulation time: 17h 11m 10s
		61880 Time iteration: 0.77 | Time plot: 0.71 | Simulation time: 17h 11m 20s
		61890 Time iteration: 0.78 | Time plot: 0.00 | Simulation time: 17h 11m 30s
		61900 Time iteration: 1.96 | Time plot: 0.83 | Simulation time: 17h 11m 40s
		61910 Time iteration: 0.77 | Time plot: 0.00 | Simulation time: 17h 11m 50s
		61920 Time iteration: 0.78 | Time plot: 0.82 | Simulation time: 17h 12m 0s
		61930 Time iteration: 0.80 | Time plot: 0.00 | Simulation time: 17h 12m 10s
		61940 Time iteration: 0.77 | Time plot: 0.69 | Simulation time: 17h 12m 20s
		61950 Time iteration: 0.79 | Time plot: 0.00 | Simulation time: 17h 12m 30s
		61960 Time iteration: 0.78 | Time plot: 0.72 | Simulation time: 17h 12m 40s
		61970 Time iteration: 0.77 | Time plot: 0.00 | Simulation time: 17h 12m 50s
		61980 Time iteration: 0.79 | Time plot: 0.67 | Simulation time: 17h 13m 0s
		61990 Time iteration: 0.77 | Time plot: 0.00 | Simulation time: 17h 13m 10s
		62000 Time iteration: 2.90 | Time plot: 0.74 | Simulation time: 17h 13m 20s
		62010 Time iteration: 0.78 | Time plot: 0.00 | Simulation time: 17h 13m 30s
		62020 Time iteration: 0.82 | Time plot: 0.68 | Simulation time: 17h 13m 40s
		62030 Time iteration: 0.80 | Time plot: 0.00 | Simulation time: 17h 13m 50s
		62040 Time iteration: 0.78 | Time plot: 0.67 | Simulation time: 17h 14m 0s
		62050 Time iteration: 0.77 | Time plot: 0.00 | Simulation time: 17h 14m 10s
		62060 Time iteration: 0.78 | Time plot: 0.78 | Simulation time: 17h 14m 20s
		62070 Time iteration: 0.77 | Time plot: 0.00 | Simulation time: 17h 14m 30s
		62080 Time iteration: 0.78 | Time plot: 0.75 | Simulation time: 17h 14m 40s
		62090 Time iteration: 0.82 | Time plot: 0.00 | Simulation time: 17h 14m 50s
		62100 Time iteration: 2.06 | Time plot: 0.80 | Simulation time: 17h 15m 0s
		62110 Time iteration: 0.81 | Time plot: 0.00 | Simulation time: 17h 15m 10s
		62120 Time iteration: 0.79 | Time plot: 0.71 | Simulation time: 17h 15m 20s
		62130 Time iteration: 0.79 | Time plot: 0.00 | Simulation time: 17h 15m 30s
		62140 Time iteration: 0.80 | Time plot: 0.73 | Simulation time: 17h 15m 40s
		62150 Time iteration: 0.82 | Time plot: 0.00 | Simulation time: 17h 15m 50s
		62160 Time iteration: 0.79 | Time plot: 0.72 | Simulation time: 17h 16m 0s
		62170 Time iteration: 0.81 | Time plot: 0.00 | Simulation time: 17h 16m 10s
		62180 Time iteration: 0.80 | Time plot: 0.76 | Simulation time: 17h 16m 20s
		62190 Time iteration: 0.79 | Time plot: 0.00 | Simulation time: 17h 16m 30s
		62200 Time iteration: 2.69 | Time plot: 1.03 | Simulation time: 17h 16m 40s
		62210 Time iteration: 0.79 | Time plot: 0.00 | Simulation time: 17h 16m 50s
		62220 Time iteration: 0.80 | Time plot: 0.99 | Simulation time: 17h 17m 0s
		62230 Time iteration: 0.80 | Time plot: 0.00 | Simulation time: 17h 17m 10s
		62240 Time iteration: 0.79 | Time plot: 0.70 | Simulation time: 17h 17m 20s
		62250 Time iteration: 0.80 | Time plot: 0.00 | Simulation time: 17h 17m 30s
		62260 Time iteration: 0.80 | Time plot: 0.72 | Simulation time: 17h 17m 40s
		62270 Time iteration: 0.80 | Time plot: 0.00 | Simulation time: 17h 17m 50s
		62280 Time iteration: 0.80 | Time plot: 0.69 | Simulation time: 17h 18m 0s
		62290 Time iteration: 0.78 | Time plot: 0.00 | Simulation time: 17h 18m 10s
		62300 Time iteration: 1.82 | Time plot: 1.63 | Simulation time: 17h 18m 20s
		62310 Time iteration: 0.84 | Time plot: 0.00 | Simulation time: 17h 18m 30s
		62320 Time iteration: 0.83 | Time plot: 0.79 | Simulation time: 17h 18m 40s
		62330 Time iteration: 0.81 | Time plot: 0.00 | Simulation time: 17h 18m 50s
		62340 Time iteration: 0.79 | Time plot: 0.66 | Simulation time: 17h 19m 0s
		62350 Time iteration: 0.81 | Time plot: 0.00 | Simulation time: 17h 19m 10s
		62360 Time iteration: 0.78 | Time plot: 0.67 | Simulation time: 17h 19m 20s
		62370 Time iteration: 0.79 | Time plot: 0.00 | Simulation time: 17h 19m 30s
		62380 Time iteration: 0.81 | Time plot: 0.65 | Simulation time: 17h 19m 40s
		62390 Time iteration: 0.78 | Time plot: 0.00 | Simulation time: 17h 19m 50s
		62400 Time iteration: 1.25 | Time plot: 0.67 | Simulation time: 17h 20m 0s
		62410 Time iteration: 0.80 | Time plot: 0.00 | Simulation time: 17h 20m 10s
		62420 Time iteration: 0.78 | Time plot: 0.67 | Simulation time: 17h 20m 20s
		62430 Time iteration: 0.80 | Time plot: 0.00 | Simulation time: 17h 20m 30s
		62440 Time iteration: 0.78 | Time plot: 0.68 | Simulation time: 17h 20m 40s
		62450 Time iteration: 0.80 | Time plot: 0.00 | Simulation time: 17h 20m 50s
		62460 Time iteration: 0.79 | Time plot: 0.66 | Simulation time: 17h 21m 0s
		62470 Time iteration: 0.80 | Time plot: 0.00 | Simulation time: 17h 21m 10s
		62480 Time iteration: 0.79 | Time plot: 0.66 | Simulation time: 17h 21m 20s
		62490 Time iteration: 0.79 | Time plot: 0.00 | Simulation time: 17h 21m 30s
		62500 Time iteration: 0.95 | Time plot: 0.68 | Simulation time: 17h 21m 40s
		62510 Time iteration: 0.80 | Time plot: 0.00 | Simulation time: 17h 21m 50s
		62520 Time iteration: 0.79 | Time plot: 0.67 | Simulation time: 17h 22m 0s
		62530 Time iteration: 0.80 | Time plot: 0.00 | Simulation time: 17h 22m 10s
		62540 Time iteration: 0.78 | Time plot: 0.68 | Simulation time: 17h 22m 20s
		62550 Time iteration: 0.79 | Time plot: 0.00 | Simulation time: 17h 22m 30s
		62560 Time iteration: 0.81 | Time plot: 0.66 | Simulation time: 17h 22m 40s
		62570 Time iteration: 0.79 | Time plot: 0.00 | Simulation time: 17h 22m 50s
		62580 Time iteration: 0.79 | Time plot: 0.68 | Simulation time: 17h 23m 0s
		62590 Time iteration: 0.80 | Time plot: 0.00 | Simulation time: 17h 23m 10s
		62600 Time iteration: 1.07 | Time plot: 1.51 | Simulation time: 17h 23m 20s
		62610 Time iteration: 0.79 | Time plot: 0.00 | Simulation time: 17h 23m 30s
		62620 Time iteration: 0.79 | Time plot: 0.66 | Simulation time: 17h 23m 40s
		62630 Time iteration: 0.80 | Time plot: 0.00 | Simulation time: 17h 23m 50s
		62640 Time iteration: 0.79 | Time plot: 0.92 | Simulation time: 17h 24m 0s
		62650 Time iteration: 0.78 | Time plot: 0.00 | Simulation time: 17h 24m 10s
		62660 Time iteration: 0.80 | Time plot: 0.86 | Simulation time: 17h 24m 20s
		62670 Time iteration: 0.78 | Time plot: 0.00 | Simulation time: 17h 24m 30s
		62680 Time iteration: 0.78 | Time plot: 1.03 | Simulation time: 17h 24m 40s
		62690 Time iteration: 0.83 | Time plot: 0.00 | Simulation time: 17h 24m 50s
		62700 Time iteration: 1.12 | Time plot: 1.31 | Simulation time: 17h 25m 0s
		62710 Time iteration: 0.78 | Time plot: 0.00 | Simulation time: 17h 25m 10s
		62720 Time iteration: 0.86 | Time plot: 0.85 | Simulation time: 17h 25m 20s
		62730 Time iteration: 0.77 | Time plot: 0.00 | Simulation time: 17h 25m 30s
		62740 Time iteration: 0.80 | Time plot: 0.72 | Simulation time: 17h 25m 40s
		62750 Time iteration: 0.77 | Time plot: 0.00 | Simulation time: 17h 25m 50s
		62760 Time iteration: 0.79 | Time plot: 0.69 | Simulation time: 17h 26m 0s
		62770 Time iteration: 0.84 | Time plot: 0.00 | Simulation time: 17h 26m 10s
		62780 Time iteration: 0.76 | Time plot: 0.67 | Simulation time: 17h 26m 20s
		62790 Time iteration: 0.76 | Time plot: 0.00 | Simulation time: 17h 26m 30s
		62800 Time iteration: 1.23 | Time plot: 1.05 | Simulation time: 17h 26m 40s
		62810 Time iteration: 0.76 | Time plot: 0.00 | Simulation time: 17h 26m 50s
		62820 Time iteration: 0.75 | Time plot: 1.20 | Simulation time: 17h 27m 0s
		62830 Time iteration: 0.82 | Time plot: 0.00 | Simulation time: 17h 27m 10s
		62840 Time iteration: 0.76 | Time plot: 0.95 | Simulation time: 17h 27m 20s
		62850 Time iteration: 0.75 | Time plot: 0.00 | Simulation time: 17h 27m 30s
		62860 Time iteration: 0.75 | Time plot: 1.00 | Simulation time: 17h 27m 40s
		62870 Time iteration: 0.76 | Time plot: 0.00 | Simulation time: 17h 27m 50s
		62880 Time iteration: 0.74 | Time plot: 0.72 | Simulation time: 17h 28m 0s
		62890 Time iteration: 0.76 | Time plot: 0.00 | Simulation time: 17h 28m 10s
		62900 Time iteration: 1.35 | Time plot: 1.35 | Simulation time: 17h 28m 20s
		62910 Time iteration: 0.75 | Time plot: 0.00 | Simulation time: 17h 28m 30s
		62920 Time iteration: 0.76 | Time plot: 0.95 | Simulation time: 17h 28m 40s
		62930 Time iteration: 0.76 | Time plot: 0.00 | Simulation time: 17h 28m 50s
		62940 Time iteration: 0.74 | Time plot: 0.92 | Simulation time: 17h 29m 0s
		62950 Time iteration: 0.73 | Time plot: 0.00 | Simulation time: 17h 29m 10s
		62960 Time iteration: 0.74 | Time plot: 0.89 | Simulation time: 17h 29m 20s
		62970 Time iteration: 0.74 | Time plot: 0.00 | Simulation time: 17h 29m 30s
		62980 Time iteration: 0.73 | Time plot: 0.81 | Simulation time: 17h 29m 40s
		62990 Time iteration: 0.73 | Time plot: 0.00 | Simulation time: 17h 29m 50s
		63000 Time iteration: 1.69 | Time plot: 0.75 | Simulation time: 17h 30m 0s
		63010 Time iteration: 0.76 | Time plot: 0.00 | Simulation time: 17h 30m 10s
		63020 Time iteration: 0.73 | Time plot: 0.72 | Simulation time: 17h 30m 20s
		63030 Time iteration: 0.73 | Time plot: 0.00 | Simulation time: 17h 30m 30s
		63040 Time iteration: 0.73 | Time plot: 0.66 | Simulation time: 17h 30m 40s
		63050 Time iteration: 0.72 | Time plot: 0.00 | Simulation time: 17h 30m 50s
		63060 Time iteration: 0.75 | Time plot: 0.68 | Simulation time: 17h 31m 0s
		63070 Time iteration: 0.74 | Time plot: 0.00 | Simulation time: 17h 31m 10s
		63080 Time iteration: 0.73 | Time plot: 0.69 | Simulation time: 17h 31m 20s
		63090 Time iteration: 0.74 | Time plot: 0.00 | Simulation time: 17h 31m 30s
		63100 Time iteration: 1.50 | Time plot: 1.87 | Simulation time: 17h 31m 40s
		63110 Time iteration: 0.75 | Time plot: 0.00 | Simulation time: 17h 31m 50s
		63120 Time iteration: 0.74 | Time plot: 0.94 | Simulation time: 17h 32m 0s
		63130 Time iteration: 0.75 | Time plot: 0.00 | Simulation time: 17h 32m 10s
		63140 Time iteration: 0.74 | Time plot: 0.67 | Simulation time: 17h 32m 20s
		63150 Time iteration: 0.74 | Time plot: 0.00 | Simulation time: 17h 32m 30s
		63160 Time iteration: 0.78 | Time plot: 0.68 | Simulation time: 17h 32m 40s
		63170 Time iteration: 0.75 | Time plot: 0.00 | Simulation time: 17h 32m 50s
		63180 Time iteration: 0.74 | Time plot: 0.70 | Simulation time: 17h 33m 0s
		63190 Time iteration: 0.76 | Time plot: 0.00 | Simulation time: 17h 33m 10s
		63200 Time iteration: 2.33 | Time plot: 0.74 | Simulation time: 17h 33m 20s
		63210 Time iteration: 0.77 | Time plot: 0.00 | Simulation time: 17h 33m 30s
		63220 Time iteration: 0.75 | Time plot: 0.74 | Simulation time: 17h 33m 40s
		63230 Time iteration: 0.75 | Time plot: 0.00 | Simulation time: 17h 33m 50s
		63240 Time iteration: 0.74 | Time plot: 1.08 | Simulation time: 17h 34m 0s
		63250 Time iteration: 0.76 | Time plot: 0.00 | Simulation time: 17h 34m 10s
		63260 Time iteration: 0.78 | Time plot: 0.98 | Simulation time: 17h 34m 20s
		63270 Time iteration: 0.77 | Time plot: 0.00 | Simulation time: 17h 34m 30s
		63280 Time iteration: 0.75 | Time plot: 0.97 | Simulation time: 17h 34m 40s
		63290 Time iteration: 0.75 | Time plot: 0.00 | Simulation time: 17h 34m 50s
		63300 Time iteration: 1.26 | Time plot: 0.87 | Simulation time: 17h 35m 0s
		63310 Time iteration: 0.77 | Time plot: 0.00 | Simulation time: 17h 35m 10s
		63320 Time iteration: 0.77 | Time plot: 0.75 | Simulation time: 17h 35m 20s
		63330 Time iteration: 0.76 | Time plot: 0.00 | Simulation time: 17h 35m 30s
		63340 Time iteration: 0.76 | Time plot: 0.69 | Simulation time: 17h 35m 40s
		63350 Time iteration: 0.74 | Time plot: 0.00 | Simulation time: 17h 35m 50s
		63360 Time iteration: 0.76 | Time plot: 0.69 | Simulation time: 17h 36m 0s
		63370 Time iteration: 0.78 | Time plot: 0.00 | Simulation time: 17h 36m 10s
		63380 Time iteration: 0.75 | Time plot: 0.74 | Simulation time: 17h 36m 20s
		63390 Time iteration: 0.75 | Time plot: 0.00 | Simulation time: 17h 36m 30s
		63400 Time iteration: 2.05 | Time plot: 1.11 | Simulation time: 17h 36m 40s
		63410 Time iteration: 0.75 | Time plot: 0.00 | Simulation time: 17h 36m 50s
		63420 Time iteration: 0.77 | Time plot: 0.67 | Simulation time: 17h 37m 0s
		63430 Time iteration: 0.77 | Time plot: 0.00 | Simulation time: 17h 37m 10s
		63440 Time iteration: 0.76 | Time plot: 0.66 | Simulation time: 17h 37m 20s
		63450 Time iteration: 0.75 | Time plot: 0.00 | Simulation time: 17h 37m 30s
		63460 Time iteration: 0.75 | Time plot: 0.66 | Simulation time: 17h 37m 40s
		63470 Time iteration: 0.77 | Time plot: 0.00 | Simulation time: 17h 37m 50s
		63480 Time iteration: 0.76 | Time plot: 0.65 | Simulation time: 17h 38m 0s
		63490 Time iteration: 0.75 | Time plot: 0.00 | Simulation time: 17h 38m 10s
		63500 Time iteration: 0.90 | Time plot: 0.69 | Simulation time: 17h 38m 20s
		63510 Time iteration: 0.75 | Time plot: 0.00 | Simulation time: 17h 38m 30s
		63520 Time iteration: 0.75 | Time plot: 0.68 | Simulation time: 17h 38m 40s
		63530 Time iteration: 0.77 | Time plot: 0.00 | Simulation time: 17h 38m 50s
		63540 Time iteration: 0.76 | Time plot: 0.66 | Simulation time: 17h 39m 0s
		63550 Time iteration: 0.77 | Time plot: 0.00 | Simulation time: 17h 39m 10s
		63560 Time iteration: 0.77 | Time plot: 0.67 | Simulation time: 17h 39m 20s
		63570 Time iteration: 0.79 | Time plot: 0.00 | Simulation time: 17h 39m 30s
		63580 Time iteration: 0.78 | Time plot: 0.69 | Simulation time: 17h 39m 40s
		63590 Time iteration: 0.80 | Time plot: 0.00 | Simulation time: 17h 39m 50s
		63600 Time iteration: 0.93 | Time plot: 1.35 | Simulation time: 17h 40m 0s
		63610 Time iteration: 0.87 | Time plot: 0.00 | Simulation time: 17h 40m 10s
		63620 Time iteration: 0.77 | Time plot: 0.80 | Simulation time: 17h 40m 20s
		63630 Time iteration: 0.78 | Time plot: 0.00 | Simulation time: 17h 40m 30s
		63640 Time iteration: 0.78 | Time plot: 1.08 | Simulation time: 17h 40m 40s
		63650 Time iteration: 0.77 | Time plot: 0.00 | Simulation time: 17h 40m 50s
		63660 Time iteration: 0.78 | Time plot: 0.87 | Simulation time: 17h 41m 0s
		63670 Time iteration: 0.78 | Time plot: 0.00 | Simulation time: 17h 41m 10s
		63680 Time iteration: 0.77 | Time plot: 0.79 | Simulation time: 17h 41m 20s
		63690 Time iteration: 0.79 | Time plot: 0.00 | Simulation time: 17h 41m 30s
		63700 Time iteration: 1.48 | Time plot: 0.94 | Simulation time: 17h 41m 40s
!! Cue_plane1_sat1: Observed Target 2 at off-nadir 0.0 deg
		63710 Time iteration: 2.15 | Time plot: 0.00 | Simulation time: 17h 41m 50s
		63720 Time iteration: 0.77 | Time plot: 0.69 | Simulation time: 17h 42m 0s
		63730 Time iteration: 0.80 | Time plot: 0.00 | Simulation time: 17h 42m 10s
		63740 Time iteration: 0.76 | Time plot: 0.67 | Simulation time: 17h 42m 20s
		63750 Time iteration: 0.78 | Time plot: 0.00 | Simulation time: 17h 42m 30s
		63760 Time iteration: 0.76 | Time plot: 0.68 | Simulation time: 17h 42m 40s
		63770 Time iteration: 0.78 | Time plot: 0.00 | Simulation time: 17h 42m 50s
!! Cue_plane0_sat1: Confirmed Target 2=not-whale (actual=whale)
		63780 Time iteration: 0.77 | Time plot: 0.70 | Simulation time: 17h 43m 0s
		63790 Time iteration: 0.76 | Time plot: 0.00 | Simulation time: 17h 43m 10s
		63800 Time iteration: 3.13 | Time plot: 1.42 | Simulation time: 17h 43m 20s
		63810 Time iteration: 0.76 | Time plot: 0.00 | Simulation time: 17h 43m 30s
		63820 Time iteration: 0.79 | Time plot: 0.81 | Simulation time: 17h 43m 40s
		63830 Time iteration: 0.77 | Time plot: 0.00 | Simulation time: 17h 43m 50s
		63840 Time iteration: 0.98 | Time plot: 0.88 | Simulation time: 17h 44m 0s
		63850 Time iteration: 0.80 | Time plot: 0.00 | Simulation time: 17h 44m 10s
		63860 Time iteration: 0.80 | Time plot: 0.88 | Simulation time: 17h 44m 20s
		63870 Time iteration: 0.79 | Time plot: 0.00 | Simulation time: 17h 44m 30s
		63880 Time iteration: 0.78 | Time plot: 1.07 | Simulation time: 17h 44m 40s
		63890 Time iteration: 0.77 | Time plot: 0.00 | Simulation time: 17h 44m 50s
		63900 Time iteration: 1.65 | Time plot: 1.23 | Simulation time: 17h 45m 0s
		63910 Time iteration: 0.79 | Time plot: 0.00 | Simulation time: 17h 45m 10s
		63920 Time iteration: 0.77 | Time plot: 0.78 | Simulation time: 17h 45m 20s
		63930 Time iteration: 0.76 | Time plot: 0.00 | Simulation time: 17h 45m 30s
		63940 Time iteration: 0.78 | Time plot: 0.69 | Simulation time: 17h 45m 40s
		63950 Time iteration: 0.77 | Time plot: 0.00 | Simulation time: 17h 45m 50s
		63960 Time iteration: 0.78 | Time plot: 0.70 | Simulation time: 17h 46m 0s
		63970 Time iteration: 0.78 | Time plot: 0.00 | Simulation time: 17h 46m 10s
		63980 Time iteration: 0.77 | Time plot: 0.67 | Simulation time: 17h 46m 20s
		63990 Time iteration: 0.78 | Time plot: 0.00 | Simulation time: 17h 46m 30s
		64000 Time iteration: 2.88 | Time plot: 1.28 | Simulation time: 17h 46m 40s
		64010 Time iteration: 0.77 | Time plot: 0.00 | Simulation time: 17h 46m 50s
		64020 Time iteration: 0.77 | Time plot: 0.82 | Simulation time: 17h 47m 0s
		64030 Time iteration: 0.75 | Time plot: 0.00 | Simulation time: 17h 47m 10s
		64040 Time iteration: 0.77 | Time plot: 0.68 | Simulation time: 17h 47m 20s
		64050 Time iteration: 0.77 | Time plot: 0.00 | Simulation time: 17h 47m 30s
		64060 Time iteration: 0.77 | Time plot: 0.68 | Simulation time: 17h 47m 40s
		64070 Time iteration: 0.76 | Time plot: 0.00 | Simulation time: 17h 47m 50s
		64080 Time iteration: 0.77 | Time plot: 0.70 | Simulation time: 17h 48m 0s
		64090 Time iteration: 0.80 | Time plot: 0.00 | Simulation time: 17h 48m 10s
		64100 Time iteration: 3.79 | Time plot: 1.55 | Simulation time: 17h 48m 20s
		64110 Time iteration: 0.79 | Time plot: 0.00 | Simulation time: 17h 48m 30s
		64120 Time iteration: 0.77 | Time plot: 0.78 | Simulation time: 17h 48m 40s
		64130 Time iteration: 0.77 | Time plot: 0.00 | Simulation time: 17h 48m 50s
		64140 Time iteration: 0.82 | Time plot: 0.70 | Simulation time: 17h 49m 0s
		64150 Time iteration: 0.78 | Time plot: 0.00 | Simulation time: 17h 49m 10s
		64160 Time iteration: 0.77 | Time plot: 0.69 | Simulation time: 17h 49m 20s
		64170 Time iteration: 0.79 | Time plot: 0.00 | Simulation time: 17h 49m 30s
		64180 Time iteration: 0.77 | Time plot: 0.68 | Simulation time: 17h 49m 40s
		64190 Time iteration: 0.77 | Time plot: 0.00 | Simulation time: 17h 49m 50s
		64200 Time iteration: 2.24 | Time plot: 0.96 | Simulation time: 17h 50m 0s
		64210 Time iteration: 0.77 | Time plot: 0.00 | Simulation time: 17h 50m 10s
		64220 Time iteration: 0.77 | Time plot: 0.94 | Simulation time: 17h 50m 20s
		64230 Time iteration: 0.77 | Time plot: 0.00 | Simulation time: 17h 50m 30s
		64240 Time iteration: 0.77 | Time plot: 0.92 | Simulation time: 17h 50m 40s
		64250 Time iteration: 0.77 | Time plot: 0.00 | Simulation time: 17h 50m 50s
		64260 Time iteration: 0.78 | Time plot: 0.81 | Simulation time: 17h 51m 0s
		64270 Time iteration: 0.78 | Time plot: 0.00 | Simulation time: 17h 51m 10s
		64280 Time iteration: 0.76 | Time plot: 0.69 | Simulation time: 17h 51m 20s
		64290 Time iteration: 0.77 | Time plot: 0.00 | Simulation time: 17h 51m 30s
		64300 Time iteration: 1.97 | Time plot: 1.48 | Simulation time: 17h 51m 40s
		64310 Time iteration: 0.78 | Time plot: 0.00 | Simulation time: 17h 51m 50s
		64320 Time iteration: 0.78 | Time plot: 0.74 | Simulation time: 17h 52m 0s
		64330 Time iteration: 0.80 | Time plot: 0.00 | Simulation time: 17h 52m 10s
		64340 Time iteration: 0.77 | Time plot: 0.67 | Simulation time: 17h 52m 20s
		64350 Time iteration: 0.76 | Time plot: 0.00 | Simulation time: 17h 52m 30s
		64360 Time iteration: 0.76 | Time plot: 0.83 | Simulation time: 17h 52m 40s
		64370 Time iteration: 0.77 | Time plot: 0.00 | Simulation time: 17h 52m 50s
		64380 Time iteration: 0.80 | Time plot: 0.88 | Simulation time: 17h 53m 0s
		64390 Time iteration: 0.77 | Time plot: 0.00 | Simulation time: 17h 53m 10s
		64400 Time iteration: 1.32 | Time plot: 1.12 | Simulation time: 17h 53m 20s
		64410 Time iteration: 0.75 | Time plot: 0.00 | Simulation time: 17h 53m 30s
		64420 Time iteration: 0.73 | Time plot: 0.83 | Simulation time: 17h 53m 40s
		64430 Time iteration: 0.78 | Time plot: 0.00 | Simulation time: 17h 53m 50s
		64440 Time iteration: 0.78 | Time plot: 0.69 | Simulation time: 17h 54m 0s
		64450 Time iteration: 0.77 | Time plot: 0.00 | Simulation time: 17h 54m 10s
		64460 Time iteration: 0.76 | Time plot: 0.69 | Simulation time: 17h 54m 20s
		64470 Time iteration: 0.79 | Time plot: 0.00 | Simulation time: 17h 54m 30s
		64480 Time iteration: 0.80 | Time plot: 0.69 | Simulation time: 17h 54m 40s
		64490 Time iteration: 0.77 | Time plot: 0.00 | Simulation time: 17h 54m 50s
		64500 Time iteration: 2.44 | Time plot: 0.68 | Simulation time: 17h 55m 0s
		64510 Time iteration: 0.76 | Time plot: 0.00 | Simulation time: 17h 55m 10s
		64520 Time iteration: 0.76 | Time plot: 0.66 | Simulation time: 17h 55m 20s
		64530 Time iteration: 0.77 | Time plot: 0.00 | Simulation time: 17h 55m 30s
		64540 Time iteration: 0.78 | Time plot: 0.66 | Simulation time: 17h 55m 40s
		64550 Time iteration: 0.78 | Time plot: 0.00 | Simulation time: 17h 55m 50s
		64560 Time iteration: 0.78 | Time plot: 0.66 | Simulation time: 17h 56m 0s
		64570 Time iteration: 0.76 | Time plot: 0.00 | Simulation time: 17h 56m 10s
		64580 Time iteration: 0.79 | Time plot: 0.66 | Simulation time: 17h 56m 20s
		64590 Time iteration: 0.77 | Time plot: 0.00 | Simulation time: 17h 56m 30s
		64600 Time iteration: 0.90 | Time plot: 0.68 | Simulation time: 17h 56m 40s
		64610 Time iteration: 0.78 | Time plot: 0.00 | Simulation time: 17h 56m 50s
		64620 Time iteration: 0.76 | Time plot: 0.67 | Simulation time: 17h 57m 0s
		64630 Time iteration: 0.76 | Time plot: 0.00 | Simulation time: 17h 57m 10s
		64640 Time iteration: 0.77 | Time plot: 0.68 | Simulation time: 17h 57m 20s
		64650 Time iteration: 0.78 | Time plot: 0.00 | Simulation time: 17h 57m 30s
		64660 Time iteration: 0.78 | Time plot: 0.65 | Simulation time: 17h 57m 40s
		64670 Time iteration: 0.76 | Time plot: 0.00 | Simulation time: 17h 57m 50s
		64680 Time iteration: 0.76 | Time plot: 0.67 | Simulation time: 17h 58m 0s
		64690 Time iteration: 0.75 | Time plot: 0.00 | Simulation time: 17h 58m 10s
		64700 Time iteration: 0.94 | Time plot: 1.05 | Simulation time: 17h 58m 20s
		64710 Time iteration: 0.74 | Time plot: 0.00 | Simulation time: 17h 58m 30s
		64720 Time iteration: 0.74 | Time plot: 0.77 | Simulation time: 17h 58m 40s
		64730 Time iteration: 0.75 | Time plot: 0.00 | Simulation time: 17h 58m 50s
		64740 Time iteration: 0.76 | Time plot: 0.88 | Simulation time: 17h 59m 0s
		64750 Time iteration: 0.76 | Time plot: 0.00 | Simulation time: 17h 59m 10s
		64760 Time iteration: 0.76 | Time plot: 0.75 | Simulation time: 17h 59m 20s
		64770 Time iteration: 0.75 | Time plot: 0.00 | Simulation time: 17h 59m 30s
		64780 Time iteration: 0.76 | Time plot: 0.78 | Simulation time: 17h 59m 40s
		64790 Time iteration: 0.76 | Time plot: 0.00 | Simulation time: 17h 59m 50s
		64800 Time iteration: 2.54 | Time plot: 1.24 | Simulation time: 18h 0m 0s
		64810 Time iteration: 0.77 | Time plot: 0.00 | Simulation time: 18h 0m 10s
		64820 Time iteration: 0.76 | Time plot: 0.75 | Simulation time: 18h 0m 20s
		64830 Time iteration: 0.77 | Time plot: 0.00 | Simulation time: 18h 0m 30s
		64840 Time iteration: 0.78 | Time plot: 0.69 | Simulation time: 18h 0m 40s
		64850 Time iteration: 0.78 | Time plot: 0.00 | Simulation time: 18h 0m 50s
		64860 Time iteration: 0.78 | Time plot: 0.70 | Simulation time: 18h 1m 0s
		64870 Time iteration: 0.78 | Time plot: 0.00 | Simulation time: 18h 1m 10s
		64880 Time iteration: 0.76 | Time plot: 0.76 | Simulation time: 18h 1m 20s
		64890 Time iteration: 0.77 | Time plot: 0.00 | Simulation time: 18h 1m 30s
		64900 Time iteration: 1.81 | Time plot: 0.83 | Simulation time: 18h 1m 40s
		64910 Time iteration: 0.76 | Time plot: 0.00 | Simulation time: 18h 1m 50s
		64920 Time iteration: 0.79 | Time plot: 0.68 | Simulation time: 18h 2m 0s
		64930 Time iteration: 0.76 | Time plot: 0.00 | Simulation time: 18h 2m 10s
		64940 Time iteration: 0.77 | Time plot: 0.70 | Simulation time: 18h 2m 20s
		64950 Time iteration: 0.76 | Time plot: 0.00 | Simulation time: 18h 2m 30s
		64960 Time iteration: 0.77 | Time plot: 0.72 | Simulation time: 18h 2m 40s
		64970 Time iteration: 0.76 | Time plot: 0.00 | Simulation time: 18h 2m 50s
		64980 Time iteration: 0.79 | Time plot: 0.71 | Simulation time: 18h 3m 0s
		64990 Time iteration: 0.76 | Time plot: 0.00 | Simulation time: 18h 3m 10s
		65000 Time iteration: 2.98 | Time plot: 1.09 | Simulation time: 18h 3m 20s
		65010 Time iteration: 0.77 | Time plot: 0.00 | Simulation time: 18h 3m 30s
		65020 Time iteration: 0.81 | Time plot: 0.72 | Simulation time: 18h 3m 40s
		65030 Time iteration: 0.79 | Time plot: 0.00 | Simulation time: 18h 3m 50s
		65040 Time iteration: 0.80 | Time plot: 0.79 | Simulation time: 18h 4m 0s
		65050 Time iteration: 0.81 | Time plot: 0.00 | Simulation time: 18h 4m 10s
		65060 Time iteration: 0.78 | Time plot: 0.69 | Simulation time: 18h 4m 20s
		65070 Time iteration: 0.80 | Time plot: 0.00 | Simulation time: 18h 4m 30s
		65080 Time iteration: 0.79 | Time plot: 0.69 | Simulation time: 18h 4m 40s
		65090 Time iteration: 0.77 | Time plot: 0.00 | Simulation time: 18h 4m 50s
		65100 Time iteration: 3.81 | Time plot: 1.56 | Simulation time: 18h 5m 0s
		65110 Time iteration: 0.82 | Time plot: 0.00 | Simulation time: 18h 5m 10s
		65120 Time iteration: 0.79 | Time plot: 1.03 | Simulation time: 18h 5m 20s
		65130 Time iteration: 0.80 | Time plot: 0.00 | Simulation time: 18h 5m 30s
		65140 Time iteration: 0.81 | Time plot: 0.99 | Simulation time: 18h 5m 40s
		65150 Time iteration: 0.81 | Time plot: 0.00 | Simulation time: 18h 5m 50s
		65160 Time iteration: 0.85 | Time plot: 0.81 | Simulation time: 18h 6m 0s
		65170 Time iteration: 0.79 | Time plot: 0.00 | Simulation time: 18h 6m 10s
		65180 Time iteration: 0.78 | Time plot: 0.77 | Simulation time: 18h 6m 20s
		65190 Time iteration: 0.79 | Time plot: 0.00 | Simulation time: 18h 6m 30s
		65200 Time iteration: 2.31 | Time plot: 2.04 | Simulation time: 18h 6m 40s
		65210 Time iteration: 0.80 | Time plot: 0.00 | Simulation time: 18h 6m 50s
		65220 Time iteration: 0.78 | Time plot: 0.81 | Simulation time: 18h 7m 0s
		65230 Time iteration: 0.79 | Time plot: 0.00 | Simulation time: 18h 7m 10s
		65240 Time iteration: 0.79 | Time plot: 0.67 | Simulation time: 18h 7m 20s
		65250 Time iteration: 0.79 | Time plot: 0.00 | Simulation time: 18h 7m 30s
		65260 Time iteration: 0.80 | Time plot: 0.67 | Simulation time: 18h 7m 40s
		65270 Time iteration: 0.80 | Time plot: 0.00 | Simulation time: 18h 7m 50s
		65280 Time iteration: 0.80 | Time plot: 0.70 | Simulation time: 18h 8m 0s
		65290 Time iteration: 0.78 | Time plot: 0.00 | Simulation time: 18h 8m 10s
		65300 Time iteration: 1.36 | Time plot: 1.18 | Simulation time: 18h 8m 20s
		65310 Time iteration: 0.79 | Time plot: 0.00 | Simulation time: 18h 8m 30s
		65320 Time iteration: 0.94 | Time plot: 0.94 | Simulation time: 18h 8m 40s
		65330 Time iteration: 0.80 | Time plot: 0.00 | Simulation time: 18h 8m 50s
		65340 Time iteration: 0.80 | Time plot: 0.69 | Simulation time: 18h 9m 0s
		65350 Time iteration: 0.80 | Time plot: 0.00 | Simulation time: 18h 9m 10s
		65360 Time iteration: 0.78 | Time plot: 0.70 | Simulation time: 18h 9m 20s
		65370 Time iteration: 0.78 | Time plot: 0.00 | Simulation time: 18h 9m 30s
		65380 Time iteration: 0.78 | Time plot: 1.62 | Simulation time: 18h 9m 40s
		65390 Time iteration: 0.80 | Time plot: 0.00 | Simulation time: 18h 9m 50s
		65400 Time iteration: 0.92 | Time plot: 0.86 | Simulation time: 18h 10m 0s
		65410 Time iteration: 0.79 | Time plot: 0.00 | Simulation time: 18h 10m 10s
		65420 Time iteration: 0.80 | Time plot: 0.92 | Simulation time: 18h 10m 20s
		65430 Time iteration: 0.79 | Time plot: 0.00 | Simulation time: 18h 10m 30s
		65440 Time iteration: 0.78 | Time plot: 1.19 | Simulation time: 18h 10m 40s
		65450 Time iteration: 0.79 | Time plot: 0.00 | Simulation time: 18h 10m 50s
		65460 Time iteration: 0.80 | Time plot: 1.09 | Simulation time: 18h 11m 0s
		65470 Time iteration: 0.78 | Time plot: 0.00 | Simulation time: 18h 11m 10s
		65480 Time iteration: 0.78 | Time plot: 0.80 | Simulation time: 18h 11m 20s
		65490 Time iteration: 0.79 | Time plot: 0.00 | Simulation time: 18h 11m 30s
		65500 Time iteration: 1.67 | Time plot: 0.82 | Simulation time: 18h 11m 40s
		65510 Time iteration: 0.78 | Time plot: 0.00 | Simulation time: 18h 11m 50s
		65520 Time iteration: 0.79 | Time plot: 0.70 | Simulation time: 18h 12m 0s
		65530 Time iteration: 0.80 | Time plot: 0.00 | Simulation time: 18h 12m 10s
		65540 Time iteration: 0.78 | Time plot: 0.69 | Simulation time: 18h 12m 20s
		65550 Time iteration: 0.79 | Time plot: 0.00 | Simulation time: 18h 12m 30s
		65560 Time iteration: 0.77 | Time plot: 0.66 | Simulation time: 18h 12m 40s
		65570 Time iteration: 0.78 | Time plot: 0.00 | Simulation time: 18h 12m 50s
		65580 Time iteration: 0.77 | Time plot: 0.67 | Simulation time: 18h 13m 0s
		65590 Time iteration: 0.79 | Time plot: 0.00 | Simulation time: 18h 13m 10s
		65600 Time iteration: 1.62 | Time plot: 0.68 | Simulation time: 18h 13m 20s
		65610 Time iteration: 0.80 | Time plot: 0.00 | Simulation time: 18h 13m 30s
		65620 Time iteration: 0.79 | Time plot: 0.66 | Simulation time: 18h 13m 40s
		65630 Time iteration: 0.78 | Time plot: 0.00 | Simulation time: 18h 13m 50s
		65640 Time iteration: 0.75 | Time plot: 0.67 | Simulation time: 18h 14m 0s
		65650 Time iteration: 0.75 | Time plot: 0.00 | Simulation time: 18h 14m 10s
		65660 Time iteration: 0.75 | Time plot: 0.67 | Simulation time: 18h 14m 20s
		65670 Time iteration: 0.74 | Time plot: 0.00 | Simulation time: 18h 14m 30s
		65680 Time iteration: 0.75 | Time plot: 0.67 | Simulation time: 18h 14m 40s
		65690 Time iteration: 0.76 | Time plot: 0.00 | Simulation time: 18h 14m 50s
		65700 Time iteration: 0.97 | Time plot: 0.70 | Simulation time: 18h 15m 0s
		65710 Time iteration: 0.74 | Time plot: 0.00 | Simulation time: 18h 15m 10s
		65720 Time iteration: 0.75 | Time plot: 0.67 | Simulation time: 18h 15m 20s
		65730 Time iteration: 0.80 | Time plot: 0.00 | Simulation time: 18h 15m 30s
		65740 Time iteration: 0.77 | Time plot: 1.29 | Simulation time: 18h 15m 40s
		65750 Time iteration: 0.75 | Time plot: 0.00 | Simulation time: 18h 15m 50s
		65760 Time iteration: 0.74 | Time plot: 0.68 | Simulation time: 18h 16m 0s
		65770 Time iteration: 0.74 | Time plot: 0.00 | Simulation time: 18h 16m 10s
		65780 Time iteration: 0.75 | Time plot: 0.95 | Simulation time: 18h 16m 20s
		65790 Time iteration: 0.76 | Time plot: 0.00 | Simulation time: 18h 16m 30s
		65800 Time iteration: 0.89 | Time plot: 1.27 | Simulation time: 18h 16m 40s
		65810 Time iteration: 0.74 | Time plot: 0.00 | Simulation time: 18h 16m 50s
		65820 Time iteration: 0.74 | Time plot: 0.71 | Simulation time: 18h 17m 0s
		65830 Time iteration: 0.74 | Time plot: 0.00 | Simulation time: 18h 17m 10s
		65840 Time iteration: 0.78 | Time plot: 0.67 | Simulation time: 18h 17m 20s
		65850 Time iteration: 0.76 | Time plot: 0.00 | Simulation time: 18h 17m 30s
		65860 Time iteration: 0.72 | Time plot: 0.67 | Simulation time: 18h 17m 40s
		65870 Time iteration: 0.72 | Time plot: 0.00 | Simulation time: 18h 17m 50s
		65880 Time iteration: 0.73 | Time plot: 0.69 | Simulation time: 18h 18m 0s
		65890 Time iteration: 0.73 | Time plot: 0.00 | Simulation time: 18h 18m 10s
		65900 Time iteration: 1.22 | Time plot: 0.96 | Simulation time: 18h 18m 20s
		65910 Time iteration: 0.72 | Time plot: 0.00 | Simulation time: 18h 18m 30s
		65920 Time iteration: 0.73 | Time plot: 0.66 | Simulation time: 18h 18m 40s
		65930 Time iteration: 0.73 | Time plot: 0.00 | Simulation time: 18h 18m 50s
		65940 Time iteration: 0.73 | Time plot: 1.71 | Simulation time: 18h 19m 0s
		65950 Time iteration: 0.73 | Time plot: 0.00 | Simulation time: 18h 19m 10s
		65960 Time iteration: 0.74 | Time plot: 0.84 | Simulation time: 18h 19m 20s
		65970 Time iteration: 0.73 | Time plot: 0.00 | Simulation time: 18h 19m 30s
		65980 Time iteration: 0.72 | Time plot: 0.82 | Simulation time: 18h 19m 40s
		65990 Time iteration: 0.74 | Time plot: 0.00 | Simulation time: 18h 19m 50s
		66000 Time iteration: 1.18 | Time plot: 0.68 | Simulation time: 18h 20m 0s
		66010 Time iteration: 0.76 | Time plot: 0.00 | Simulation time: 18h 20m 10s
		66020 Time iteration: 0.75 | Time plot: 0.69 | Simulation time: 18h 20m 20s
		66030 Time iteration: 0.77 | Time plot: 0.00 | Simulation time: 18h 20m 30s
		66040 Time iteration: 0.74 | Time plot: 0.67 | Simulation time: 18h 20m 40s
		66050 Time iteration: 0.74 | Time plot: 0.00 | Simulation time: 18h 20m 50s
		66060 Time iteration: 0.76 | Time plot: 0.74 | Simulation time: 18h 21m 0s
		66070 Time iteration: 0.75 | Time plot: 0.00 | Simulation time: 18h 21m 10s
		66080 Time iteration: 0.76 | Time plot: 0.68 | Simulation time: 18h 21m 20s
		66090 Time iteration: 0.74 | Time plot: 0.00 | Simulation time: 18h 21m 30s
		66100 Time iteration: 1.24 | Time plot: 0.94 | Simulation time: 18h 21m 40s
		66110 Time iteration: 0.77 | Time plot: 0.00 | Simulation time: 18h 21m 50s
		66120 Time iteration: 0.75 | Time plot: 1.03 | Simulation time: 18h 22m 0s
		66130 Time iteration: 0.75 | Time plot: 0.00 | Simulation time: 18h 22m 10s
		66140 Time iteration: 0.76 | Time plot: 0.70 | Simulation time: 18h 22m 20s
		66150 Time iteration: 0.75 | Time plot: 0.00 | Simulation time: 18h 22m 30s
		66160 Time iteration: 0.74 | Time plot: 0.73 | Simulation time: 18h 22m 40s
		66170 Time iteration: 0.74 | Time plot: 0.00 | Simulation time: 18h 22m 50s
		66180 Time iteration: 0.75 | Time plot: 0.76 | Simulation time: 18h 23m 0s
		66190 Time iteration: 0.79 | Time plot: 0.00 | Simulation time: 18h 23m 10s
		66200 Time iteration: 2.41 | Time plot: 1.14 | Simulation time: 18h 23m 20s
		66210 Time iteration: 0.74 | Time plot: 0.00 | Simulation time: 18h 23m 30s
		66220 Time iteration: 0.74 | Time plot: 0.78 | Simulation time: 18h 23m 40s
		66230 Time iteration: 0.74 | Time plot: 0.00 | Simulation time: 18h 23m 50s
		66240 Time iteration: 0.74 | Time plot: 0.71 | Simulation time: 18h 24m 0s
		66250 Time iteration: 0.76 | Time plot: 0.00 | Simulation time: 18h 24m 10s
		66260 Time iteration: 0.75 | Time plot: 0.68 | Simulation time: 18h 24m 20s
		66270 Time iteration: 0.74 | Time plot: 0.00 | Simulation time: 18h 24m 30s
		66280 Time iteration: 0.75 | Time plot: 0.68 | Simulation time: 18h 24m 40s
		66290 Time iteration: 0.76 | Time plot: 0.00 | Simulation time: 18h 24m 50s
		66300 Time iteration: 3.45 | Time plot: 1.43 | Simulation time: 18h 25m 0s
		66310 Time iteration: 0.77 | Time plot: 0.00 | Simulation time: 18h 25m 10s
		66320 Time iteration: 0.74 | Time plot: 0.95 | Simulation time: 18h 25m 20s
		66330 Time iteration: 0.75 | Time plot: 0.00 | Simulation time: 18h 25m 30s
		66340 Time iteration: 0.75 | Time plot: 0.93 | Simulation time: 18h 25m 40s
		66350 Time iteration: 0.75 | Time plot: 0.00 | Simulation time: 18h 25m 50s
		66360 Time iteration: 0.75 | Time plot: 0.76 | Simulation time: 18h 26m 0s
		66370 Time iteration: 0.74 | Time plot: 0.00 | Simulation time: 18h 26m 10s
		66380 Time iteration: 0.77 | Time plot: 0.85 | Simulation time: 18h 26m 20s
		66390 Time iteration: 0.75 | Time plot: 0.00 | Simulation time: 18h 26m 30s
		66400 Time iteration: 1.09 | Time plot: 0.94 | Simulation time: 18h 26m 40s
		66410 Time iteration: 0.77 | Time plot: 0.00 | Simulation time: 18h 26m 50s
		66420 Time iteration: 0.75 | Time plot: 1.04 | Simulation time: 18h 27m 0s
		66430 Time iteration: 0.74 | Time plot: 0.00 | Simulation time: 18h 27m 10s
		66440 Time iteration: 0.76 | Time plot: 0.89 | Simulation time: 18h 27m 20s
		66450 Time iteration: 0.78 | Time plot: 0.00 | Simulation time: 18h 27m 30s
		66460 Time iteration: 0.77 | Time plot: 0.96 | Simulation time: 18h 27m 40s
		66470 Time iteration: 0.77 | Time plot: 0.00 | Simulation time: 18h 27m 50s
		66480 Time iteration: 0.77 | Time plot: 0.94 | Simulation time: 18h 28m 0s
		66490 Time iteration: 0.76 | Time plot: 0.00 | Simulation time: 18h 28m 10s
		66500 Time iteration: 1.34 | Time plot: 1.17 | Simulation time: 18h 28m 20s
		66510 Time iteration: 0.80 | Time plot: 0.00 | Simulation time: 18h 28m 30s
		66520 Time iteration: 0.78 | Time plot: 0.81 | Simulation time: 18h 28m 40s
		66530 Time iteration: 0.78 | Time plot: 0.00 | Simulation time: 18h 28m 50s
		66540 Time iteration: 0.79 | Time plot: 0.70 | Simulation time: 18h 29m 0s
		66550 Time iteration: 0.77 | Time plot: 0.00 | Simulation time: 18h 29m 10s
		66560 Time iteration: 0.77 | Time plot: 0.68 | Simulation time: 18h 29m 20s
		66570 Time iteration: 0.76 | Time plot: 0.00 | Simulation time: 18h 29m 30s
		66580 Time iteration: 0.77 | Time plot: 0.69 | Simulation time: 18h 29m 40s
		66590 Time iteration: 0.76 | Time plot: 0.00 | Simulation time: 18h 29m 50s
		66600 Time iteration: 4.49 | Time plot: 0.93 | Simulation time: 18h 30m 0s
		66610 Time iteration: 0.77 | Time plot: 0.00 | Simulation time: 18h 30m 10s
		66620 Time iteration: 0.77 | Time plot: 0.80 | Simulation time: 18h 30m 20s
		66630 Time iteration: 0.92 | Time plot: 0.00 | Simulation time: 18h 30m 30s
		66640 Time iteration: 0.80 | Time plot: 0.71 | Simulation time: 18h 30m 40s
		66650 Time iteration: 0.80 | Time plot: 0.00 | Simulation time: 18h 30m 50s
		66660 Time iteration: 0.78 | Time plot: 0.67 | Simulation time: 18h 31m 0s
		66670 Time iteration: 0.79 | Time plot: 0.00 | Simulation time: 18h 31m 10s
		66680 Time iteration: 0.79 | Time plot: 0.67 | Simulation time: 18h 31m 20s
		66690 Time iteration: 0.78 | Time plot: 0.00 | Simulation time: 18h 31m 30s
		66700 Time iteration: 1.43 | Time plot: 0.68 | Simulation time: 18h 31m 40s
		66710 Time iteration: 0.77 | Time plot: 0.00 | Simulation time: 18h 31m 50s
		66720 Time iteration: 0.78 | Time plot: 0.66 | Simulation time: 18h 32m 0s
		66730 Time iteration: 0.77 | Time plot: 0.00 | Simulation time: 18h 32m 10s
		66740 Time iteration: 0.77 | Time plot: 0.66 | Simulation time: 18h 32m 20s
		66750 Time iteration: 0.79 | Time plot: 0.00 | Simulation time: 18h 32m 30s
		66760 Time iteration: 0.78 | Time plot: 0.66 | Simulation time: 18h 32m 40s
		66770 Time iteration: 0.77 | Time plot: 0.00 | Simulation time: 18h 32m 50s
		66780 Time iteration: 0.78 | Time plot: 0.68 | Simulation time: 18h 33m 0s
		66790 Time iteration: 0.78 | Time plot: 0.00 | Simulation time: 18h 33m 10s
		66800 Time iteration: 0.90 | Time plot: 0.67 | Simulation time: 18h 33m 20s
!! Cue_plane4_sat1: Observed Target 205 at off-nadir 0.0 deg
		66810 Time iteration: 1.04 | Time plot: 0.00 | Simulation time: 18h 33m 30s
		66820 Time iteration: 0.79 | Time plot: 0.68 | Simulation time: 18h 33m 40s
		66830 Time iteration: 0.76 | Time plot: 0.00 | Simulation time: 18h 33m 50s
		66840 Time iteration: 0.76 | Time plot: 0.68 | Simulation time: 18h 34m 0s
		66850 Time iteration: 0.79 | Time plot: 0.00 | Simulation time: 18h 34m 10s
		66860 Time iteration: 0.76 | Time plot: 0.66 | Simulation time: 18h 34m 20s
!! Cue_plane0_sat0: Confirmed Target 205=whale (actual=whale)
		66870 Time iteration: 0.88 | Time plot: 0.00 | Simulation time: 18h 34m 30s
!! Cue_plane3_sat1: Observed Target 445 at off-nadir 0.0 deg
		66880 Time iteration: 0.78 | Time plot: 0.82 | Simulation time: 18h 34m 40s
		66890 Time iteration: 0.79 | Time plot: 0.00 | Simulation time: 18h 34m 50s
		66900 Time iteration: 0.94 | Time plot: 0.88 | Simulation time: 18h 35m 0s
		66910 Time iteration: 0.76 | Time plot: 0.00 | Simulation time: 18h 35m 10s
		66920 Time iteration: 0.77 | Time plot: 0.71 | Simulation time: 18h 35m 20s
		66930 Time iteration: 0.77 | Time plot: 0.00 | Simulation time: 18h 35m 30s
!! Cue_plane0_sat0: Confirmed Target 445=whale (actual=whale)
		66940 Time iteration: 0.79 | Time plot: 0.70 | Simulation time: 18h 35m 40s
		66950 Time iteration: 0.77 | Time plot: 0.00 | Simulation time: 18h 35m 50s
		66960 Time iteration: 0.76 | Time plot: 0.73 | Simulation time: 18h 36m 0s
		66970 Time iteration: 0.78 | Time plot: 0.00 | Simulation time: 18h 36m 10s
		66980 Time iteration: 0.76 | Time plot: 0.68 | Simulation time: 18h 36m 20s
		66990 Time iteration: 0.77 | Time plot: 0.00 | Simulation time: 18h 36m 30s
		67000 Time iteration: 2.88 | Time plot: 0.88 | Simulation time: 18h 36m 40s
		67010 Time iteration: 0.76 | Time plot: 0.00 | Simulation time: 18h 36m 50s
		67020 Time iteration: 0.78 | Time plot: 0.73 | Simulation time: 18h 37m 0s
		67030 Time iteration: 0.79 | Time plot: 0.00 | Simulation time: 18h 37m 10s
		67040 Time iteration: 0.79 | Time plot: 1.06 | Simulation time: 18h 37m 20s
		67050 Time iteration: 0.82 | Time plot: 0.00 | Simulation time: 18h 37m 30s
		67060 Time iteration: 0.77 | Time plot: 0.80 | Simulation time: 18h 37m 40s
		67070 Time iteration: 0.77 | Time plot: 0.00 | Simulation time: 18h 37m 50s
		67080 Time iteration: 0.79 | Time plot: 0.73 | Simulation time: 18h 38m 0s
		67090 Time iteration: 0.79 | Time plot: 0.00 | Simulation time: 18h 38m 10s
		67100 Time iteration: 1.24 | Time plot: 1.19 | Simulation time: 18h 38m 20s
		67110 Time iteration: 0.77 | Time plot: 0.00 | Simulation time: 18h 38m 30s
		67120 Time iteration: 0.83 | Time plot: 0.68 | Simulation time: 18h 38m 40s
		67130 Time iteration: 0.76 | Time plot: 0.00 | Simulation time: 18h 38m 50s
		67140 Time iteration: 0.76 | Time plot: 0.68 | Simulation time: 18h 39m 0s
		67150 Time iteration: 0.97 | Time plot: 0.00 | Simulation time: 18h 39m 10s
		67160 Time iteration: 0.92 | Time plot: 0.75 | Simulation time: 18h 39m 20s
		67170 Time iteration: 0.79 | Time plot: 0.00 | Simulation time: 18h 39m 30s
		67180 Time iteration: 0.77 | Time plot: 0.68 | Simulation time: 18h 39m 40s
		67190 Time iteration: 0.79 | Time plot: 0.00 | Simulation time: 18h 39m 50s
		67200 Time iteration: 1.29 | Time plot: 1.29 | Simulation time: 18h 40m 0s
		67210 Time iteration: 0.77 | Time plot: 0.00 | Simulation time: 18h 40m 10s
		67220 Time iteration: 0.77 | Time plot: 1.02 | Simulation time: 18h 40m 20s
		67230 Time iteration: 0.78 | Time plot: 0.00 | Simulation time: 18h 40m 30s
		67240 Time iteration: 0.77 | Time plot: 0.85 | Simulation time: 18h 40m 40s
		67250 Time iteration: 0.78 | Time plot: 0.00 | Simulation time: 18h 40m 50s
		67260 Time iteration: 0.76 | Time plot: 0.85 | Simulation time: 18h 41m 0s
		67270 Time iteration: 0.77 | Time plot: 0.00 | Simulation time: 18h 41m 10s
		67280 Time iteration: 0.76 | Time plot: 0.68 | Simulation time: 18h 41m 20s
		67290 Time iteration: 0.76 | Time plot: 0.00 | Simulation time: 18h 41m 30s
		67300 Time iteration: 1.46 | Time plot: 0.96 | Simulation time: 18h 41m 40s
		67310 Time iteration: 0.80 | Time plot: 0.00 | Simulation time: 18h 41m 50s
		67320 Time iteration: 0.78 | Time plot: 0.67 | Simulation time: 18h 42m 0s
		67330 Time iteration: 0.75 | Time plot: 0.00 | Simulation time: 18h 42m 10s
		67340 Time iteration: 0.75 | Time plot: 0.87 | Simulation time: 18h 42m 20s
		67350 Time iteration: 0.78 | Time plot: 0.00 | Simulation time: 18h 42m 30s
		67360 Time iteration: 0.77 | Time plot: 0.91 | Simulation time: 18h 42m 40s
		67370 Time iteration: 0.78 | Time plot: 0.00 | Simulation time: 18h 42m 50s
		67380 Time iteration: 0.78 | Time plot: 1.00 | Simulation time: 18h 43m 0s
		67390 Time iteration: 0.78 | Time plot: 0.00 | Simulation time: 18h 43m 10s
		67400 Time iteration: 0.95 | Time plot: 1.01 | Simulation time: 18h 43m 20s
		67410 Time iteration: 0.77 | Time plot: 0.00 | Simulation time: 18h 43m 30s
		67420 Time iteration: 0.77 | Time plot: 1.02 | Simulation time: 18h 43m 40s
		67430 Time iteration: 0.77 | Time plot: 0.00 | Simulation time: 18h 43m 50s
		67440 Time iteration: 0.79 | Time plot: 0.85 | Simulation time: 18h 44m 0s
		67450 Time iteration: 0.77 | Time plot: 0.00 | Simulation time: 18h 44m 10s
		67460 Time iteration: 0.77 | Time plot: 0.76 | Simulation time: 18h 44m 20s
		67470 Time iteration: 0.78 | Time plot: 0.00 | Simulation time: 18h 44m 30s
		67480 Time iteration: 0.77 | Time plot: 0.71 | Simulation time: 18h 44m 40s
		67490 Time iteration: 0.77 | Time plot: 0.00 | Simulation time: 18h 44m 50s
		67500 Time iteration: 2.10 | Time plot: 1.65 | Simulation time: 18h 45m 0s
		67510 Time iteration: 0.78 | Time plot: 0.00 | Simulation time: 18h 45m 10s
		67520 Time iteration: 0.76 | Time plot: 0.79 | Simulation time: 18h 45m 20s
		67530 Time iteration: 0.78 | Time plot: 0.00 | Simulation time: 18h 45m 30s
		67540 Time iteration: 0.77 | Time plot: 0.82 | Simulation time: 18h 45m 40s
		67550 Time iteration: 0.77 | Time plot: 0.00 | Simulation time: 18h 45m 50s
		67560 Time iteration: 0.78 | Time plot: 0.92 | Simulation time: 18h 46m 0s
		67570 Time iteration: 0.79 | Time plot: 0.00 | Simulation time: 18h 46m 10s
		67580 Time iteration: 0.78 | Time plot: 0.82 | Simulation time: 18h 46m 20s
		67590 Time iteration: 0.79 | Time plot: 0.00 | Simulation time: 18h 46m 30s
		67600 Time iteration: 1.73 | Time plot: 0.83 | Simulation time: 18h 46m 40s
		67610 Time iteration: 0.78 | Time plot: 0.00 | Simulation time: 18h 46m 50s
		67620 Time iteration: 0.75 | Time plot: 0.69 | Simulation time: 18h 47m 0s
		67630 Time iteration: 0.75 | Time plot: 0.00 | Simulation time: 18h 47m 10s
		67640 Time iteration: 0.75 | Time plot: 0.68 | Simulation time: 18h 47m 20s
		67650 Time iteration: 0.78 | Time plot: 0.00 | Simulation time: 18h 47m 30s
		67660 Time iteration: 0.76 | Time plot: 0.68 | Simulation time: 18h 47m 40s
		67670 Time iteration: 0.76 | Time plot: 0.00 | Simulation time: 18h 47m 50s
		67680 Time iteration: 0.74 | Time plot: 0.69 | Simulation time: 18h 48m 0s
		67690 Time iteration: 0.76 | Time plot: 0.00 | Simulation time: 18h 48m 10s
		67700 Time iteration: 1.87 | Time plot: 1.29 | Simulation time: 18h 48m 20s
		67710 Time iteration: 0.78 | Time plot: 0.00 | Simulation time: 18h 48m 30s
		67720 Time iteration: 0.77 | Time plot: 0.85 | Simulation time: 18h 48m 40s
		67730 Time iteration: 0.77 | Time plot: 0.00 | Simulation time: 18h 48m 50s
		67740 Time iteration: 0.78 | Time plot: 0.67 | Simulation time: 18h 49m 0s
		67750 Time iteration: 0.77 | Time plot: 0.00 | Simulation time: 18h 49m 10s
		67760 Time iteration: 0.79 | Time plot: 0.69 | Simulation time: 18h 49m 20s
		67770 Time iteration: 0.77 | Time plot: 0.00 | Simulation time: 18h 49m 30s
		67780 Time iteration: 0.78 | Time plot: 0.66 | Simulation time: 18h 49m 40s
		67790 Time iteration: 0.78 | Time plot: 0.00 | Simulation time: 18h 49m 50s
		67800 Time iteration: 1.46 | Time plot: 0.67 | Simulation time: 18h 50m 0s
		67810 Time iteration: 0.77 | Time plot: 0.00 | Simulation time: 18h 50m 10s
		67820 Time iteration: 0.77 | Time plot: 0.70 | Simulation time: 18h 50m 20s
		67830 Time iteration: 0.76 | Time plot: 0.00 | Simulation time: 18h 50m 30s
		67840 Time iteration: 0.77 | Time plot: 0.66 | Simulation time: 18h 50m 40s
		67850 Time iteration: 0.77 | Time plot: 0.00 | Simulation time: 18h 50m 50s
		67860 Time iteration: 0.77 | Time plot: 0.67 | Simulation time: 18h 51m 0s
		67870 Time iteration: 0.79 | Time plot: 0.00 | Simulation time: 18h 51m 10s
		67880 Time iteration: 0.77 | Time plot: 0.66 | Simulation time: 18h 51m 20s
		67890 Time iteration: 0.78 | Time plot: 0.00 | Simulation time: 18h 51m 30s
		67900 Time iteration: 0.92 | Time plot: 0.68 | Simulation time: 18h 51m 40s
		67910 Time iteration: 0.77 | Time plot: 0.00 | Simulation time: 18h 51m 50s
		67920 Time iteration: 0.79 | Time plot: 0.66 | Simulation time: 18h 52m 0s
		67930 Time iteration: 0.78 | Time plot: 0.00 | Simulation time: 18h 52m 10s
		67940 Time iteration: 0.79 | Time plot: 0.68 | Simulation time: 18h 52m 20s
		67950 Time iteration: 0.79 | Time plot: 0.00 | Simulation time: 18h 52m 30s
		67960 Time iteration: 0.79 | Time plot: 0.66 | Simulation time: 18h 52m 40s
		67970 Time iteration: 0.79 | Time plot: 0.00 | Simulation time: 18h 52m 50s
		67980 Time iteration: 0.81 | Time plot: 0.70 | Simulation time: 18h 53m 0s
		67990 Time iteration: 0.78 | Time plot: 0.00 | Simulation time: 18h 53m 10s
		68000 Time iteration: 1.17 | Time plot: 1.15 | Simulation time: 18h 53m 20s
		68010 Time iteration: 0.84 | Time plot: 0.00 | Simulation time: 18h 53m 30s
		68020 Time iteration: 0.80 | Time plot: 1.37 | Simulation time: 18h 53m 40s
		68030 Time iteration: 0.79 | Time plot: 0.00 | Simulation time: 18h 53m 50s
		68040 Time iteration: 0.81 | Time plot: 1.04 | Simulation time: 18h 54m 0s
		68050 Time iteration: 0.79 | Time plot: 0.00 | Simulation time: 18h 54m 10s
		68060 Time iteration: 0.78 | Time plot: 0.90 | Simulation time: 18h 54m 20s
		68070 Time iteration: 0.77 | Time plot: 0.00 | Simulation time: 18h 54m 30s
		68080 Time iteration: 0.80 | Time plot: 0.92 | Simulation time: 18h 54m 40s
		68090 Time iteration: 0.81 | Time plot: 0.00 | Simulation time: 18h 54m 50s
		68100 Time iteration: 1.13 | Time plot: 1.22 | Simulation time: 18h 55m 0s
		68110 Time iteration: 0.80 | Time plot: 0.00 | Simulation time: 18h 55m 10s
		68120 Time iteration: 0.80 | Time plot: 0.76 | Simulation time: 18h 55m 20s
		68130 Time iteration: 0.79 | Time plot: 0.00 | Simulation time: 18h 55m 30s
		68140 Time iteration: 0.79 | Time plot: 0.69 | Simulation time: 18h 55m 40s
		68150 Time iteration: 0.79 | Time plot: 0.00 | Simulation time: 18h 55m 50s
		68160 Time iteration: 0.79 | Time plot: 0.69 | Simulation time: 18h 56m 0s
		68170 Time iteration: 0.81 | Time plot: 0.00 | Simulation time: 18h 56m 10s
		68180 Time iteration: 0.79 | Time plot: 0.70 | Simulation time: 18h 56m 20s
		68190 Time iteration: 0.79 | Time plot: 0.00 | Simulation time: 18h 56m 30s
		68200 Time iteration: 1.21 | Time plot: 1.51 | Simulation time: 18h 56m 40s
		68210 Time iteration: 0.79 | Time plot: 0.00 | Simulation time: 18h 56m 50s
		68220 Time iteration: 0.79 | Time plot: 0.68 | Simulation time: 18h 57m 0s
		68230 Time iteration: 0.79 | Time plot: 0.00 | Simulation time: 18h 57m 10s
		68240 Time iteration: 0.80 | Time plot: 0.70 | Simulation time: 18h 57m 20s
		68250 Time iteration: 0.80 | Time plot: 0.00 | Simulation time: 18h 57m 30s
		68260 Time iteration: 0.81 | Time plot: 1.48 | Simulation time: 18h 57m 40s
		68270 Time iteration: 0.80 | Time plot: 0.00 | Simulation time: 18h 57m 50s
		68280 Time iteration: 0.79 | Time plot: 1.03 | Simulation time: 18h 58m 0s
		68290 Time iteration: 0.80 | Time plot: 0.00 | Simulation time: 18h 58m 10s
		68300 Time iteration: 1.17 | Time plot: 0.95 | Simulation time: 18h 58m 20s
		68310 Time iteration: 0.78 | Time plot: 0.00 | Simulation time: 18h 58m 30s
		68320 Time iteration: 0.78 | Time plot: 0.92 | Simulation time: 18h 58m 40s
		68330 Time iteration: 0.81 | Time plot: 0.00 | Simulation time: 18h 58m 50s
		68340 Time iteration: 0.80 | Time plot: 0.70 | Simulation time: 18h 59m 0s
		68350 Time iteration: 0.78 | Time plot: 0.00 | Simulation time: 18h 59m 10s
		68360 Time iteration: 0.78 | Time plot: 0.69 | Simulation time: 18h 59m 20s
		68370 Time iteration: 0.80 | Time plot: 0.00 | Simulation time: 18h 59m 30s
		68380 Time iteration: 0.79 | Time plot: 0.68 | Simulation time: 18h 59m 40s
		68390 Time iteration: 0.80 | Time plot: 0.00 | Simulation time: 18h 59m 50s
		68400 Time iteration: 3.66 | Time plot: 1.29 | Simulation time: 19h 0m 0s
		68410 Time iteration: 0.79 | Time plot: 0.00 | Simulation time: 19h 0m 10s
		68420 Time iteration: 0.80 | Time plot: 1.20 | Simulation time: 19h 0m 20s
		68430 Time iteration: 0.79 | Time plot: 0.00 | Simulation time: 19h 0m 30s
		68440 Time iteration: 0.78 | Time plot: 0.94 | Simulation time: 19h 0m 40s
		68450 Time iteration: 0.83 | Time plot: 0.00 | Simulation time: 19h 0m 50s
		68460 Time iteration: 0.79 | Time plot: 0.76 | Simulation time: 19h 1m 0s
		68470 Time iteration: 0.78 | Time plot: 0.00 | Simulation time: 19h 1m 10s
		68480 Time iteration: 0.81 | Time plot: 0.77 | Simulation time: 19h 1m 20s
		68490 Time iteration: 0.79 | Time plot: 0.00 | Simulation time: 19h 1m 30s
		68500 Time iteration: 3.30 | Time plot: 0.96 | Simulation time: 19h 1m 40s
		68510 Time iteration: 0.80 | Time plot: 0.00 | Simulation time: 19h 1m 50s
		68520 Time iteration: 0.80 | Time plot: 0.99 | Simulation time: 19h 2m 0s
		68530 Time iteration: 0.81 | Time plot: 0.00 | Simulation time: 19h 2m 10s
		68540 Time iteration: 0.78 | Time plot: 0.88 | Simulation time: 19h 2m 20s
		68550 Time iteration: 0.79 | Time plot: 0.00 | Simulation time: 19h 2m 30s
		68560 Time iteration: 0.75 | Time plot: 1.09 | Simulation time: 19h 2m 40s
		68570 Time iteration: 0.75 | Time plot: 0.00 | Simulation time: 19h 2m 50s
		68580 Time iteration: 0.76 | Time plot: 0.90 | Simulation time: 19h 3m 0s
		68590 Time iteration: 0.77 | Time plot: 0.00 | Simulation time: 19h 3m 10s
		68600 Time iteration: 1.32 | Time plot: 1.78 | Simulation time: 19h 3m 20s
		68610 Time iteration: 0.76 | Time plot: 0.00 | Simulation time: 19h 3m 30s
		68620 Time iteration: 0.75 | Time plot: 0.77 | Simulation time: 19h 3m 40s
		68630 Time iteration: 0.75 | Time plot: 0.00 | Simulation time: 19h 3m 50s
		68640 Time iteration: 0.75 | Time plot: 0.67 | Simulation time: 19h 4m 0s
		68650 Time iteration: 0.80 | Time plot: 0.00 | Simulation time: 19h 4m 10s
		68660 Time iteration: 0.75 | Time plot: 0.69 | Simulation time: 19h 4m 20s
		68670 Time iteration: 0.75 | Time plot: 0.00 | Simulation time: 19h 4m 30s
		68680 Time iteration: 0.74 | Time plot: 0.71 | Simulation time: 19h 4m 40s
		68690 Time iteration: 0.74 | Time plot: 0.00 | Simulation time: 19h 4m 50s
		68700 Time iteration: 3.06 | Time plot: 0.80 | Simulation time: 19h 5m 0s
		68710 Time iteration: 0.77 | Time plot: 0.00 | Simulation time: 19h 5m 10s
		68720 Time iteration: 0.76 | Time plot: 0.72 | Simulation time: 19h 5m 20s
		68730 Time iteration: 0.75 | Time plot: 0.00 | Simulation time: 19h 5m 30s
		68740 Time iteration: 0.75 | Time plot: 0.66 | Simulation time: 19h 5m 40s
		68750 Time iteration: 0.74 | Time plot: 0.00 | Simulation time: 19h 5m 50s
		68760 Time iteration: 0.76 | Time plot: 0.71 | Simulation time: 19h 6m 0s
		68770 Time iteration: 0.73 | Time plot: 0.00 | Simulation time: 19h 6m 10s
		68780 Time iteration: 0.73 | Time plot: 0.67 | Simulation time: 19h 6m 20s
		68790 Time iteration: 0.73 | Time plot: 0.00 | Simulation time: 19h 6m 30s
		68800 Time iteration: 2.83 | Time plot: 0.66 | Simulation time: 19h 6m 40s
		68810 Time iteration: 0.74 | Time plot: 0.00 | Simulation time: 19h 6m 50s
		68820 Time iteration: 0.73 | Time plot: 0.67 | Simulation time: 19h 7m 0s
		68830 Time iteration: 0.73 | Time plot: 0.00 | Simulation time: 19h 7m 10s
		68840 Time iteration: 0.74 | Time plot: 0.67 | Simulation time: 19h 7m 20s
		68850 Time iteration: 0.74 | Time plot: 0.00 | Simulation time: 19h 7m 30s
		68860 Time iteration: 0.73 | Time plot: 0.66 | Simulation time: 19h 7m 40s
		68870 Time iteration: 0.73 | Time plot: 0.00 | Simulation time: 19h 7m 50s
		68880 Time iteration: 0.72 | Time plot: 0.67 | Simulation time: 19h 8m 0s
		68890 Time iteration: 0.74 | Time plot: 0.00 | Simulation time: 19h 8m 10s
		68900 Time iteration: 0.91 | Time plot: 0.67 | Simulation time: 19h 8m 20s
		68910 Time iteration: 0.76 | Time plot: 0.00 | Simulation time: 19h 8m 30s
		68920 Time iteration: 0.78 | Time plot: 0.68 | Simulation time: 19h 8m 40s
		68930 Time iteration: 0.77 | Time plot: 0.00 | Simulation time: 19h 8m 50s
		68940 Time iteration: 0.77 | Time plot: 0.71 | Simulation time: 19h 9m 0s
		68950 Time iteration: 0.80 | Time plot: 0.00 | Simulation time: 19h 9m 10s
		68960 Time iteration: 0.76 | Time plot: 0.70 | Simulation time: 19h 9m 20s
		68970 Time iteration: 0.79 | Time plot: 0.00 | Simulation time: 19h 9m 30s
		68980 Time iteration: 0.89 | Time plot: 0.82 | Simulation time: 19h 9m 40s
		68990 Time iteration: 0.82 | Time plot: 0.00 | Simulation time: 19h 9m 50s
		69000 Time iteration: 3.33 | Time plot: 1.19 | Simulation time: 19h 10m 0s
		69010 Time iteration: 0.85 | Time plot: 0.00 | Simulation time: 19h 10m 10s
		69020 Time iteration: 0.82 | Time plot: 1.00 | Simulation time: 19h 10m 20s
		69030 Time iteration: 0.82 | Time plot: 0.00 | Simulation time: 19h 10m 30s
		69040 Time iteration: 0.85 | Time plot: 0.96 | Simulation time: 19h 10m 40s
		69050 Time iteration: 0.84 | Time plot: 0.00 | Simulation time: 19h 10m 50s
		69060 Time iteration: 0.84 | Time plot: 0.76 | Simulation time: 19h 11m 0s
		69070 Time iteration: 0.83 | Time plot: 0.00 | Simulation time: 19h 11m 10s
		69080 Time iteration: 0.83 | Time plot: 0.73 | Simulation time: 19h 11m 20s
		69090 Time iteration: 0.81 | Time plot: 0.00 | Simulation time: 19h 11m 30s
		69100 Time iteration: 4.18 | Time plot: 1.75 | Simulation time: 19h 11m 40s
		69110 Time iteration: 0.95 | Time plot: 0.00 | Simulation time: 19h 11m 50s
		69120 Time iteration: 0.92 | Time plot: 1.04 | Simulation time: 19h 12m 0s
		69130 Time iteration: 0.94 | Time plot: 0.00 | Simulation time: 19h 12m 10s
		69140 Time iteration: 1.36 | Time plot: 1.40 | Simulation time: 19h 12m 20s
		69150 Time iteration: 1.34 | Time plot: 0.00 | Simulation time: 19h 12m 30s
		69160 Time iteration: 1.06 | Time plot: 1.06 | Simulation time: 19h 12m 40s
		69170 Time iteration: 1.35 | Time plot: 0.00 | Simulation time: 19h 12m 50s
		69180 Time iteration: 1.39 | Time plot: 1.08 | Simulation time: 19h 13m 0s
		69190 Time iteration: 0.96 | Time plot: 0.00 | Simulation time: 19h 13m 10s
		69200 Time iteration: 3.33 | Time plot: 0.66 | Simulation time: 19h 13m 20s
		69210 Time iteration: 0.76 | Time plot: 0.00 | Simulation time: 19h 13m 30s
		69220 Time iteration: 0.74 | Time plot: 0.68 | Simulation time: 19h 13m 40s
		69230 Time iteration: 0.74 | Time plot: 0.00 | Simulation time: 19h 13m 50s
		69240 Time iteration: 0.74 | Time plot: 0.68 | Simulation time: 19h 14m 0s
		69250 Time iteration: 0.75 | Time plot: 0.00 | Simulation time: 19h 14m 10s
!! Cue_plane0_sat1: Observed Target 296 at off-nadir 0.0 deg
		69260 Time iteration: 2.06 | Time plot: 0.75 | Simulation time: 19h 14m 20s
		69270 Time iteration: 0.76 | Time plot: 0.00 | Simulation time: 19h 14m 30s
		69280 Time iteration: 0.76 | Time plot: 0.66 | Simulation time: 19h 14m 40s
		69290 Time iteration: 0.78 | Time plot: 0.00 | Simulation time: 19h 14m 50s
		69300 Time iteration: 0.91 | Time plot: 0.67 | Simulation time: 19h 15m 0s
		69310 Time iteration: 0.76 | Time plot: 0.00 | Simulation time: 19h 15m 10s
		69320 Time iteration: 0.75 | Time plot: 0.69 | Simulation time: 19h 15m 20s
!! Cue_plane0_sat1: Confirmed Target 296=whale (actual=whale)
		69330 Time iteration: 0.74 | Time plot: 0.00 | Simulation time: 19h 15m 30s
		69340 Time iteration: 0.76 | Time plot: 0.67 | Simulation time: 19h 15m 40s
		69350 Time iteration: 0.74 | Time plot: 0.00 | Simulation time: 19h 15m 50s
		69360 Time iteration: 0.77 | Time plot: 0.68 | Simulation time: 19h 16m 0s
		69370 Time iteration: 0.73 | Time plot: 0.00 | Simulation time: 19h 16m 10s
		69380 Time iteration: 0.76 | Time plot: 0.69 | Simulation time: 19h 16m 20s
		69390 Time iteration: 0.77 | Time plot: 0.00 | Simulation time: 19h 16m 30s
		69400 Time iteration: 0.93 | Time plot: 0.69 | Simulation time: 19h 16m 40s
		69410 Time iteration: 0.79 | Time plot: 0.00 | Simulation time: 19h 16m 50s
		69420 Time iteration: 0.85 | Time plot: 0.98 | Simulation time: 19h 17m 0s
		69430 Time iteration: 0.78 | Time plot: 0.00 | Simulation time: 19h 17m 10s
		69440 Time iteration: 0.77 | Time plot: 0.66 | Simulation time: 19h 17m 20s
		69450 Time iteration: 0.77 | Time plot: 0.00 | Simulation time: 19h 17m 30s
		69460 Time iteration: 0.77 | Time plot: 0.67 | Simulation time: 19h 17m 40s
		69470 Time iteration: 0.77 | Time plot: 0.00 | Simulation time: 19h 17m 50s
		69480 Time iteration: 0.77 | Time plot: 0.68 | Simulation time: 19h 18m 0s
		69490 Time iteration: 0.77 | Time plot: 0.00 | Simulation time: 19h 18m 10s
		69500 Time iteration: 1.11 | Time plot: 0.88 | Simulation time: 19h 18m 20s
		69510 Time iteration: 0.76 | Time plot: 0.00 | Simulation time: 19h 18m 30s
		69520 Time iteration: 0.77 | Time plot: 0.67 | Simulation time: 19h 18m 40s
		69530 Time iteration: 0.80 | Time plot: 0.00 | Simulation time: 19h 18m 50s
		69540 Time iteration: 0.75 | Time plot: 0.66 | Simulation time: 19h 19m 0s
		69550 Time iteration: 0.76 | Time plot: 0.00 | Simulation time: 19h 19m 10s
		69560 Time iteration: 0.77 | Time plot: 1.19 | Simulation time: 19h 19m 20s
		69570 Time iteration: 0.76 | Time plot: 0.00 | Simulation time: 19h 19m 30s
		69580 Time iteration: 0.82 | Time plot: 0.66 | Simulation time: 19h 19m 40s
		69590 Time iteration: 0.75 | Time plot: 0.00 | Simulation time: 19h 19m 50s
		69600 Time iteration: 0.91 | Time plot: 0.72 | Simulation time: 19h 20m 0s
		69610 Time iteration: 0.78 | Time plot: 0.00 | Simulation time: 19h 20m 10s
		69620 Time iteration: 0.75 | Time plot: 0.73 | Simulation time: 19h 20m 20s
		69630 Time iteration: 0.77 | Time plot: 0.00 | Simulation time: 19h 20m 30s
		69640 Time iteration: 0.77 | Time plot: 0.76 | Simulation time: 19h 20m 40s
		69650 Time iteration: 0.76 | Time plot: 0.00 | Simulation time: 19h 20m 50s
		69660 Time iteration: 0.80 | Time plot: 0.74 | Simulation time: 19h 21m 0s
		69670 Time iteration: 0.76 | Time plot: 0.00 | Simulation time: 19h 21m 10s
		69680 Time iteration: 0.78 | Time plot: 0.73 | Simulation time: 19h 21m 20s
		69690 Time iteration: 0.78 | Time plot: 0.00 | Simulation time: 19h 21m 30s
		69700 Time iteration: 2.21 | Time plot: 1.44 | Simulation time: 19h 21m 40s
		69710 Time iteration: 0.77 | Time plot: 0.00 | Simulation time: 19h 21m 50s
		69720 Time iteration: 0.78 | Time plot: 0.90 | Simulation time: 19h 22m 0s
		69730 Time iteration: 0.79 | Time plot: 0.00 | Simulation time: 19h 22m 10s
		69740 Time iteration: 0.80 | Time plot: 0.69 | Simulation time: 19h 22m 20s
		69750 Time iteration: 0.80 | Time plot: 0.00 | Simulation time: 19h 22m 30s
		69760 Time iteration: 0.76 | Time plot: 0.69 | Simulation time: 19h 22m 40s
		69770 Time iteration: 0.77 | Time plot: 0.00 | Simulation time: 19h 22m 50s
		69780 Time iteration: 0.80 | Time plot: 0.72 | Simulation time: 19h 23m 0s
		69790 Time iteration: 0.78 | Time plot: 0.00 | Simulation time: 19h 23m 10s
		69800 Time iteration: 2.97 | Time plot: 1.24 | Simulation time: 19h 23m 20s
		69810 Time iteration: 0.76 | Time plot: 0.00 | Simulation time: 19h 23m 30s
		69820 Time iteration: 0.78 | Time plot: 0.91 | Simulation time: 19h 23m 40s
		69830 Time iteration: 0.79 | Time plot: 0.00 | Simulation time: 19h 23m 50s
		69840 Time iteration: 0.77 | Time plot: 0.78 | Simulation time: 19h 24m 0s
		69850 Time iteration: 0.80 | Time plot: 0.00 | Simulation time: 19h 24m 10s
		69860 Time iteration: 0.77 | Time plot: 0.67 | Simulation time: 19h 24m 20s
		69870 Time iteration: 0.78 | Time plot: 0.00 | Simulation time: 19h 24m 30s
		69880 Time iteration: 0.78 | Time plot: 0.68 | Simulation time: 19h 24m 40s
		69890 Time iteration: 0.79 | Time plot: 0.00 | Simulation time: 19h 24m 50s
		69900 Time iteration: 1.61 | Time plot: 0.67 | Simulation time: 19h 25m 0s
		69910 Time iteration: 0.78 | Time plot: 0.00 | Simulation time: 19h 25m 10s
		69920 Time iteration: 0.79 | Time plot: 0.72 | Simulation time: 19h 25m 20s
		69930 Time iteration: 0.79 | Time plot: 0.00 | Simulation time: 19h 25m 30s
		69940 Time iteration: 0.78 | Time plot: 0.67 | Simulation time: 19h 25m 40s
		69950 Time iteration: 0.78 | Time plot: 0.00 | Simulation time: 19h 25m 50s
		69960 Time iteration: 0.78 | Time plot: 0.67 | Simulation time: 19h 26m 0s
		69970 Time iteration: 0.78 | Time plot: 0.00 | Simulation time: 19h 26m 10s
		69980 Time iteration: 0.79 | Time plot: 0.67 | Simulation time: 19h 26m 20s
		69990 Time iteration: 0.79 | Time plot: 0.00 | Simulation time: 19h 26m 30s
		70000 Time iteration: 0.95 | Time plot: 0.72 | Simulation time: 19h 26m 40s
		70010 Time iteration: 0.77 | Time plot: 0.00 | Simulation time: 19h 26m 50s
		70020 Time iteration: 0.78 | Time plot: 1.07 | Simulation time: 19h 27m 0s
		70030 Time iteration: 0.77 | Time plot: 0.00 | Simulation time: 19h 27m 10s
		70040 Time iteration: 0.77 | Time plot: 0.85 | Simulation time: 19h 27m 20s
		70050 Time iteration: 0.77 | Time plot: 0.00 | Simulation time: 19h 27m 30s
		70060 Time iteration: 0.78 | Time plot: 0.72 | Simulation time: 19h 27m 40s
		70070 Time iteration: 0.77 | Time plot: 0.00 | Simulation time: 19h 27m 50s
		70080 Time iteration: 0.77 | Time plot: 0.69 | Simulation time: 19h 28m 0s
		70090 Time iteration: 0.79 | Time plot: 0.00 | Simulation time: 19h 28m 10s
		70100 Time iteration: 1.57 | Time plot: 1.28 | Simulation time: 19h 28m 20s
		70110 Time iteration: 0.77 | Time plot: 0.00 | Simulation time: 19h 28m 30s
		70120 Time iteration: 0.79 | Time plot: 0.79 | Simulation time: 19h 28m 40s
		70130 Time iteration: 0.78 | Time plot: 0.00 | Simulation time: 19h 28m 50s
		70140 Time iteration: 0.78 | Time plot: 0.77 | Simulation time: 19h 29m 0s
		70150 Time iteration: 0.78 | Time plot: 0.00 | Simulation time: 19h 29m 10s
		70160 Time iteration: 0.78 | Time plot: 0.80 | Simulation time: 19h 29m 20s
		70170 Time iteration: 0.78 | Time plot: 0.00 | Simulation time: 19h 29m 30s
		70180 Time iteration: 0.77 | Time plot: 0.74 | Simulation time: 19h 29m 40s
		70190 Time iteration: 0.81 | Time plot: 0.00 | Simulation time: 19h 29m 50s
		70200 Time iteration: 3.43 | Time plot: 1.47 | Simulation time: 19h 30m 0s
		70210 Time iteration: 0.77 | Time plot: 0.00 | Simulation time: 19h 30m 10s
		70220 Time iteration: 0.78 | Time plot: 0.68 | Simulation time: 19h 30m 20s
		70230 Time iteration: 0.77 | Time plot: 0.00 | Simulation time: 19h 30m 30s
		70240 Time iteration: 0.82 | Time plot: 0.84 | Simulation time: 19h 30m 40s
		70250 Time iteration: 0.75 | Time plot: 0.00 | Simulation time: 19h 30m 50s
		70260 Time iteration: 0.78 | Time plot: 0.85 | Simulation time: 19h 31m 0s
		70270 Time iteration: 0.78 | Time plot: 0.00 | Simulation time: 19h 31m 10s
		70280 Time iteration: 0.78 | Time plot: 0.67 | Simulation time: 19h 31m 20s
		70290 Time iteration: 0.80 | Time plot: 0.00 | Simulation time: 19h 31m 30s
		70300 Time iteration: 1.97 | Time plot: 1.07 | Simulation time: 19h 31m 40s
		70310 Time iteration: 0.78 | Time plot: 0.00 | Simulation time: 19h 31m 50s
		70320 Time iteration: 0.78 | Time plot: 0.87 | Simulation time: 19h 32m 0s
		70330 Time iteration: 0.79 | Time plot: 0.00 | Simulation time: 19h 32m 10s
		70340 Time iteration: 0.79 | Time plot: 0.69 | Simulation time: 19h 32m 20s
		70350 Time iteration: 0.78 | Time plot: 0.00 | Simulation time: 19h 32m 30s
		70360 Time iteration: 0.79 | Time plot: 0.68 | Simulation time: 19h 32m 40s
		70370 Time iteration: 0.78 | Time plot: 0.00 | Simulation time: 19h 32m 50s
		70380 Time iteration: 0.77 | Time plot: 0.68 | Simulation time: 19h 33m 0s
		70390 Time iteration: 0.77 | Time plot: 0.00 | Simulation time: 19h 33m 10s
		70400 Time iteration: 3.32 | Time plot: 1.57 | Simulation time: 19h 33m 20s
		70410 Time iteration: 0.77 | Time plot: 0.00 | Simulation time: 19h 33m 30s
		70420 Time iteration: 0.78 | Time plot: 1.01 | Simulation time: 19h 33m 40s
		70430 Time iteration: 0.79 | Time plot: 0.00 | Simulation time: 19h 33m 50s
		70440 Time iteration: 0.78 | Time plot: 0.85 | Simulation time: 19h 34m 0s
		70450 Time iteration: 0.77 | Time plot: 0.00 | Simulation time: 19h 34m 10s
		70460 Time iteration: 0.77 | Time plot: 0.67 | Simulation time: 19h 34m 20s
		70470 Time iteration: 0.78 | Time plot: 0.00 | Simulation time: 19h 34m 30s
		70480 Time iteration: 0.79 | Time plot: 0.69 | Simulation time: 19h 34m 40s
		70490 Time iteration: 0.80 | Time plot: 0.00 | Simulation time: 19h 34m 50s
		70500 Time iteration: 3.10 | Time plot: 1.09 | Simulation time: 19h 35m 0s
		70510 Time iteration: 0.79 | Time plot: 0.00 | Simulation time: 19h 35m 10s
		70520 Time iteration: 0.78 | Time plot: 0.70 | Simulation time: 19h 35m 20s
		70530 Time iteration: 0.76 | Time plot: 0.00 | Simulation time: 19h 35m 30s
		70540 Time iteration: 0.78 | Time plot: 0.71 | Simulation time: 19h 35m 40s
		70550 Time iteration: 0.77 | Time plot: 0.00 | Simulation time: 19h 35m 50s
		70560 Time iteration: 0.76 | Time plot: 0.75 | Simulation time: 19h 36m 0s
		70570 Time iteration: 0.76 | Time plot: 0.00 | Simulation time: 19h 36m 10s
		70580 Time iteration: 0.76 | Time plot: 0.67 | Simulation time: 19h 36m 20s
		70590 Time iteration: 0.77 | Time plot: 0.00 | Simulation time: 19h 36m 30s
		70600 Time iteration: 3.58 | Time plot: 0.84 | Simulation time: 19h 36m 40s
		70610 Time iteration: 0.79 | Time plot: 0.00 | Simulation time: 19h 36m 50s
		70620 Time iteration: 0.77 | Time plot: 0.70 | Simulation time: 19h 37m 0s
		70630 Time iteration: 0.78 | Time plot: 0.00 | Simulation time: 19h 37m 10s
		70640 Time iteration: 0.78 | Time plot: 0.68 | Simulation time: 19h 37m 20s
		70650 Time iteration: 0.78 | Time plot: 0.00 | Simulation time: 19h 37m 30s
		70660 Time iteration: 0.80 | Time plot: 0.69 | Simulation time: 19h 37m 40s
		70670 Time iteration: 0.78 | Time plot: 0.00 | Simulation time: 19h 37m 50s
		70680 Time iteration: 0.80 | Time plot: 0.70 | Simulation time: 19h 38m 0s
		70690 Time iteration: 0.80 | Time plot: 0.00 | Simulation time: 19h 38m 10s
		70700 Time iteration: 4.01 | Time plot: 1.10 | Simulation time: 19h 38m 20s
		70710 Time iteration: 0.79 | Time plot: 0.00 | Simulation time: 19h 38m 30s
		70720 Time iteration: 0.78 | Time plot: 1.39 | Simulation time: 19h 38m 40s
		70730 Time iteration: 0.77 | Time plot: 0.00 | Simulation time: 19h 38m 50s
		70740 Time iteration: 0.78 | Time plot: 0.67 | Simulation time: 19h 39m 0s
		70750 Time iteration: 0.79 | Time plot: 0.00 | Simulation time: 19h 39m 10s
		70760 Time iteration: 0.78 | Time plot: 0.89 | Simulation time: 19h 39m 20s
		70770 Time iteration: 0.78 | Time plot: 0.00 | Simulation time: 19h 39m 30s
		70780 Time iteration: 0.78 | Time plot: 0.69 | Simulation time: 19h 39m 40s
		70790 Time iteration: 0.78 | Time plot: 0.00 | Simulation time: 19h 39m 50s
		70800 Time iteration: 1.47 | Time plot: 1.04 | Simulation time: 19h 40m 0s
		70810 Time iteration: 0.79 | Time plot: 0.00 | Simulation time: 19h 40m 10s
		70820 Time iteration: 0.77 | Time plot: 1.00 | Simulation time: 19h 40m 20s
		70830 Time iteration: 0.78 | Time plot: 0.00 | Simulation time: 19h 40m 30s
		70840 Time iteration: 0.80 | Time plot: 0.84 | Simulation time: 19h 40m 40s
!! Cue_plane0_sat1: Observed Target 499 at off-nadir 0.0 deg
		70850 Time iteration: 0.80 | Time plot: 0.00 | Simulation time: 19h 40m 50s
		70860 Time iteration: 0.80 | Time plot: 0.68 | Simulation time: 19h 41m 0s
		70870 Time iteration: 0.79 | Time plot: 0.00 | Simulation time: 19h 41m 10s
		70880 Time iteration: 0.79 | Time plot: 0.67 | Simulation time: 19h 41m 20s
		70890 Time iteration: 0.81 | Time plot: 0.00 | Simulation time: 19h 41m 30s
		70900 Time iteration: 1.35 | Time plot: 0.66 | Simulation time: 19h 41m 40s
!! Cue_plane0_sat0: Confirmed Target 499=whale (actual=whale)
		70910 Time iteration: 0.79 | Time plot: 0.00 | Simulation time: 19h 41m 50s
		70920 Time iteration: 0.80 | Time plot: 0.67 | Simulation time: 19h 42m 0s
!! Cue_plane3_sat1: Observed Target 373 at off-nadir 0.0 deg
		70930 Time iteration: 0.86 | Time plot: 0.00 | Simulation time: 19h 42m 10s
		70940 Time iteration: 0.81 | Time plot: 0.67 | Simulation time: 19h 42m 20s
		70950 Time iteration: 0.79 | Time plot: 0.00 | Simulation time: 19h 42m 30s
		70960 Time iteration: 0.80 | Time plot: 0.67 | Simulation time: 19h 42m 40s
		70970 Time iteration: 0.81 | Time plot: 0.00 | Simulation time: 19h 42m 50s
		70980 Time iteration: 0.79 | Time plot: 0.67 | Simulation time: 19h 43m 0s
!! Cue_plane0_sat0: Confirmed Target 373=whale (actual=whale)
		70990 Time iteration: 1.14 | Time plot: 0.00 | Simulation time: 19h 43m 10s
		71000 Time iteration: 0.97 | Time plot: 0.68 | Simulation time: 19h 43m 20s
		71010 Time iteration: 0.79 | Time plot: 0.00 | Simulation time: 19h 43m 30s
		71020 Time iteration: 0.80 | Time plot: 0.66 | Simulation time: 19h 43m 40s
		71030 Time iteration: 0.81 | Time plot: 0.00 | Simulation time: 19h 43m 50s
		71040 Time iteration: 0.79 | Time plot: 0.70 | Simulation time: 19h 44m 0s
		71050 Time iteration: 0.80 | Time plot: 0.00 | Simulation time: 19h 44m 10s
		71060 Time iteration: 0.82 | Time plot: 0.68 | Simulation time: 19h 44m 20s
		71070 Time iteration: 0.84 | Time plot: 0.00 | Simulation time: 19h 44m 30s
		71080 Time iteration: 0.80 | Time plot: 0.69 | Simulation time: 19h 44m 40s
		71090 Time iteration: 0.81 | Time plot: 0.00 | Simulation time: 19h 44m 50s
		71100 Time iteration: 1.33 | Time plot: 1.47 | Simulation time: 19h 45m 0s
		71110 Time iteration: 0.81 | Time plot: 0.00 | Simulation time: 19h 45m 10s
		71120 Time iteration: 0.80 | Time plot: 0.83 | Simulation time: 19h 45m 20s
		71130 Time iteration: 0.80 | Time plot: 0.00 | Simulation time: 19h 45m 30s
		71140 Time iteration: 0.88 | Time plot: 0.78 | Simulation time: 19h 45m 40s
		71150 Time iteration: 0.92 | Time plot: 0.00 | Simulation time: 19h 45m 50s
		71160 Time iteration: 0.81 | Time plot: 0.79 | Simulation time: 19h 46m 0s
		71170 Time iteration: 0.79 | Time plot: 0.00 | Simulation time: 19h 46m 10s
		71180 Time iteration: 0.79 | Time plot: 0.69 | Simulation time: 19h 46m 20s
		71190 Time iteration: 0.79 | Time plot: 0.00 | Simulation time: 19h 46m 30s
		71200 Time iteration: 1.46 | Time plot: 0.80 | Simulation time: 19h 46m 40s
		71210 Time iteration: 0.79 | Time plot: 0.00 | Simulation time: 19h 46m 50s
		71220 Time iteration: 0.82 | Time plot: 0.71 | Simulation time: 19h 47m 0s
		71230 Time iteration: 0.84 | Time plot: 0.00 | Simulation time: 19h 47m 10s
		71240 Time iteration: 0.80 | Time plot: 2.00 | Simulation time: 19h 47m 20s
		71250 Time iteration: 0.79 | Time plot: 0.00 | Simulation time: 19h 47m 30s
		71260 Time iteration: 0.80 | Time plot: 0.89 | Simulation time: 19h 47m 40s
		71270 Time iteration: 0.81 | Time plot: 0.00 | Simulation time: 19h 47m 50s
		71280 Time iteration: 0.83 | Time plot: 0.68 | Simulation time: 19h 48m 0s
		71290 Time iteration: 0.81 | Time plot: 0.00 | Simulation time: 19h 48m 10s
		71300 Time iteration: 1.18 | Time plot: 0.68 | Simulation time: 19h 48m 20s
		71310 Time iteration: 0.79 | Time plot: 0.00 | Simulation time: 19h 48m 30s
		71320 Time iteration: 0.79 | Time plot: 0.68 | Simulation time: 19h 48m 40s
		71330 Time iteration: 0.78 | Time plot: 0.00 | Simulation time: 19h 48m 50s
		71340 Time iteration: 0.80 | Time plot: 0.69 | Simulation time: 19h 49m 0s
		71350 Time iteration: 0.79 | Time plot: 0.00 | Simulation time: 19h 49m 10s
		71360 Time iteration: 0.79 | Time plot: 0.68 | Simulation time: 19h 49m 20s
		71370 Time iteration: 0.80 | Time plot: 0.00 | Simulation time: 19h 49m 30s
		71380 Time iteration: 0.80 | Time plot: 0.67 | Simulation time: 19h 49m 40s
		71390 Time iteration: 0.80 | Time plot: 0.00 | Simulation time: 19h 49m 50s
		71400 Time iteration: 0.99 | Time plot: 0.68 | Simulation time: 19h 50m 0s
		71410 Time iteration: 0.78 | Time plot: 0.00 | Simulation time: 19h 50m 10s
		71420 Time iteration: 0.81 | Time plot: 0.67 | Simulation time: 19h 50m 20s
		71430 Time iteration: 0.82 | Time plot: 0.00 | Simulation time: 19h 50m 30s
		71440 Time iteration: 0.81 | Time plot: 0.67 | Simulation time: 19h 50m 40s
		71450 Time iteration: 0.80 | Time plot: 0.00 | Simulation time: 19h 50m 50s
		71460 Time iteration: 0.79 | Time plot: 0.67 | Simulation time: 19h 51m 0s
		71470 Time iteration: 0.79 | Time plot: 0.00 | Simulation time: 19h 51m 10s
		71480 Time iteration: 0.77 | Time plot: 0.68 | Simulation time: 19h 51m 20s
		71490 Time iteration: 0.75 | Time plot: 0.00 | Simulation time: 19h 51m 30s
		71500 Time iteration: 0.89 | Time plot: 0.68 | Simulation time: 19h 51m 40s
		71510 Time iteration: 0.75 | Time plot: 0.00 | Simulation time: 19h 51m 50s
		71520 Time iteration: 0.77 | Time plot: 1.12 | Simulation time: 19h 52m 0s
		71530 Time iteration: 0.77 | Time plot: 0.00 | Simulation time: 19h 52m 10s
		71540 Time iteration: 0.75 | Time plot: 0.67 | Simulation time: 19h 52m 20s
		71550 Time iteration: 0.76 | Time plot: 0.00 | Simulation time: 19h 52m 30s
		71560 Time iteration: 0.85 | Time plot: 1.55 | Simulation time: 19h 52m 40s
		71570 Time iteration: 0.76 | Time plot: 0.00 | Simulation time: 19h 52m 50s
		71580 Time iteration: 0.75 | Time plot: 1.07 | Simulation time: 19h 53m 0s
		71590 Time iteration: 0.78 | Time plot: 0.00 | Simulation time: 19h 53m 10s
		71600 Time iteration: 1.12 | Time plot: 0.90 | Simulation time: 19h 53m 20s
		71610 Time iteration: 0.76 | Time plot: 0.00 | Simulation time: 19h 53m 30s
		71620 Time iteration: 0.75 | Time plot: 0.68 | Simulation time: 19h 53m 40s
		71630 Time iteration: 0.77 | Time plot: 0.00 | Simulation time: 19h 53m 50s
		71640 Time iteration: 0.78 | Time plot: 0.70 | Simulation time: 19h 54m 0s
		71650 Time iteration: 0.75 | Time plot: 0.00 | Simulation time: 19h 54m 10s
		71660 Time iteration: 0.77 | Time plot: 0.68 | Simulation time: 19h 54m 20s
		71670 Time iteration: 0.76 | Time plot: 0.00 | Simulation time: 19h 54m 30s
		71680 Time iteration: 0.74 | Time plot: 0.68 | Simulation time: 19h 54m 40s
		71690 Time iteration: 0.75 | Time plot: 0.00 | Simulation time: 19h 54m 50s
		71700 Time iteration: 2.44 | Time plot: 1.40 | Simulation time: 19h 55m 0s
		71710 Time iteration: 0.73 | Time plot: 0.00 | Simulation time: 19h 55m 10s
		71720 Time iteration: 0.74 | Time plot: 0.68 | Simulation time: 19h 55m 20s
		71730 Time iteration: 0.74 | Time plot: 0.00 | Simulation time: 19h 55m 30s
		71740 Time iteration: 0.75 | Time plot: 0.76 | Simulation time: 19h 55m 40s
		71750 Time iteration: 0.74 | Time plot: 0.00 | Simulation time: 19h 55m 50s
		71760 Time iteration: 0.74 | Time plot: 0.72 | Simulation time: 19h 56m 0s
		71770 Time iteration: 0.73 | Time plot: 0.00 | Simulation time: 19h 56m 10s
		71780 Time iteration: 0.75 | Time plot: 0.75 | Simulation time: 19h 56m 20s
		71790 Time iteration: 0.77 | Time plot: 0.00 | Simulation time: 19h 56m 30s
		71800 Time iteration: 1.66 | Time plot: 0.90 | Simulation time: 19h 56m 40s
		71810 Time iteration: 0.74 | Time plot: 0.00 | Simulation time: 19h 56m 50s
		71820 Time iteration: 0.76 | Time plot: 1.25 | Simulation time: 19h 57m 0s
		71830 Time iteration: 0.74 | Time plot: 0.00 | Simulation time: 19h 57m 10s
		71840 Time iteration: 0.75 | Time plot: 0.80 | Simulation time: 19h 57m 20s
		71850 Time iteration: 0.76 | Time plot: 0.00 | Simulation time: 19h 57m 30s
		71860 Time iteration: 0.76 | Time plot: 0.67 | Simulation time: 19h 57m 40s
		71870 Time iteration: 0.78 | Time plot: 0.00 | Simulation time: 19h 57m 50s
		71880 Time iteration: 0.76 | Time plot: 0.71 | Simulation time: 19h 58m 0s
		71890 Time iteration: 0.77 | Time plot: 0.00 | Simulation time: 19h 58m 10s
		71900 Time iteration: 1.34 | Time plot: 0.82 | Simulation time: 19h 58m 20s
		71910 Time iteration: 0.76 | Time plot: 0.00 | Simulation time: 19h 58m 30s
		71920 Time iteration: 0.75 | Time plot: 0.69 | Simulation time: 19h 58m 40s
		71930 Time iteration: 0.77 | Time plot: 0.00 | Simulation time: 19h 58m 50s
		71940 Time iteration: 0.76 | Time plot: 0.68 | Simulation time: 19h 59m 0s
		71950 Time iteration: 0.76 | Time plot: 0.00 | Simulation time: 19h 59m 10s
		71960 Time iteration: 0.76 | Time plot: 0.69 | Simulation time: 19h 59m 20s
		71970 Time iteration: 0.77 | Time plot: 0.00 | Simulation time: 19h 59m 30s
		71980 Time iteration: 0.77 | Time plot: 0.69 | Simulation time: 19h 59m 40s
		71990 Time iteration: 0.75 | Time plot: 0.00 | Simulation time: 19h 59m 50s
		72000 Time iteration: 0.94 | Time plot: 0.67 | Simulation time: 20h 0m 0s
		72010 Time iteration: 0.78 | Time plot: 0.00 | Simulation time: 20h 0m 10s
		72020 Time iteration: 0.76 | Time plot: 0.68 | Simulation time: 20h 0m 20s
		72030 Time iteration: 0.76 | Time plot: 0.00 | Simulation time: 20h 0m 30s
		72040 Time iteration: 0.77 | Time plot: 0.67 | Simulation time: 20h 0m 40s
!! Cue_plane3_sat1: Observed Target 388 at off-nadir 0.0 deg
		72050 Time iteration: 0.83 | Time plot: 0.00 | Simulation time: 20h 0m 50s
		72060 Time iteration: 0.77 | Time plot: 0.68 | Simulation time: 20h 1m 0s
		72070 Time iteration: 0.76 | Time plot: 0.00 | Simulation time: 20h 1m 10s
		72080 Time iteration: 0.76 | Time plot: 0.67 | Simulation time: 20h 1m 20s
		72090 Time iteration: 0.76 | Time plot: 0.00 | Simulation time: 20h 1m 30s
		72100 Time iteration: 0.91 | Time plot: 0.68 | Simulation time: 20h 1m 40s
!! Cue_plane0_sat0: Confirmed Target 388=whale (actual=whale)
		72110 Time iteration: 1.17 | Time plot: 0.00 | Simulation time: 20h 1m 50s
		72120 Time iteration: 0.79 | Time plot: 0.66 | Simulation time: 20h 2m 0s
		72130 Time iteration: 0.77 | Time plot: 0.00 | Simulation time: 20h 2m 10s
		72140 Time iteration: 0.75 | Time plot: 0.67 | Simulation time: 20h 2m 20s
		72150 Time iteration: 0.75 | Time plot: 0.00 | Simulation time: 20h 2m 30s
		72160 Time iteration: 0.75 | Time plot: 0.66 | Simulation time: 20h 2m 40s
		72170 Time iteration: 0.77 | Time plot: 0.00 | Simulation time: 20h 2m 50s
		72180 Time iteration: 0.76 | Time plot: 0.68 | Simulation time: 20h 3m 0s
		72190 Time iteration: 0.77 | Time plot: 0.00 | Simulation time: 20h 3m 10s
		72200 Time iteration: 0.91 | Time plot: 1.21 | Simulation time: 20h 3m 20s
		72210 Time iteration: 0.76 | Time plot: 0.00 | Simulation time: 20h 3m 30s
		72220 Time iteration: 0.77 | Time plot: 1.36 | Simulation time: 20h 3m 40s
		72230 Time iteration: 0.77 | Time plot: 0.00 | Simulation time: 20h 3m 50s
		72240 Time iteration: 0.76 | Time plot: 0.71 | Simulation time: 20h 4m 0s
		72250 Time iteration: 0.77 | Time plot: 0.00 | Simulation time: 20h 4m 10s
		72260 Time iteration: 0.75 | Time plot: 0.77 | Simulation time: 20h 4m 20s
		72270 Time iteration: 0.77 | Time plot: 0.00 | Simulation time: 20h 4m 30s
		72280 Time iteration: 0.78 | Time plot: 0.67 | Simulation time: 20h 4m 40s
		72290 Time iteration: 0.78 | Time plot: 0.00 | Simulation time: 20h 4m 50s
		72300 Time iteration: 2.48 | Time plot: 1.49 | Simulation time: 20h 5m 0s
		72310 Time iteration: 0.78 | Time plot: 0.00 | Simulation time: 20h 5m 10s
		72320 Time iteration: 0.79 | Time plot: 0.89 | Simulation time: 20h 5m 20s
		72330 Time iteration: 0.78 | Time plot: 0.00 | Simulation time: 20h 5m 30s
		72340 Time iteration: 0.79 | Time plot: 1.07 | Simulation time: 20h 5m 40s
		72350 Time iteration: 0.81 | Time plot: 0.00 | Simulation time: 20h 5m 50s
		72360 Time iteration: 0.78 | Time plot: 0.70 | Simulation time: 20h 6m 0s
		72370 Time iteration: 0.84 | Time plot: 0.00 | Simulation time: 20h 6m 10s
		72380 Time iteration: 0.79 | Time plot: 0.80 | Simulation time: 20h 6m 20s
		72390 Time iteration: 0.77 | Time plot: 0.00 | Simulation time: 20h 6m 30s
		72400 Time iteration: 1.48 | Time plot: 1.31 | Simulation time: 20h 6m 40s
		72410 Time iteration: 0.79 | Time plot: 0.00 | Simulation time: 20h 6m 50s
		72420 Time iteration: 0.79 | Time plot: 1.24 | Simulation time: 20h 7m 0s
		72430 Time iteration: 0.79 | Time plot: 0.00 | Simulation time: 20h 7m 10s
		72440 Time iteration: 0.78 | Time plot: 0.70 | Simulation time: 20h 7m 20s
		72450 Time iteration: 0.78 | Time plot: 0.00 | Simulation time: 20h 7m 30s
		72460 Time iteration: 0.80 | Time plot: 0.67 | Simulation time: 20h 7m 40s
		72470 Time iteration: 0.82 | Time plot: 0.00 | Simulation time: 20h 7m 50s
		72480 Time iteration: 0.79 | Time plot: 0.70 | Simulation time: 20h 8m 0s
		72490 Time iteration: 0.81 | Time plot: 0.00 | Simulation time: 20h 8m 10s
		72500 Time iteration: 0.94 | Time plot: 0.68 | Simulation time: 20h 8m 20s
		72510 Time iteration: 0.78 | Time plot: 0.00 | Simulation time: 20h 8m 30s
		72520 Time iteration: 0.79 | Time plot: 0.68 | Simulation time: 20h 8m 40s
		72530 Time iteration: 0.78 | Time plot: 0.00 | Simulation time: 20h 8m 50s
		72540 Time iteration: 0.78 | Time plot: 0.68 | Simulation time: 20h 9m 0s
		72550 Time iteration: 0.78 | Time plot: 0.00 | Simulation time: 20h 9m 10s
		72560 Time iteration: 0.77 | Time plot: 0.67 | Simulation time: 20h 9m 20s
		72570 Time iteration: 0.78 | Time plot: 0.00 | Simulation time: 20h 9m 30s
		72580 Time iteration: 0.80 | Time plot: 0.68 | Simulation time: 20h 9m 40s
		72590 Time iteration: 0.76 | Time plot: 0.00 | Simulation time: 20h 9m 50s
		72600 Time iteration: 1.13 | Time plot: 1.45 | Simulation time: 20h 10m 0s
		72610 Time iteration: 0.80 | Time plot: 0.00 | Simulation time: 20h 10m 10s
		72620 Time iteration: 0.78 | Time plot: 0.89 | Simulation time: 20h 10m 20s
		72630 Time iteration: 0.79 | Time plot: 0.00 | Simulation time: 20h 10m 30s
		72640 Time iteration: 0.81 | Time plot: 0.75 | Simulation time: 20h 10m 40s
		72650 Time iteration: 0.79 | Time plot: 0.00 | Simulation time: 20h 10m 50s
		72660 Time iteration: 0.78 | Time plot: 0.74 | Simulation time: 20h 11m 0s
		72670 Time iteration: 0.78 | Time plot: 0.00 | Simulation time: 20h 11m 10s
		72680 Time iteration: 0.96 | Time plot: 0.94 | Simulation time: 20h 11m 20s
		72690 Time iteration: 0.78 | Time plot: 0.00 | Simulation time: 20h 11m 30s
		72700 Time iteration: 2.33 | Time plot: 1.27 | Simulation time: 20h 11m 40s
		72710 Time iteration: 0.78 | Time plot: 0.00 | Simulation time: 20h 11m 50s
		72720 Time iteration: 0.78 | Time plot: 0.70 | Simulation time: 20h 12m 0s
		72730 Time iteration: 0.78 | Time plot: 0.00 | Simulation time: 20h 12m 10s
		72740 Time iteration: 0.77 | Time plot: 0.69 | Simulation time: 20h 12m 20s
		72750 Time iteration: 0.79 | Time plot: 0.00 | Simulation time: 20h 12m 30s
		72760 Time iteration: 0.78 | Time plot: 0.69 | Simulation time: 20h 12m 40s
		72770 Time iteration: 0.78 | Time plot: 0.00 | Simulation time: 20h 12m 50s
		72780 Time iteration: 0.79 | Time plot: 0.71 | Simulation time: 20h 13m 0s
		72790 Time iteration: 0.78 | Time plot: 0.00 | Simulation time: 20h 13m 10s
		72800 Time iteration: 2.07 | Time plot: 1.13 | Simulation time: 20h 13m 20s
		72810 Time iteration: 0.78 | Time plot: 0.00 | Simulation time: 20h 13m 30s
		72820 Time iteration: 0.78 | Time plot: 0.82 | Simulation time: 20h 13m 40s
		72830 Time iteration: 0.77 | Time plot: 0.00 | Simulation time: 20h 13m 50s
		72840 Time iteration: 0.80 | Time plot: 0.66 | Simulation time: 20h 14m 0s
		72850 Time iteration: 0.80 | Time plot: 0.00 | Simulation time: 20h 14m 10s
		72860 Time iteration: 0.77 | Time plot: 0.68 | Simulation time: 20h 14m 20s
		72870 Time iteration: 0.78 | Time plot: 0.00 | Simulation time: 20h 14m 30s
		72880 Time iteration: 0.79 | Time plot: 0.69 | Simulation time: 20h 14m 40s
		72890 Time iteration: 0.78 | Time plot: 0.00 | Simulation time: 20h 14m 50s
		72900 Time iteration: 2.03 | Time plot: 1.19 | Simulation time: 20h 15m 0s
		72910 Time iteration: 0.81 | Time plot: 0.00 | Simulation time: 20h 15m 10s
		72920 Time iteration: 0.77 | Time plot: 1.00 | Simulation time: 20h 15m 20s
		72930 Time iteration: 0.78 | Time plot: 0.00 | Simulation time: 20h 15m 30s
		72940 Time iteration: 0.78 | Time plot: 0.85 | Simulation time: 20h 15m 40s
		72950 Time iteration: 0.78 | Time plot: 0.00 | Simulation time: 20h 15m 50s
		72960 Time iteration: 0.77 | Time plot: 0.68 | Simulation time: 20h 16m 0s
		72970 Time iteration: 0.80 | Time plot: 0.00 | Simulation time: 20h 16m 10s
		72980 Time iteration: 0.77 | Time plot: 0.70 | Simulation time: 20h 16m 20s
		72990 Time iteration: 0.77 | Time plot: 0.00 | Simulation time: 20h 16m 30s
		73000 Time iteration: 2.42 | Time plot: 1.48 | Simulation time: 20h 16m 40s
		73010 Time iteration: 0.79 | Time plot: 0.00 | Simulation time: 20h 16m 50s
		73020 Time iteration: 0.83 | Time plot: 0.85 | Simulation time: 20h 17m 0s
		73030 Time iteration: 0.78 | Time plot: 0.00 | Simulation time: 20h 17m 10s
		73040 Time iteration: 0.78 | Time plot: 0.69 | Simulation time: 20h 17m 20s
		73050 Time iteration: 0.78 | Time plot: 0.00 | Simulation time: 20h 17m 30s
		73060 Time iteration: 0.78 | Time plot: 0.65 | Simulation time: 20h 17m 40s
		73070 Time iteration: 0.78 | Time plot: 0.00 | Simulation time: 20h 17m 50s
		73080 Time iteration: 0.78 | Time plot: 0.67 | Simulation time: 20h 18m 0s
		73090 Time iteration: 0.78 | Time plot: 0.00 | Simulation time: 20h 18m 10s
		73100 Time iteration: 1.20 | Time plot: 0.65 | Simulation time: 20h 18m 20s
		73110 Time iteration: 0.77 | Time plot: 0.00 | Simulation time: 20h 18m 30s
		73120 Time iteration: 0.78 | Time plot: 0.65 | Simulation time: 20h 18m 40s
		73130 Time iteration: 0.79 | Time plot: 0.00 | Simulation time: 20h 18m 50s
		73140 Time iteration: 0.78 | Time plot: 0.66 | Simulation time: 20h 19m 0s
		73150 Time iteration: 0.80 | Time plot: 0.00 | Simulation time: 20h 19m 10s
		73160 Time iteration: 0.79 | Time plot: 0.69 | Simulation time: 20h 19m 20s
		73170 Time iteration: 0.80 | Time plot: 0.00 | Simulation time: 20h 19m 30s
		73180 Time iteration: 0.80 | Time plot: 0.68 | Simulation time: 20h 19m 40s
		73190 Time iteration: 0.78 | Time plot: 0.00 | Simulation time: 20h 19m 50s
		73200 Time iteration: 0.92 | Time plot: 0.78 | Simulation time: 20h 20m 0s
		73210 Time iteration: 0.80 | Time plot: 0.00 | Simulation time: 20h 20m 10s
		73220 Time iteration: 0.78 | Time plot: 0.71 | Simulation time: 20h 20m 20s
		73230 Time iteration: 0.77 | Time plot: 0.00 | Simulation time: 20h 20m 30s
		73240 Time iteration: 0.77 | Time plot: 0.67 | Simulation time: 20h 20m 40s
		73250 Time iteration: 0.78 | Time plot: 0.00 | Simulation time: 20h 20m 50s
		73260 Time iteration: 0.79 | Time plot: 1.57 | Simulation time: 20h 21m 0s
		73270 Time iteration: 0.80 | Time plot: 0.00 | Simulation time: 20h 21m 10s
		73280 Time iteration: 0.78 | Time plot: 0.69 | Simulation time: 20h 21m 20s
		73290 Time iteration: 0.78 | Time plot: 0.00 | Simulation time: 20h 21m 30s
		73300 Time iteration: 1.01 | Time plot: 0.82 | Simulation time: 20h 21m 40s
		73310 Time iteration: 0.94 | Time plot: 0.00 | Simulation time: 20h 21m 50s
		73320 Time iteration: 0.78 | Time plot: 0.71 | Simulation time: 20h 22m 0s
		73330 Time iteration: 0.79 | Time plot: 0.00 | Simulation time: 20h 22m 10s
		73340 Time iteration: 0.80 | Time plot: 0.69 | Simulation time: 20h 22m 20s
		73350 Time iteration: 0.79 | Time plot: 0.00 | Simulation time: 20h 22m 30s
		73360 Time iteration: 0.77 | Time plot: 0.67 | Simulation time: 20h 22m 40s
		73370 Time iteration: 0.79 | Time plot: 0.00 | Simulation time: 20h 22m 50s
		73380 Time iteration: 0.81 | Time plot: 0.69 | Simulation time: 20h 23m 0s
		73390 Time iteration: 0.80 | Time plot: 0.00 | Simulation time: 20h 23m 10s
		73400 Time iteration: 4.38 | Time plot: 0.93 | Simulation time: 20h 23m 20s
		73410 Time iteration: 0.79 | Time plot: 0.00 | Simulation time: 20h 23m 30s
		73420 Time iteration: 0.79 | Time plot: 0.66 | Simulation time: 20h 23m 40s
		73430 Time iteration: 0.79 | Time plot: 0.00 | Simulation time: 20h 23m 50s
		73440 Time iteration: 0.77 | Time plot: 0.67 | Simulation time: 20h 24m 0s
		73450 Time iteration: 0.79 | Time plot: 0.00 | Simulation time: 20h 24m 10s
		73460 Time iteration: 0.77 | Time plot: 0.80 | Simulation time: 20h 24m 20s
		73470 Time iteration: 0.76 | Time plot: 0.00 | Simulation time: 20h 24m 30s
		73480 Time iteration: 0.78 | Time plot: 0.72 | Simulation time: 20h 24m 40s
		73490 Time iteration: 0.77 | Time plot: 0.00 | Simulation time: 20h 24m 50s
		73500 Time iteration: 1.16 | Time plot: 0.68 | Simulation time: 20h 25m 0s
		73510 Time iteration: 0.77 | Time plot: 0.00 | Simulation time: 20h 25m 10s
		73520 Time iteration: 0.79 | Time plot: 0.68 | Simulation time: 20h 25m 20s
		73530 Time iteration: 0.79 | Time plot: 0.00 | Simulation time: 20h 25m 30s
		73540 Time iteration: 0.81 | Time plot: 0.68 | Simulation time: 20h 25m 40s
		73550 Time iteration: 0.79 | Time plot: 0.00 | Simulation time: 20h 25m 50s
		73560 Time iteration: 0.78 | Time plot: 0.67 | Simulation time: 20h 26m 0s
		73570 Time iteration: 0.79 | Time plot: 0.00 | Simulation time: 20h 26m 10s
		73580 Time iteration: 0.77 | Time plot: 0.70 | Simulation time: 20h 26m 20s
		73590 Time iteration: 0.78 | Time plot: 0.00 | Simulation time: 20h 26m 30s
		73600 Time iteration: 1.06 | Time plot: 0.95 | Simulation time: 20h 26m 40s
		73610 Time iteration: 0.80 | Time plot: 0.00 | Simulation time: 20h 26m 50s
		73620 Time iteration: 0.77 | Time plot: 1.20 | Simulation time: 20h 27m 0s
		73630 Time iteration: 0.79 | Time plot: 0.00 | Simulation time: 20h 27m 10s
		73640 Time iteration: 0.78 | Time plot: 0.72 | Simulation time: 20h 27m 20s
		73650 Time iteration: 0.78 | Time plot: 0.00 | Simulation time: 20h 27m 30s
		73660 Time iteration: 0.78 | Time plot: 0.72 | Simulation time: 20h 27m 40s
		73670 Time iteration: 0.78 | Time plot: 0.00 | Simulation time: 20h 27m 50s
		73680 Time iteration: 0.80 | Time plot: 0.74 | Simulation time: 20h 28m 0s
		73690 Time iteration: 0.83 | Time plot: 0.00 | Simulation time: 20h 28m 10s
		73700 Time iteration: 2.68 | Time plot: 1.31 | Simulation time: 20h 28m 20s
		73710 Time iteration: 0.79 | Time plot: 0.00 | Simulation time: 20h 28m 30s
		73720 Time iteration: 0.79 | Time plot: 0.81 | Simulation time: 20h 28m 40s
		73730 Time iteration: 0.78 | Time plot: 0.00 | Simulation time: 20h 28m 50s
		73740 Time iteration: 0.80 | Time plot: 0.90 | Simulation time: 20h 29m 0s
		73750 Time iteration: 0.83 | Time plot: 0.00 | Simulation time: 20h 29m 10s
		73760 Time iteration: 0.80 | Time plot: 1.27 | Simulation time: 20h 29m 20s
		73770 Time iteration: 0.81 | Time plot: 0.00 | Simulation time: 20h 29m 30s
		73780 Time iteration: 0.79 | Time plot: 1.04 | Simulation time: 20h 29m 40s
		73790 Time iteration: 0.81 | Time plot: 0.00 | Simulation time: 20h 29m 50s
		73800 Time iteration: 2.17 | Time plot: 1.80 | Simulation time: 20h 30m 0s
		73810 Time iteration: 0.82 | Time plot: 0.00 | Simulation time: 20h 30m 10s
		73820 Time iteration: 0.80 | Time plot: 0.76 | Simulation time: 20h 30m 20s
		73830 Time iteration: 0.83 | Time plot: 0.00 | Simulation time: 20h 30m 30s
		73840 Time iteration: 0.80 | Time plot: 0.72 | Simulation time: 20h 30m 40s
		73850 Time iteration: 0.79 | Time plot: 0.00 | Simulation time: 20h 30m 50s
		73860 Time iteration: 0.82 | Time plot: 0.72 | Simulation time: 20h 31m 0s
		73870 Time iteration: 0.81 | Time plot: 0.00 | Simulation time: 20h 31m 10s
		73880 Time iteration: 0.78 | Time plot: 0.69 | Simulation time: 20h 31m 20s
		73890 Time iteration: 0.81 | Time plot: 0.00 | Simulation time: 20h 31m 30s
		73900 Time iteration: 3.16 | Time plot: 1.27 | Simulation time: 20h 31m 40s
		73910 Time iteration: 0.81 | Time plot: 0.00 | Simulation time: 20h 31m 50s
		73920 Time iteration: 0.81 | Time plot: 0.74 | Simulation time: 20h 32m 0s
		73930 Time iteration: 0.80 | Time plot: 0.00 | Simulation time: 20h 32m 10s
		73940 Time iteration: 0.81 | Time plot: 0.69 | Simulation time: 20h 32m 20s
		73950 Time iteration: 0.80 | Time plot: 0.00 | Simulation time: 20h 32m 30s
		73960 Time iteration: 0.80 | Time plot: 0.68 | Simulation time: 20h 32m 40s
		73970 Time iteration: 0.82 | Time plot: 0.00 | Simulation time: 20h 32m 50s
		73980 Time iteration: 0.80 | Time plot: 0.71 | Simulation time: 20h 33m 0s
		73990 Time iteration: 0.81 | Time plot: 0.00 | Simulation time: 20h 33m 10s
		74000 Time iteration: 2.39 | Time plot: 1.08 | Simulation time: 20h 33m 20s
		74010 Time iteration: 0.79 | Time plot: 0.00 | Simulation time: 20h 33m 30s
		74020 Time iteration: 0.82 | Time plot: 0.71 | Simulation time: 20h 33m 40s
		74030 Time iteration: 0.80 | Time plot: 0.00 | Simulation time: 20h 33m 50s
		74040 Time iteration: 0.81 | Time plot: 0.71 | Simulation time: 20h 34m 0s
		74050 Time iteration: 0.81 | Time plot: 0.00 | Simulation time: 20h 34m 10s
		74060 Time iteration: 0.81 | Time plot: 0.69 | Simulation time: 20h 34m 20s
		74070 Time iteration: 0.80 | Time plot: 0.00 | Simulation time: 20h 34m 30s
		74080 Time iteration: 0.80 | Time plot: 0.68 | Simulation time: 20h 34m 40s
		74090 Time iteration: 0.80 | Time plot: 0.00 | Simulation time: 20h 34m 50s
		74100 Time iteration: 1.92 | Time plot: 0.68 | Simulation time: 20h 35m 0s
		74110 Time iteration: 0.82 | Time plot: 0.00 | Simulation time: 20h 35m 10s
		74120 Time iteration: 0.80 | Time plot: 0.66 | Simulation time: 20h 35m 20s
		74130 Time iteration: 0.80 | Time plot: 0.00 | Simulation time: 20h 35m 30s
		74140 Time iteration: 0.80 | Time plot: 0.67 | Simulation time: 20h 35m 40s
		74150 Time iteration: 0.81 | Time plot: 0.00 | Simulation time: 20h 35m 50s
		74160 Time iteration: 0.82 | Time plot: 0.67 | Simulation time: 20h 36m 0s
		74170 Time iteration: 0.80 | Time plot: 0.00 | Simulation time: 20h 36m 10s
		74180 Time iteration: 0.78 | Time plot: 0.67 | Simulation time: 20h 36m 20s
		74190 Time iteration: 0.81 | Time plot: 0.00 | Simulation time: 20h 36m 30s
		74200 Time iteration: 0.95 | Time plot: 0.67 | Simulation time: 20h 36m 40s
		74210 Time iteration: 0.81 | Time plot: 0.00 | Simulation time: 20h 36m 50s
		74220 Time iteration: 0.80 | Time plot: 0.67 | Simulation time: 20h 37m 0s
		74230 Time iteration: 0.79 | Time plot: 0.00 | Simulation time: 20h 37m 10s
		74240 Time iteration: 0.79 | Time plot: 0.68 | Simulation time: 20h 37m 20s
		74250 Time iteration: 0.80 | Time plot: 0.00 | Simulation time: 20h 37m 30s
		74260 Time iteration: 0.79 | Time plot: 0.71 | Simulation time: 20h 37m 40s
		74270 Time iteration: 0.81 | Time plot: 0.00 | Simulation time: 20h 37m 50s
		74280 Time iteration: 0.80 | Time plot: 0.94 | Simulation time: 20h 38m 0s
		74290 Time iteration: 0.80 | Time plot: 0.00 | Simulation time: 20h 38m 10s
		74300 Time iteration: 0.93 | Time plot: 0.79 | Simulation time: 20h 38m 20s
		74310 Time iteration: 0.80 | Time plot: 0.00 | Simulation time: 20h 38m 30s
		74320 Time iteration: 0.81 | Time plot: 0.96 | Simulation time: 20h 38m 40s
		74330 Time iteration: 0.81 | Time plot: 0.00 | Simulation time: 20h 38m 50s
		74340 Time iteration: 0.81 | Time plot: 0.69 | Simulation time: 20h 39m 0s
		74350 Time iteration: 0.80 | Time plot: 0.00 | Simulation time: 20h 39m 10s
		74360 Time iteration: 0.80 | Time plot: 0.69 | Simulation time: 20h 39m 20s
		74370 Time iteration: 0.80 | Time plot: 0.00 | Simulation time: 20h 39m 30s
		74380 Time iteration: 0.80 | Time plot: 0.67 | Simulation time: 20h 39m 40s
		74390 Time iteration: 0.80 | Time plot: 0.00 | Simulation time: 20h 39m 50s
		74400 Time iteration: 1.69 | Time plot: 0.90 | Simulation time: 20h 40m 0s
		74410 Time iteration: 0.76 | Time plot: 0.00 | Simulation time: 20h 40m 10s
		74420 Time iteration: 0.75 | Time plot: 0.83 | Simulation time: 20h 40m 20s
		74430 Time iteration: 0.77 | Time plot: 0.00 | Simulation time: 20h 40m 30s
		74440 Time iteration: 0.76 | Time plot: 0.68 | Simulation time: 20h 40m 40s
		74450 Time iteration: 0.77 | Time plot: 0.00 | Simulation time: 20h 40m 50s
		74460 Time iteration: 0.79 | Time plot: 0.67 | Simulation time: 20h 41m 0s
		74470 Time iteration: 0.77 | Time plot: 0.00 | Simulation time: 20h 41m 10s
		74480 Time iteration: 0.76 | Time plot: 0.69 | Simulation time: 20h 41m 20s
		74490 Time iteration: 0.76 | Time plot: 0.00 | Simulation time: 20h 41m 30s
		74500 Time iteration: 2.55 | Time plot: 1.96 | Simulation time: 20h 41m 40s
		74510 Time iteration: 0.76 | Time plot: 0.00 | Simulation time: 20h 41m 50s
		74520 Time iteration: 0.80 | Time plot: 0.77 | Simulation time: 20h 42m 0s
		74530 Time iteration: 0.77 | Time plot: 0.00 | Simulation time: 20h 42m 10s
		74540 Time iteration: 0.76 | Time plot: 1.26 | Simulation time: 20h 42m 20s
		74550 Time iteration: 0.76 | Time plot: 0.00 | Simulation time: 20h 42m 30s
		74560 Time iteration: 0.75 | Time plot: 1.14 | Simulation time: 20h 42m 40s
		74570 Time iteration: 0.77 | Time plot: 0.00 | Simulation time: 20h 42m 50s
		74580 Time iteration: 0.79 | Time plot: 0.96 | Simulation time: 20h 43m 0s
		74590 Time iteration: 0.75 | Time plot: 0.00 | Simulation time: 20h 43m 10s
		74600 Time iteration: 1.42 | Time plot: 1.53 | Simulation time: 20h 43m 20s
		74610 Time iteration: 0.76 | Time plot: 0.00 | Simulation time: 20h 43m 30s
		74620 Time iteration: 0.75 | Time plot: 1.15 | Simulation time: 20h 43m 40s
		74630 Time iteration: 0.74 | Time plot: 0.00 | Simulation time: 20h 43m 50s
		74640 Time iteration: 0.76 | Time plot: 1.08 | Simulation time: 20h 44m 0s
		74650 Time iteration: 0.74 | Time plot: 0.00 | Simulation time: 20h 44m 10s
		74660 Time iteration: 0.73 | Time plot: 1.19 | Simulation time: 20h 44m 20s
		74670 Time iteration: 0.81 | Time plot: 0.00 | Simulation time: 20h 44m 30s
		74680 Time iteration: 0.74 | Time plot: 0.86 | Simulation time: 20h 44m 40s
		74690 Time iteration: 0.74 | Time plot: 0.00 | Simulation time: 20h 44m 50s
		74700 Time iteration: 1.38 | Time plot: 0.93 | Simulation time: 20h 45m 0s
		74710 Time iteration: 0.74 | Time plot: 0.00 | Simulation time: 20h 45m 10s
		74720 Time iteration: 0.74 | Time plot: 0.71 | Simulation time: 20h 45m 20s
		74730 Time iteration: 0.75 | Time plot: 0.00 | Simulation time: 20h 45m 30s
		74740 Time iteration: 0.74 | Time plot: 0.71 | Simulation time: 20h 45m 40s
		74750 Time iteration: 0.75 | Time plot: 0.00 | Simulation time: 20h 45m 50s
		74760 Time iteration: 0.73 | Time plot: 0.68 | Simulation time: 20h 46m 0s
		74770 Time iteration: 0.74 | Time plot: 0.00 | Simulation time: 20h 46m 10s
		74780 Time iteration: 0.75 | Time plot: 0.69 | Simulation time: 20h 46m 20s
		74790 Time iteration: 0.75 | Time plot: 0.00 | Simulation time: 20h 46m 30s
		74800 Time iteration: 4.34 | Time plot: 0.72 | Simulation time: 20h 46m 40s
		74810 Time iteration: 0.74 | Time plot: 0.00 | Simulation time: 20h 46m 50s
		74820 Time iteration: 0.75 | Time plot: 0.92 | Simulation time: 20h 47m 0s
		74830 Time iteration: 0.75 | Time plot: 0.00 | Simulation time: 20h 47m 10s
		74840 Time iteration: 0.76 | Time plot: 0.91 | Simulation time: 20h 47m 20s
		74850 Time iteration: 0.76 | Time plot: 0.00 | Simulation time: 20h 47m 30s
		74860 Time iteration: 0.76 | Time plot: 0.82 | Simulation time: 20h 47m 40s
		74870 Time iteration: 0.76 | Time plot: 0.00 | Simulation time: 20h 47m 50s
		74880 Time iteration: 0.76 | Time plot: 0.79 | Simulation time: 20h 48m 0s
		74890 Time iteration: 0.76 | Time plot: 0.00 | Simulation time: 20h 48m 10s
		74900 Time iteration: 1.86 | Time plot: 0.77 | Simulation time: 20h 48m 20s
		74910 Time iteration: 0.76 | Time plot: 0.00 | Simulation time: 20h 48m 30s
		74920 Time iteration: 0.80 | Time plot: 0.69 | Simulation time: 20h 48m 40s
		74930 Time iteration: 0.78 | Time plot: 0.00 | Simulation time: 20h 48m 50s
		74940 Time iteration: 0.77 | Time plot: 0.70 | Simulation time: 20h 49m 0s
		74950 Time iteration: 0.77 | Time plot: 0.00 | Simulation time: 20h 49m 10s
		74960 Time iteration: 0.76 | Time plot: 0.68 | Simulation time: 20h 49m 20s
		74970 Time iteration: 0.78 | Time plot: 0.00 | Simulation time: 20h 49m 30s
		74980 Time iteration: 0.76 | Time plot: 0.67 | Simulation time: 20h 49m 40s
		74990 Time iteration: 0.76 | Time plot: 0.00 | Simulation time: 20h 49m 50s
		75000 Time iteration: 1.23 | Time plot: 1.60 | Simulation time: 20h 50m 0s
		75010 Time iteration: 0.75 | Time plot: 0.00 | Simulation time: 20h 50m 10s
		75020 Time iteration: 0.77 | Time plot: 0.77 | Simulation time: 20h 50m 20s
		75030 Time iteration: 0.77 | Time plot: 0.00 | Simulation time: 20h 50m 30s
		75040 Time iteration: 0.78 | Time plot: 0.72 | Simulation time: 20h 50m 40s
		75050 Time iteration: 0.76 | Time plot: 0.00 | Simulation time: 20h 50m 50s
		75060 Time iteration: 0.76 | Time plot: 0.67 | Simulation time: 20h 51m 0s
		75070 Time iteration: 0.76 | Time plot: 0.00 | Simulation time: 20h 51m 10s
		75080 Time iteration: 0.77 | Time plot: 0.72 | Simulation time: 20h 51m 20s
		75090 Time iteration: 0.75 | Time plot: 0.00 | Simulation time: 20h 51m 30s
		75100 Time iteration: 1.75 | Time plot: 1.56 | Simulation time: 20h 51m 40s
		75110 Time iteration: 0.76 | Time plot: 0.00 | Simulation time: 20h 51m 50s
		75120 Time iteration: 0.75 | Time plot: 0.79 | Simulation time: 20h 52m 0s
		75130 Time iteration: 0.76 | Time plot: 0.00 | Simulation time: 20h 52m 10s
		75140 Time iteration: 0.77 | Time plot: 0.74 | Simulation time: 20h 52m 20s
		75150 Time iteration: 0.75 | Time plot: 0.00 | Simulation time: 20h 52m 30s
		75160 Time iteration: 0.77 | Time plot: 0.67 | Simulation time: 20h 52m 40s
		75170 Time iteration: 0.75 | Time plot: 0.00 | Simulation time: 20h 52m 50s
		75180 Time iteration: 0.75 | Time plot: 0.69 | Simulation time: 20h 53m 0s
		75190 Time iteration: 0.76 | Time plot: 0.00 | Simulation time: 20h 53m 10s
		75200 Time iteration: 1.37 | Time plot: 0.68 | Simulation time: 20h 53m 20s
		75210 Time iteration: 0.78 | Time plot: 0.00 | Simulation time: 20h 53m 30s
		75220 Time iteration: 0.79 | Time plot: 0.66 | Simulation time: 20h 53m 40s
		75230 Time iteration: 0.78 | Time plot: 0.00 | Simulation time: 20h 53m 50s
		75240 Time iteration: 0.79 | Time plot: 0.69 | Simulation time: 20h 54m 0s
		75250 Time iteration: 0.80 | Time plot: 0.00 | Simulation time: 20h 54m 10s
		75260 Time iteration: 0.79 | Time plot: 0.66 | Simulation time: 20h 54m 20s
		75270 Time iteration: 0.78 | Time plot: 0.00 | Simulation time: 20h 54m 30s
		75280 Time iteration: 0.79 | Time plot: 0.67 | Simulation time: 20h 54m 40s
		75290 Time iteration: 0.79 | Time plot: 0.00 | Simulation time: 20h 54m 50s
		75300 Time iteration: 0.95 | Time plot: 0.69 | Simulation time: 20h 55m 0s
		75310 Time iteration: 0.80 | Time plot: 0.00 | Simulation time: 20h 55m 10s
		75320 Time iteration: 0.77 | Time plot: 1.74 | Simulation time: 20h 55m 20s
		75330 Time iteration: 0.78 | Time plot: 0.00 | Simulation time: 20h 55m 30s
		75340 Time iteration: 0.77 | Time plot: 0.86 | Simulation time: 20h 55m 40s
		75350 Time iteration: 0.78 | Time plot: 0.00 | Simulation time: 20h 55m 50s
		75360 Time iteration: 0.79 | Time plot: 0.77 | Simulation time: 20h 56m 0s
		75370 Time iteration: 0.77 | Time plot: 0.00 | Simulation time: 20h 56m 10s
		75380 Time iteration: 0.79 | Time plot: 0.69 | Simulation time: 20h 56m 20s
		75390 Time iteration: 0.78 | Time plot: 0.00 | Simulation time: 20h 56m 30s
		75400 Time iteration: 1.78 | Time plot: 1.11 | Simulation time: 20h 56m 40s
		75410 Time iteration: 0.78 | Time plot: 0.00 | Simulation time: 20h 56m 50s
		75420 Time iteration: 0.78 | Time plot: 0.84 | Simulation time: 20h 57m 0s
		75430 Time iteration: 0.80 | Time plot: 0.00 | Simulation time: 20h 57m 10s
		75440 Time iteration: 0.77 | Time plot: 0.72 | Simulation time: 20h 57m 20s
		75450 Time iteration: 0.77 | Time plot: 0.00 | Simulation time: 20h 57m 30s
		75460 Time iteration: 0.77 | Time plot: 0.73 | Simulation time: 20h 57m 40s
		75470 Time iteration: 0.78 | Time plot: 0.00 | Simulation time: 20h 57m 50s
		75480 Time iteration: 0.78 | Time plot: 0.68 | Simulation time: 20h 58m 0s
		75490 Time iteration: 0.78 | Time plot: 0.00 | Simulation time: 20h 58m 10s
		75500 Time iteration: 3.84 | Time plot: 1.26 | Simulation time: 20h 58m 20s
		75510 Time iteration: 0.75 | Time plot: 0.00 | Simulation time: 20h 58m 30s
		75520 Time iteration: 0.77 | Time plot: 0.89 | Simulation time: 20h 58m 40s
		75530 Time iteration: 0.78 | Time plot: 0.00 | Simulation time: 20h 58m 50s
		75540 Time iteration: 0.79 | Time plot: 0.66 | Simulation time: 20h 59m 0s
		75550 Time iteration: 0.79 | Time plot: 0.00 | Simulation time: 20h 59m 10s
		75560 Time iteration: 1.02 | Time plot: 0.81 | Simulation time: 20h 59m 20s
		75570 Time iteration: 0.78 | Time plot: 0.00 | Simulation time: 20h 59m 30s
		75580 Time iteration: 0.78 | Time plot: 0.68 | Simulation time: 20h 59m 40s
		75590 Time iteration: 0.78 | Time plot: 0.00 | Simulation time: 20h 59m 50s
		75600 Time iteration: 3.22 | Time plot: 0.78 | Simulation time: 21h 0m 0s
		75610 Time iteration: 0.77 | Time plot: 0.00 | Simulation time: 21h 0m 10s
		75620 Time iteration: 0.79 | Time plot: 0.72 | Simulation time: 21h 0m 20s
		75630 Time iteration: 0.81 | Time plot: 0.00 | Simulation time: 21h 0m 30s
		75640 Time iteration: 0.77 | Time plot: 0.68 | Simulation time: 21h 0m 40s
		75650 Time iteration: 0.77 | Time plot: 0.00 | Simulation time: 21h 0m 50s
		75660 Time iteration: 0.76 | Time plot: 0.69 | Simulation time: 21h 1m 0s
		75670 Time iteration: 0.77 | Time plot: 0.00 | Simulation time: 21h 1m 10s
		75680 Time iteration: 0.79 | Time plot: 0.67 | Simulation time: 21h 1m 20s
		75690 Time iteration: 0.77 | Time plot: 0.00 | Simulation time: 21h 1m 30s
		75700 Time iteration: 1.40 | Time plot: 1.21 | Simulation time: 21h 1m 40s
		75710 Time iteration: 0.77 | Time plot: 0.00 | Simulation time: 21h 1m 50s
		75720 Time iteration: 0.77 | Time plot: 0.95 | Simulation time: 21h 2m 0s
		75730 Time iteration: 0.77 | Time plot: 0.00 | Simulation time: 21h 2m 10s
		75740 Time iteration: 0.78 | Time plot: 1.00 | Simulation time: 21h 2m 20s
		75750 Time iteration: 0.79 | Time plot: 0.00 | Simulation time: 21h 2m 30s
		75760 Time iteration: 0.77 | Time plot: 1.01 | Simulation time: 21h 2m 40s
		75770 Time iteration: 0.77 | Time plot: 0.00 | Simulation time: 21h 2m 50s
		75780 Time iteration: 0.79 | Time plot: 1.14 | Simulation time: 21h 3m 0s
		75790 Time iteration: 0.79 | Time plot: 0.00 | Simulation time: 21h 3m 10s
		75800 Time iteration: 1.17 | Time plot: 1.46 | Simulation time: 21h 3m 20s
		75810 Time iteration: 0.79 | Time plot: 0.00 | Simulation time: 21h 3m 30s
		75820 Time iteration: 0.79 | Time plot: 0.76 | Simulation time: 21h 3m 40s
		75830 Time iteration: 0.78 | Time plot: 0.00 | Simulation time: 21h 3m 50s
		75840 Time iteration: 0.78 | Time plot: 0.84 | Simulation time: 21h 4m 0s
		75850 Time iteration: 0.78 | Time plot: 0.00 | Simulation time: 21h 4m 10s
		75860 Time iteration: 0.78 | Time plot: 0.68 | Simulation time: 21h 4m 20s
		75870 Time iteration: 0.80 | Time plot: 0.00 | Simulation time: 21h 4m 30s
		75880 Time iteration: 0.79 | Time plot: 0.67 | Simulation time: 21h 4m 40s
		75890 Time iteration: 0.78 | Time plot: 0.00 | Simulation time: 21h 4m 50s
		75900 Time iteration: 1.39 | Time plot: 0.68 | Simulation time: 21h 5m 0s
		75910 Time iteration: 0.83 | Time plot: 0.00 | Simulation time: 21h 5m 10s
		75920 Time iteration: 0.78 | Time plot: 0.69 | Simulation time: 21h 5m 20s
		75930 Time iteration: 0.79 | Time plot: 0.00 | Simulation time: 21h 5m 30s
		75940 Time iteration: 0.79 | Time plot: 0.67 | Simulation time: 21h 5m 40s
		75950 Time iteration: 0.89 | Time plot: 0.00 | Simulation time: 21h 5m 50s
		75960 Time iteration: 0.89 | Time plot: 0.91 | Simulation time: 21h 6m 0s
		75970 Time iteration: 0.77 | Time plot: 0.00 | Simulation time: 21h 6m 10s
		75980 Time iteration: 0.78 | Time plot: 0.69 | Simulation time: 21h 6m 20s
		75990 Time iteration: 0.77 | Time plot: 0.00 | Simulation time: 21h 6m 30s
		76000 Time iteration: 1.32 | Time plot: 0.69 | Simulation time: 21h 6m 40s
		76010 Time iteration: 0.77 | Time plot: 0.00 | Simulation time: 21h 6m 50s
		76020 Time iteration: 0.79 | Time plot: 0.69 | Simulation time: 21h 7m 0s
		76030 Time iteration: 0.77 | Time plot: 0.00 | Simulation time: 21h 7m 10s
		76040 Time iteration: 0.78 | Time plot: 0.68 | Simulation time: 21h 7m 20s
		76050 Time iteration: 0.77 | Time plot: 0.00 | Simulation time: 21h 7m 30s
		76060 Time iteration: 0.78 | Time plot: 0.69 | Simulation time: 21h 7m 40s
		76070 Time iteration: 0.78 | Time plot: 0.00 | Simulation time: 21h 7m 50s
		76080 Time iteration: 0.77 | Time plot: 0.68 | Simulation time: 21h 8m 0s
		76090 Time iteration: 0.79 | Time plot: 0.00 | Simulation time: 21h 8m 10s
		76100 Time iteration: 0.94 | Time plot: 0.68 | Simulation time: 21h 8m 20s
		76110 Time iteration: 0.78 | Time plot: 0.00 | Simulation time: 21h 8m 30s
		76120 Time iteration: 0.78 | Time plot: 0.67 | Simulation time: 21h 8m 40s
		76130 Time iteration: 0.80 | Time plot: 0.00 | Simulation time: 21h 8m 50s
		76140 Time iteration: 0.79 | Time plot: 0.71 | Simulation time: 21h 9m 0s
		76150 Time iteration: 0.96 | Time plot: 0.00 | Simulation time: 21h 9m 10s
		76160 Time iteration: 0.78 | Time plot: 0.68 | Simulation time: 21h 9m 20s
		76170 Time iteration: 0.79 | Time plot: 0.00 | Simulation time: 21h 9m 30s
		76180 Time iteration: 0.77 | Time plot: 0.68 | Simulation time: 21h 9m 40s
		76190 Time iteration: 0.79 | Time plot: 0.00 | Simulation time: 21h 9m 50s
		76200 Time iteration: 1.03 | Time plot: 0.70 | Simulation time: 21h 10m 0s
		76210 Time iteration: 0.80 | Time plot: 0.00 | Simulation time: 21h 10m 10s
		76220 Time iteration: 0.84 | Time plot: 0.68 | Simulation time: 21h 10m 20s
		76230 Time iteration: 0.79 | Time plot: 0.00 | Simulation time: 21h 10m 30s
		76240 Time iteration: 0.78 | Time plot: 0.66 | Simulation time: 21h 10m 40s
		76250 Time iteration: 0.82 | Time plot: 0.00 | Simulation time: 21h 10m 50s
		76260 Time iteration: 0.79 | Time plot: 0.66 | Simulation time: 21h 11m 0s
		76270 Time iteration: 0.78 | Time plot: 0.00 | Simulation time: 21h 11m 10s
		76280 Time iteration: 0.78 | Time plot: 0.65 | Simulation time: 21h 11m 20s
		76290 Time iteration: 0.78 | Time plot: 0.00 | Simulation time: 21h 11m 30s
		76300 Time iteration: 0.97 | Time plot: 0.69 | Simulation time: 21h 11m 40s
		76310 Time iteration: 0.80 | Time plot: 0.00 | Simulation time: 21h 11m 50s
		76320 Time iteration: 0.78 | Time plot: 0.66 | Simulation time: 21h 12m 0s
		76330 Time iteration: 0.80 | Time plot: 0.00 | Simulation time: 21h 12m 10s
		76340 Time iteration: 0.78 | Time plot: 0.68 | Simulation time: 21h 12m 20s
		76350 Time iteration: 0.78 | Time plot: 0.00 | Simulation time: 21h 12m 30s
		76360 Time iteration: 0.80 | Time plot: 0.68 | Simulation time: 21h 12m 40s
		76370 Time iteration: 0.78 | Time plot: 0.00 | Simulation time: 21h 12m 50s
		76380 Time iteration: 0.76 | Time plot: 0.67 | Simulation time: 21h 13m 0s
		76390 Time iteration: 0.77 | Time plot: 0.00 | Simulation time: 21h 13m 10s
		76400 Time iteration: 0.91 | Time plot: 0.67 | Simulation time: 21h 13m 20s
		76410 Time iteration: 0.77 | Time plot: 0.00 | Simulation time: 21h 13m 30s
		76420 Time iteration: 0.78 | Time plot: 0.67 | Simulation time: 21h 13m 40s
		76430 Time iteration: 0.76 | Time plot: 0.00 | Simulation time: 21h 13m 50s
		76440 Time iteration: 0.78 | Time plot: 0.74 | Simulation time: 21h 14m 0s
		76450 Time iteration: 0.77 | Time plot: 0.00 | Simulation time: 21h 14m 10s
		76460 Time iteration: 0.79 | Time plot: 0.78 | Simulation time: 21h 14m 20s
		76470 Time iteration: 0.81 | Time plot: 0.00 | Simulation time: 21h 14m 30s
		76480 Time iteration: 0.79 | Time plot: 0.95 | Simulation time: 21h 14m 40s
		76490 Time iteration: 0.78 | Time plot: 0.00 | Simulation time: 21h 14m 50s
		76500 Time iteration: 0.95 | Time plot: 0.81 | Simulation time: 21h 15m 0s
		76510 Time iteration: 0.77 | Time plot: 0.00 | Simulation time: 21h 15m 10s
		76520 Time iteration: 0.81 | Time plot: 0.71 | Simulation time: 21h 15m 20s
		76530 Time iteration: 0.80 | Time plot: 0.00 | Simulation time: 21h 15m 30s
		76540 Time iteration: 0.79 | Time plot: 0.70 | Simulation time: 21h 15m 40s
		76550 Time iteration: 0.78 | Time plot: 0.00 | Simulation time: 21h 15m 50s
		76560 Time iteration: 0.77 | Time plot: 0.68 | Simulation time: 21h 16m 0s
		76570 Time iteration: 0.78 | Time plot: 0.00 | Simulation time: 21h 16m 10s
		76580 Time iteration: 0.80 | Time plot: 0.80 | Simulation time: 21h 16m 20s
		76590 Time iteration: 0.77 | Time plot: 0.00 | Simulation time: 21h 16m 30s
		76600 Time iteration: 3.13 | Time plot: 1.62 | Simulation time: 21h 16m 40s
		76610 Time iteration: 0.80 | Time plot: 0.00 | Simulation time: 21h 16m 50s
		76620 Time iteration: 0.78 | Time plot: 0.71 | Simulation time: 21h 17m 0s
		76630 Time iteration: 0.80 | Time plot: 0.00 | Simulation time: 21h 17m 10s
		76640 Time iteration: 0.80 | Time plot: 1.31 | Simulation time: 21h 17m 20s
		76650 Time iteration: 0.82 | Time plot: 0.00 | Simulation time: 21h 17m 30s
		76660 Time iteration: 0.78 | Time plot: 1.15 | Simulation time: 21h 17m 40s
		76670 Time iteration: 0.80 | Time plot: 0.00 | Simulation time: 21h 17m 50s
		76680 Time iteration: 0.80 | Time plot: 0.68 | Simulation time: 21h 18m 0s
		76690 Time iteration: 0.80 | Time plot: 0.00 | Simulation time: 21h 18m 10s
		76700 Time iteration: 0.95 | Time plot: 0.75 | Simulation time: 21h 18m 20s
		76710 Time iteration: 0.82 | Time plot: 0.00 | Simulation time: 21h 18m 30s
		76720 Time iteration: 0.80 | Time plot: 0.68 | Simulation time: 21h 18m 40s
		76730 Time iteration: 0.80 | Time plot: 0.00 | Simulation time: 21h 18m 50s
		76740 Time iteration: 0.80 | Time plot: 0.68 | Simulation time: 21h 19m 0s
		76750 Time iteration: 0.81 | Time plot: 0.00 | Simulation time: 21h 19m 10s
		76760 Time iteration: 0.79 | Time plot: 0.69 | Simulation time: 21h 19m 20s
		76770 Time iteration: 0.79 | Time plot: 0.00 | Simulation time: 21h 19m 30s
		76780 Time iteration: 0.80 | Time plot: 0.68 | Simulation time: 21h 19m 40s
		76790 Time iteration: 0.80 | Time plot: 0.00 | Simulation time: 21h 19m 50s
		76800 Time iteration: 1.23 | Time plot: 1.17 | Simulation time: 21h 20m 0s
		76810 Time iteration: 0.80 | Time plot: 0.00 | Simulation time: 21h 20m 10s
		76820 Time iteration: 0.79 | Time plot: 0.88 | Simulation time: 21h 20m 20s
		76830 Time iteration: 0.79 | Time plot: 0.00 | Simulation time: 21h 20m 30s
		76840 Time iteration: 0.82 | Time plot: 0.68 | Simulation time: 21h 20m 40s
		76850 Time iteration: 0.78 | Time plot: 0.00 | Simulation time: 21h 20m 50s
		76860 Time iteration: 0.80 | Time plot: 0.70 | Simulation time: 21h 21m 0s
		76870 Time iteration: 0.82 | Time plot: 0.00 | Simulation time: 21h 21m 10s
		76880 Time iteration: 0.80 | Time plot: 0.69 | Simulation time: 21h 21m 20s
		76890 Time iteration: 0.79 | Time plot: 0.00 | Simulation time: 21h 21m 30s
		76900 Time iteration: 1.72 | Time plot: 1.41 | Simulation time: 21h 21m 40s
		76910 Time iteration: 0.79 | Time plot: 0.00 | Simulation time: 21h 21m 50s
		76920 Time iteration: 0.80 | Time plot: 1.07 | Simulation time: 21h 22m 0s
		76930 Time iteration: 0.82 | Time plot: 0.00 | Simulation time: 21h 22m 10s
		76940 Time iteration: 0.80 | Time plot: 0.80 | Simulation time: 21h 22m 20s
		76950 Time iteration: 0.81 | Time plot: 0.00 | Simulation time: 21h 22m 30s
		76960 Time iteration: 0.80 | Time plot: 0.81 | Simulation time: 21h 22m 40s
		76970 Time iteration: 0.99 | Time plot: 0.00 | Simulation time: 21h 22m 50s
		76980 Time iteration: 0.79 | Time plot: 0.85 | Simulation time: 21h 23m 0s
		76990 Time iteration: 0.81 | Time plot: 0.00 | Simulation time: 21h 23m 10s
		77000 Time iteration: 1.13 | Time plot: 1.23 | Simulation time: 21h 23m 20s
		77010 Time iteration: 0.79 | Time plot: 0.00 | Simulation time: 21h 23m 30s
		77020 Time iteration: 0.80 | Time plot: 1.15 | Simulation time: 21h 23m 40s
		77030 Time iteration: 0.79 | Time plot: 0.00 | Simulation time: 21h 23m 50s
		77040 Time iteration: 0.79 | Time plot: 0.77 | Simulation time: 21h 24m 0s
		77050 Time iteration: 0.80 | Time plot: 0.00 | Simulation time: 21h 24m 10s
		77060 Time iteration: 0.81 | Time plot: 0.69 | Simulation time: 21h 24m 20s
		77070 Time iteration: 0.80 | Time plot: 0.00 | Simulation time: 21h 24m 30s
		77080 Time iteration: 0.80 | Time plot: 0.70 | Simulation time: 21h 24m 40s
		77090 Time iteration: 0.80 | Time plot: 0.00 | Simulation time: 21h 24m 50s
		77100 Time iteration: 1.71 | Time plot: 0.78 | Simulation time: 21h 25m 0s
		77110 Time iteration: 0.79 | Time plot: 0.00 | Simulation time: 21h 25m 10s
		77120 Time iteration: 0.79 | Time plot: 0.68 | Simulation time: 21h 25m 20s
		77130 Time iteration: 0.91 | Time plot: 0.00 | Simulation time: 21h 25m 30s
		77140 Time iteration: 0.87 | Time plot: 0.73 | Simulation time: 21h 25m 40s
		77150 Time iteration: 0.79 | Time plot: 0.00 | Simulation time: 21h 25m 50s
		77160 Time iteration: 0.85 | Time plot: 0.71 | Simulation time: 21h 26m 0s
		77170 Time iteration: 0.80 | Time plot: 0.00 | Simulation time: 21h 26m 10s
		77180 Time iteration: 0.81 | Time plot: 0.67 | Simulation time: 21h 26m 20s
		77190 Time iteration: 0.81 | Time plot: 0.00 | Simulation time: 21h 26m 30s
		77200 Time iteration: 1.75 | Time plot: 0.72 | Simulation time: 21h 26m 40s
		77210 Time iteration: 0.80 | Time plot: 0.00 | Simulation time: 21h 26m 50s
		77220 Time iteration: 0.82 | Time plot: 1.11 | Simulation time: 21h 27m 0s
		77230 Time iteration: 0.78 | Time plot: 0.00 | Simulation time: 21h 27m 10s
		77240 Time iteration: 0.81 | Time plot: 0.67 | Simulation time: 21h 27m 20s
		77250 Time iteration: 0.79 | Time plot: 0.00 | Simulation time: 21h 27m 30s
		77260 Time iteration: 0.82 | Time plot: 0.85 | Simulation time: 21h 27m 40s
		77270 Time iteration: 0.82 | Time plot: 0.00 | Simulation time: 21h 27m 50s
		77280 Time iteration: 0.81 | Time plot: 0.98 | Simulation time: 21h 28m 0s
		77290 Time iteration: 0.80 | Time plot: 0.00 | Simulation time: 21h 28m 10s
		77300 Time iteration: 0.94 | Time plot: 0.67 | Simulation time: 21h 28m 20s
		77310 Time iteration: 0.77 | Time plot: 0.00 | Simulation time: 21h 28m 30s
		77320 Time iteration: 0.77 | Time plot: 0.64 | Simulation time: 21h 28m 40s
		77330 Time iteration: 0.76 | Time plot: 0.00 | Simulation time: 21h 28m 50s
		77340 Time iteration: 0.75 | Time plot: 0.65 | Simulation time: 21h 29m 0s
		77350 Time iteration: 0.76 | Time plot: 0.00 | Simulation time: 21h 29m 10s
		77360 Time iteration: 0.77 | Time plot: 0.66 | Simulation time: 21h 29m 20s
		77370 Time iteration: 0.76 | Time plot: 0.00 | Simulation time: 21h 29m 30s
		77380 Time iteration: 0.75 | Time plot: 0.68 | Simulation time: 21h 29m 40s
		77390 Time iteration: 0.77 | Time plot: 0.00 | Simulation time: 21h 29m 50s
		77400 Time iteration: 0.93 | Time plot: 0.69 | Simulation time: 21h 30m 0s
		77410 Time iteration: 0.76 | Time plot: 0.00 | Simulation time: 21h 30m 10s
		77420 Time iteration: 0.76 | Time plot: 0.69 | Simulation time: 21h 30m 20s
		77430 Time iteration: 0.92 | Time plot: 0.00 | Simulation time: 21h 30m 30s
		77440 Time iteration: 1.07 | Time plot: 1.76 | Simulation time: 21h 30m 40s
		77450 Time iteration: 0.78 | Time plot: 0.00 | Simulation time: 21h 30m 50s
		77460 Time iteration: 0.78 | Time plot: 1.23 | Simulation time: 21h 31m 0s
		77470 Time iteration: 0.76 | Time plot: 0.00 | Simulation time: 21h 31m 10s
		77480 Time iteration: 0.76 | Time plot: 0.96 | Simulation time: 21h 31m 20s
		77490 Time iteration: 0.76 | Time plot: 0.00 | Simulation time: 21h 31m 30s
		77500 Time iteration: 1.32 | Time plot: 1.28 | Simulation time: 21h 31m 40s
		77510 Time iteration: 0.74 | Time plot: 0.00 | Simulation time: 21h 31m 50s
		77520 Time iteration: 0.75 | Time plot: 1.04 | Simulation time: 21h 32m 0s
		77530 Time iteration: 0.74 | Time plot: 0.00 | Simulation time: 21h 32m 10s
		77540 Time iteration: 0.74 | Time plot: 1.23 | Simulation time: 21h 32m 20s
		77550 Time iteration: 0.78 | Time plot: 0.00 | Simulation time: 21h 32m 30s
		77560 Time iteration: 0.76 | Time plot: 0.82 | Simulation time: 21h 32m 40s
		77570 Time iteration: 0.77 | Time plot: 0.00 | Simulation time: 21h 32m 50s
		77580 Time iteration: 0.74 | Time plot: 0.72 | Simulation time: 21h 33m 0s
		77590 Time iteration: 0.76 | Time plot: 0.00 | Simulation time: 21h 33m 10s
		77600 Time iteration: 3.03 | Time plot: 1.13 | Simulation time: 21h 33m 20s
		77610 Time iteration: 0.76 | Time plot: 0.00 | Simulation time: 21h 33m 30s
		77620 Time iteration: 0.74 | Time plot: 1.19 | Simulation time: 21h 33m 40s
		77630 Time iteration: 0.75 | Time plot: 0.00 | Simulation time: 21h 33m 50s
		77640 Time iteration: 0.76 | Time plot: 0.81 | Simulation time: 21h 34m 0s
		77650 Time iteration: 0.76 | Time plot: 0.00 | Simulation time: 21h 34m 10s
		77660 Time iteration: 0.84 | Time plot: 0.91 | Simulation time: 21h 34m 20s
		77670 Time iteration: 0.74 | Time plot: 0.00 | Simulation time: 21h 34m 30s
		77680 Time iteration: 0.75 | Time plot: 0.68 | Simulation time: 21h 34m 40s
		77690 Time iteration: 0.74 | Time plot: 0.00 | Simulation time: 21h 34m 50s
		77700 Time iteration: 1.11 | Time plot: 0.70 | Simulation time: 21h 35m 0s
!! Cue_plane3_sat1: Observed Target 469 at off-nadir 0.0 deg
		77710 Time iteration: 0.77 | Time plot: 0.00 | Simulation time: 21h 35m 10s
		77720 Time iteration: 0.76 | Time plot: 0.69 | Simulation time: 21h 35m 20s
		77730 Time iteration: 0.78 | Time plot: 0.00 | Simulation time: 21h 35m 30s
		77740 Time iteration: 0.76 | Time plot: 0.68 | Simulation time: 21h 35m 40s
		77750 Time iteration: 0.77 | Time plot: 0.00 | Simulation time: 21h 35m 50s
		77760 Time iteration: 0.76 | Time plot: 0.77 | Simulation time: 21h 36m 0s
!! Cue_plane0_sat0: Confirmed Target 469=whale (actual=whale)
		77770 Time iteration: 0.75 | Time plot: 0.00 | Simulation time: 21h 36m 10s
		77780 Time iteration: 0.76 | Time plot: 0.79 | Simulation time: 21h 36m 20s
		77790 Time iteration: 0.78 | Time plot: 0.00 | Simulation time: 21h 36m 30s
		77800 Time iteration: 1.12 | Time plot: 1.13 | Simulation time: 21h 36m 40s
		77810 Time iteration: 0.77 | Time plot: 0.00 | Simulation time: 21h 36m 50s
		77820 Time iteration: 0.77 | Time plot: 0.89 | Simulation time: 21h 37m 0s
		77830 Time iteration: 0.78 | Time plot: 0.00 | Simulation time: 21h 37m 10s
		77840 Time iteration: 0.76 | Time plot: 0.83 | Simulation time: 21h 37m 20s
		77850 Time iteration: 1.29 | Time plot: 0.00 | Simulation time: 21h 37m 30s
		77860 Time iteration: 0.76 | Time plot: 1.03 | Simulation time: 21h 37m 40s
		77870 Time iteration: 0.76 | Time plot: 0.00 | Simulation time: 21h 37m 50s
		77880 Time iteration: 0.76 | Time plot: 1.04 | Simulation time: 21h 38m 0s
		77890 Time iteration: 0.75 | Time plot: 0.00 | Simulation time: 21h 38m 10s
		77900 Time iteration: 1.31 | Time plot: 1.66 | Simulation time: 21h 38m 20s
		77910 Time iteration: 0.76 | Time plot: 0.00 | Simulation time: 21h 38m 30s
		77920 Time iteration: 0.77 | Time plot: 0.81 | Simulation time: 21h 38m 40s
		77930 Time iteration: 0.76 | Time plot: 0.00 | Simulation time: 21h 38m 50s
		77940 Time iteration: 0.75 | Time plot: 0.69 | Simulation time: 21h 39m 0s
		77950 Time iteration: 0.75 | Time plot: 0.00 | Simulation time: 21h 39m 10s
		77960 Time iteration: 0.75 | Time plot: 0.67 | Simulation time: 21h 39m 20s
		77970 Time iteration: 0.77 | Time plot: 0.00 | Simulation time: 21h 39m 30s
		77980 Time iteration: 0.75 | Time plot: 0.69 | Simulation time: 21h 39m 40s
		77990 Time iteration: 0.76 | Time plot: 0.00 | Simulation time: 21h 39m 50s
		78000 Time iteration: 4.18 | Time plot: 0.87 | Simulation time: 21h 40m 0s
		78010 Time iteration: 0.76 | Time plot: 0.00 | Simulation time: 21h 40m 10s
		78020 Time iteration: 0.75 | Time plot: 1.07 | Simulation time: 21h 40m 20s
		78030 Time iteration: 0.75 | Time plot: 0.00 | Simulation time: 21h 40m 30s
		78040 Time iteration: 0.76 | Time plot: 1.15 | Simulation time: 21h 40m 40s
		78050 Time iteration: 0.76 | Time plot: 0.00 | Simulation time: 21h 40m 50s
		78060 Time iteration: 0.75 | Time plot: 0.83 | Simulation time: 21h 41m 0s
		78070 Time iteration: 0.76 | Time plot: 0.00 | Simulation time: 21h 41m 10s
		78080 Time iteration: 0.76 | Time plot: 0.69 | Simulation time: 21h 41m 20s
		78090 Time iteration: 0.77 | Time plot: 0.00 | Simulation time: 21h 41m 30s
		78100 Time iteration: 1.50 | Time plot: 0.73 | Simulation time: 21h 41m 40s
		78110 Time iteration: 0.75 | Time plot: 0.00 | Simulation time: 21h 41m 50s
		78120 Time iteration: 0.79 | Time plot: 0.66 | Simulation time: 21h 42m 0s
		78130 Time iteration: 0.78 | Time plot: 0.00 | Simulation time: 21h 42m 10s
		78140 Time iteration: 0.78 | Time plot: 0.96 | Simulation time: 21h 42m 20s
		78150 Time iteration: 0.83 | Time plot: 0.00 | Simulation time: 21h 42m 30s
		78160 Time iteration: 0.77 | Time plot: 1.42 | Simulation time: 21h 42m 40s
		78170 Time iteration: 0.77 | Time plot: 0.00 | Simulation time: 21h 42m 50s
		78180 Time iteration: 0.80 | Time plot: 1.02 | Simulation time: 21h 43m 0s
		78190 Time iteration: 0.79 | Time plot: 0.00 | Simulation time: 21h 43m 10s
		78200 Time iteration: 1.10 | Time plot: 1.06 | Simulation time: 21h 43m 20s
		78210 Time iteration: 0.77 | Time plot: 0.00 | Simulation time: 21h 43m 30s
		78220 Time iteration: 0.80 | Time plot: 1.12 | Simulation time: 21h 43m 40s
		78230 Time iteration: 0.78 | Time plot: 0.00 | Simulation time: 21h 43m 50s
		78240 Time iteration: 0.78 | Time plot: 1.09 | Simulation time: 21h 44m 0s
		78250 Time iteration: 0.93 | Time plot: 0.00 | Simulation time: 21h 44m 10s
		78260 Time iteration: 0.78 | Time plot: 0.90 | Simulation time: 21h 44m 20s
		78270 Time iteration: 0.77 | Time plot: 0.00 | Simulation time: 21h 44m 30s
		78280 Time iteration: 0.78 | Time plot: 0.70 | Simulation time: 21h 44m 40s
		78290 Time iteration: 0.79 | Time plot: 0.00 | Simulation time: 21h 44m 50s
		78300 Time iteration: 2.56 | Time plot: 1.70 | Simulation time: 21h 45m 0s
		78310 Time iteration: 0.78 | Time plot: 0.00 | Simulation time: 21h 45m 10s
		78320 Time iteration: 0.78 | Time plot: 0.74 | Simulation time: 21h 45m 20s
		78330 Time iteration: 0.79 | Time plot: 0.00 | Simulation time: 21h 45m 30s
		78340 Time iteration: 0.81 | Time plot: 0.68 | Simulation time: 21h 45m 40s
		78350 Time iteration: 0.81 | Time plot: 0.00 | Simulation time: 21h 45m 50s
		78360 Time iteration: 0.79 | Time plot: 0.67 | Simulation time: 21h 46m 0s
		78370 Time iteration: 0.77 | Time plot: 0.00 | Simulation time: 21h 46m 10s
		78380 Time iteration: 0.77 | Time plot: 0.67 | Simulation time: 21h 46m 20s
		78390 Time iteration: 0.76 | Time plot: 0.00 | Simulation time: 21h 46m 30s
		78400 Time iteration: 1.36 | Time plot: 0.66 | Simulation time: 21h 46m 40s
		78410 Time iteration: 0.78 | Time plot: 0.00 | Simulation time: 21h 46m 50s
		78420 Time iteration: 0.75 | Time plot: 0.66 | Simulation time: 21h 47m 0s
		78430 Time iteration: 0.75 | Time plot: 0.00 | Simulation time: 21h 47m 10s
		78440 Time iteration: 0.79 | Time plot: 0.68 | Simulation time: 21h 47m 20s
		78450 Time iteration: 0.78 | Time plot: 0.00 | Simulation time: 21h 47m 30s
		78460 Time iteration: 0.79 | Time plot: 0.67 | Simulation time: 21h 47m 40s
		78470 Time iteration: 0.77 | Time plot: 0.00 | Simulation time: 21h 47m 50s
		78480 Time iteration: 0.77 | Time plot: 0.65 | Simulation time: 21h 48m 0s
		78490 Time iteration: 0.77 | Time plot: 0.00 | Simulation time: 21h 48m 10s
		78500 Time iteration: 0.92 | Time plot: 0.66 | Simulation time: 21h 48m 20s
		78510 Time iteration: 0.79 | Time plot: 0.00 | Simulation time: 21h 48m 30s
		78520 Time iteration: 0.79 | Time plot: 0.66 | Simulation time: 21h 48m 40s
		78530 Time iteration: 0.77 | Time plot: 0.00 | Simulation time: 21h 48m 50s
		78540 Time iteration: 0.78 | Time plot: 0.68 | Simulation time: 21h 49m 0s
		78550 Time iteration: 0.79 | Time plot: 0.00 | Simulation time: 21h 49m 10s
		78560 Time iteration: 0.77 | Time plot: 0.67 | Simulation time: 21h 49m 20s
		78570 Time iteration: 0.78 | Time plot: 0.00 | Simulation time: 21h 49m 30s
		78580 Time iteration: 0.78 | Time plot: 0.76 | Simulation time: 21h 49m 40s
		78590 Time iteration: 0.77 | Time plot: 0.00 | Simulation time: 21h 49m 50s
		78600 Time iteration: 0.95 | Time plot: 0.67 | Simulation time: 21h 50m 0s
		78610 Time iteration: 0.77 | Time plot: 0.00 | Simulation time: 21h 50m 10s
		78620 Time iteration: 0.79 | Time plot: 0.68 | Simulation time: 21h 50m 20s
		78630 Time iteration: 0.78 | Time plot: 0.00 | Simulation time: 21h 50m 30s
		78640 Time iteration: 0.77 | Time plot: 0.67 | Simulation time: 21h 50m 40s
		78650 Time iteration: 0.78 | Time plot: 0.00 | Simulation time: 21h 50m 50s
		78660 Time iteration: 0.81 | Time plot: 1.23 | Simulation time: 21h 51m 0s
		78670 Time iteration: 0.79 | Time plot: 0.00 | Simulation time: 21h 51m 10s
		78680 Time iteration: 0.80 | Time plot: 0.96 | Simulation time: 21h 51m 20s
		78690 Time iteration: 0.78 | Time plot: 0.00 | Simulation time: 21h 51m 30s
		78700 Time iteration: 0.95 | Time plot: 0.73 | Simulation time: 21h 51m 40s
		78710 Time iteration: 0.86 | Time plot: 0.00 | Simulation time: 21h 51m 50s
		78720 Time iteration: 0.78 | Time plot: 0.71 | Simulation time: 21h 52m 0s
		78730 Time iteration: 0.80 | Time plot: 0.00 | Simulation time: 21h 52m 10s
		78740 Time iteration: 0.86 | Time plot: 0.72 | Simulation time: 21h 52m 20s
		78750 Time iteration: 0.77 | Time plot: 0.00 | Simulation time: 21h 52m 30s
		78760 Time iteration: 0.77 | Time plot: 0.69 | Simulation time: 21h 52m 40s
		78770 Time iteration: 0.77 | Time plot: 0.00 | Simulation time: 21h 52m 50s
		78780 Time iteration: 0.78 | Time plot: 0.68 | Simulation time: 21h 53m 0s
		78790 Time iteration: 0.79 | Time plot: 0.00 | Simulation time: 21h 53m 10s
		78800 Time iteration: 1.28 | Time plot: 1.11 | Simulation time: 21h 53m 20s
		78810 Time iteration: 0.77 | Time plot: 0.00 | Simulation time: 21h 53m 30s
		78820 Time iteration: 0.79 | Time plot: 1.25 | Simulation time: 21h 53m 40s
		78830 Time iteration: 0.79 | Time plot: 0.00 | Simulation time: 21h 53m 50s
		78840 Time iteration: 0.76 | Time plot: 1.47 | Simulation time: 21h 54m 0s
		78850 Time iteration: 0.78 | Time plot: 0.00 | Simulation time: 21h 54m 10s
		78860 Time iteration: 0.79 | Time plot: 1.07 | Simulation time: 21h 54m 20s
		78870 Time iteration: 0.79 | Time plot: 0.00 | Simulation time: 21h 54m 30s
		78880 Time iteration: 0.79 | Time plot: 1.16 | Simulation time: 21h 54m 40s
!! Cue_plane1_sat0: Observed Target 3 at off-nadir 0.0 deg
!! Cue_plane5_sat0: Observed Target 29 at off-nadir 0.0 deg
		78890 Time iteration: 0.78 | Time plot: 0.00 | Simulation time: 21h 54m 50s
		78900 Time iteration: 1.38 | Time plot: 1.17 | Simulation time: 21h 55m 0s
		78910 Time iteration: 0.78 | Time plot: 0.00 | Simulation time: 21h 55m 10s
		78920 Time iteration: 0.77 | Time plot: 1.13 | Simulation time: 21h 55m 20s
		78930 Time iteration: 0.79 | Time plot: 0.00 | Simulation time: 21h 55m 30s
		78940 Time iteration: 0.79 | Time plot: 1.20 | Simulation time: 21h 55m 40s
!! Cue_plane0_sat0: Confirmed Target 3=whale (actual=whale)
!! Cue_plane0_sat0: Confirmed Target 29=whale (actual=whale)
		78950 Time iteration: 0.91 | Time plot: 0.00 | Simulation time: 21h 55m 50s
		78960 Time iteration: 0.88 | Time plot: 0.88 | Simulation time: 21h 56m 0s
		78970 Time iteration: 0.81 | Time plot: 0.00 | Simulation time: 21h 56m 10s
		78980 Time iteration: 0.80 | Time plot: 0.69 | Simulation time: 21h 56m 20s
		78990 Time iteration: 0.77 | Time plot: 0.00 | Simulation time: 21h 56m 30s
		79000 Time iteration: 2.14 | Time plot: 0.90 | Simulation time: 21h 56m 40s
		79010 Time iteration: 0.79 | Time plot: 0.00 | Simulation time: 21h 56m 50s
		79020 Time iteration: 0.77 | Time plot: 1.17 | Simulation time: 21h 57m 0s
		79030 Time iteration: 0.78 | Time plot: 0.00 | Simulation time: 21h 57m 10s
		79040 Time iteration: 0.77 | Time plot: 0.81 | Simulation time: 21h 57m 20s
		79050 Time iteration: 0.79 | Time plot: 0.00 | Simulation time: 21h 57m 30s
		79060 Time iteration: 0.77 | Time plot: 1.04 | Simulation time: 21h 57m 40s
		79070 Time iteration: 0.78 | Time plot: 0.00 | Simulation time: 21h 57m 50s
		79080 Time iteration: 0.78 | Time plot: 1.13 | Simulation time: 21h 58m 0s
		79090 Time iteration: 0.77 | Time plot: 0.00 | Simulation time: 21h 58m 10s
		79100 Time iteration: 1.36 | Time plot: 1.26 | Simulation time: 21h 58m 20s
		79110 Time iteration: 0.77 | Time plot: 0.00 | Simulation time: 21h 58m 30s
		79120 Time iteration: 0.78 | Time plot: 0.70 | Simulation time: 21h 58m 40s
		79130 Time iteration: 0.77 | Time plot: 0.00 | Simulation time: 21h 58m 50s
		79140 Time iteration: 0.80 | Time plot: 0.68 | Simulation time: 21h 59m 0s
		79150 Time iteration: 0.78 | Time plot: 0.00 | Simulation time: 21h 59m 10s
		79160 Time iteration: 0.77 | Time plot: 0.67 | Simulation time: 21h 59m 20s
		79170 Time iteration: 0.79 | Time plot: 0.00 | Simulation time: 21h 59m 30s
		79180 Time iteration: 0.77 | Time plot: 0.68 | Simulation time: 21h 59m 40s
		79190 Time iteration: 0.77 | Time plot: 0.00 | Simulation time: 21h 59m 50s
		79200 Time iteration: 2.23 | Time plot: 0.91 | Simulation time: 22h 0m 0s
		79210 Time iteration: 0.78 | Time plot: 0.00 | Simulation time: 22h 0m 10s
		79220 Time iteration: 0.77 | Time plot: 0.69 | Simulation time: 22h 0m 20s
		79230 Time iteration: 0.79 | Time plot: 0.00 | Simulation time: 22h 0m 30s
		79240 Time iteration: 0.77 | Time plot: 0.72 | Simulation time: 22h 0m 40s
		79250 Time iteration: 0.80 | Time plot: 0.00 | Simulation time: 22h 0m 50s
		79260 Time iteration: 0.78 | Time plot: 0.67 | Simulation time: 22h 1m 0s
		79270 Time iteration: 0.82 | Time plot: 0.00 | Simulation time: 22h 1m 10s
		79280 Time iteration: 0.78 | Time plot: 0.74 | Simulation time: 22h 1m 20s
		79290 Time iteration: 0.77 | Time plot: 0.00 | Simulation time: 22h 1m 30s
		79300 Time iteration: 4.28 | Time plot: 1.23 | Simulation time: 22h 1m 40s
		79310 Time iteration: 0.77 | Time plot: 0.00 | Simulation time: 22h 1m 50s
		79320 Time iteration: 0.77 | Time plot: 1.14 | Simulation time: 22h 2m 0s
		79330 Time iteration: 0.76 | Time plot: 0.00 | Simulation time: 22h 2m 10s
		79340 Time iteration: 0.77 | Time plot: 1.16 | Simulation time: 22h 2m 20s
		79350 Time iteration: 0.78 | Time plot: 0.00 | Simulation time: 22h 2m 30s
		79360 Time iteration: 0.78 | Time plot: 1.18 | Simulation time: 22h 2m 40s
		79370 Time iteration: 0.80 | Time plot: 0.00 | Simulation time: 22h 2m 50s
		79380 Time iteration: 0.79 | Time plot: 0.87 | Simulation time: 22h 3m 0s
		79390 Time iteration: 0.77 | Time plot: 0.00 | Simulation time: 22h 3m 10s
		79400 Time iteration: 2.29 | Time plot: 1.68 | Simulation time: 22h 3m 20s
		79410 Time iteration: 0.79 | Time plot: 0.00 | Simulation time: 22h 3m 30s
		79420 Time iteration: 0.80 | Time plot: 0.83 | Simulation time: 22h 3m 40s
		79430 Time iteration: 0.78 | Time plot: 0.00 | Simulation time: 22h 3m 50s
		79440 Time iteration: 0.78 | Time plot: 0.68 | Simulation time: 22h 4m 0s
		79450 Time iteration: 0.79 | Time plot: 0.00 | Simulation time: 22h 4m 10s
		79460 Time iteration: 0.77 | Time plot: 0.67 | Simulation time: 22h 4m 20s
		79470 Time iteration: 0.78 | Time plot: 0.00 | Simulation time: 22h 4m 30s
		79480 Time iteration: 0.78 | Time plot: 0.68 | Simulation time: 22h 4m 40s
		79490 Time iteration: 0.78 | Time plot: 0.00 | Simulation time: 22h 4m 50s
		79500 Time iteration: 1.14 | Time plot: 0.67 | Simulation time: 22h 5m 0s
		79510 Time iteration: 0.77 | Time plot: 0.00 | Simulation time: 22h 5m 10s
		79520 Time iteration: 0.79 | Time plot: 0.66 | Simulation time: 22h 5m 20s
		79530 Time iteration: 0.77 | Time plot: 0.00 | Simulation time: 22h 5m 30s
		79540 Time iteration: 0.78 | Time plot: 0.68 | Simulation time: 22h 5m 40s
		79550 Time iteration: 0.78 | Time plot: 0.00 | Simulation time: 22h 5m 50s
		79560 Time iteration: 0.79 | Time plot: 0.67 | Simulation time: 22h 6m 0s
		79570 Time iteration: 0.79 | Time plot: 0.00 | Simulation time: 22h 6m 10s
		79580 Time iteration: 0.79 | Time plot: 0.67 | Simulation time: 22h 6m 20s
		79590 Time iteration: 0.78 | Time plot: 0.00 | Simulation time: 22h 6m 30s
		79600 Time iteration: 0.98 | Time plot: 0.66 | Simulation time: 22h 6m 40s
		79610 Time iteration: 0.79 | Time plot: 0.00 | Simulation time: 22h 6m 50s
		79620 Time iteration: 0.79 | Time plot: 0.66 | Simulation time: 22h 7m 0s
		79630 Time iteration: 0.79 | Time plot: 0.00 | Simulation time: 22h 7m 10s
		79640 Time iteration: 0.80 | Time plot: 1.06 | Simulation time: 22h 7m 20s
		79650 Time iteration: 0.80 | Time plot: 0.00 | Simulation time: 22h 7m 30s
		79660 Time iteration: 0.93 | Time plot: 0.75 | Simulation time: 22h 7m 40s
		79670 Time iteration: 0.79 | Time plot: 0.00 | Simulation time: 22h 7m 50s
		79680 Time iteration: 0.80 | Time plot: 0.69 | Simulation time: 22h 8m 0s
		79690 Time iteration: 0.79 | Time plot: 0.00 | Simulation time: 22h 8m 10s
		79700 Time iteration: 1.02 | Time plot: 0.99 | Simulation time: 22h 8m 20s
		79710 Time iteration: 0.80 | Time plot: 0.00 | Simulation time: 22h 8m 30s
		79720 Time iteration: 0.79 | Time plot: 0.74 | Simulation time: 22h 8m 40s
		79730 Time iteration: 0.78 | Time plot: 0.00 | Simulation time: 22h 8m 50s
		79740 Time iteration: 0.81 | Time plot: 0.77 | Simulation time: 22h 9m 0s
		79750 Time iteration: 0.79 | Time plot: 0.00 | Simulation time: 22h 9m 10s
		79760 Time iteration: 0.88 | Time plot: 0.79 | Simulation time: 22h 9m 20s
		79770 Time iteration: 0.81 | Time plot: 0.00 | Simulation time: 22h 9m 30s
		79780 Time iteration: 0.81 | Time plot: 0.73 | Simulation time: 22h 9m 40s
		79790 Time iteration: 0.79 | Time plot: 0.00 | Simulation time: 22h 9m 50s
		79800 Time iteration: 5.09 | Time plot: 1.37 | Simulation time: 22h 10m 0s
		79810 Time iteration: 0.79 | Time plot: 0.00 | Simulation time: 22h 10m 10s
		79820 Time iteration: 0.80 | Time plot: 1.15 | Simulation time: 22h 10m 20s
		79830 Time iteration: 0.81 | Time plot: 0.00 | Simulation time: 22h 10m 30s
		79840 Time iteration: 0.81 | Time plot: 0.80 | Simulation time: 22h 10m 40s
		79850 Time iteration: 0.82 | Time plot: 0.00 | Simulation time: 22h 10m 50s
		79860 Time iteration: 0.79 | Time plot: 0.85 | Simulation time: 22h 11m 0s
		79870 Time iteration: 0.81 | Time plot: 0.00 | Simulation time: 22h 11m 10s
		79880 Time iteration: 0.79 | Time plot: 0.82 | Simulation time: 22h 11m 20s
		79890 Time iteration: 0.81 | Time plot: 0.00 | Simulation time: 22h 11m 30s
		79900 Time iteration: 2.00 | Time plot: 0.98 | Simulation time: 22h 11m 40s
		79910 Time iteration: 0.85 | Time plot: 0.00 | Simulation time: 22h 11m 50s
		79920 Time iteration: 0.80 | Time plot: 0.71 | Simulation time: 22h 12m 0s
		79930 Time iteration: 0.80 | Time plot: 0.00 | Simulation time: 22h 12m 10s
		79940 Time iteration: 0.81 | Time plot: 0.68 | Simulation time: 22h 12m 20s
		79950 Time iteration: 0.79 | Time plot: 0.00 | Simulation time: 22h 12m 30s
		79960 Time iteration: 0.84 | Time plot: 0.70 | Simulation time: 22h 12m 40s
		79970 Time iteration: 0.83 | Time plot: 0.00 | Simulation time: 22h 12m 50s
		79980 Time iteration: 0.78 | Time plot: 0.68 | Simulation time: 22h 13m 0s
		79990 Time iteration: 0.79 | Time plot: 0.00 | Simulation time: 22h 13m 10s
		80000 Time iteration: 4.29 | Time plot: 1.26 | Simulation time: 22h 13m 20s
		80010 Time iteration: 0.79 | Time plot: 0.00 | Simulation time: 22h 13m 30s
		80020 Time iteration: 0.80 | Time plot: 0.81 | Simulation time: 22h 13m 40s
		80030 Time iteration: 0.81 | Time plot: 0.00 | Simulation time: 22h 13m 50s
		80040 Time iteration: 0.79 | Time plot: 0.69 | Simulation time: 22h 14m 0s
		80050 Time iteration: 0.79 | Time plot: 0.00 | Simulation time: 22h 14m 10s
		80060 Time iteration: 0.80 | Time plot: 0.72 | Simulation time: 22h 14m 20s
		80070 Time iteration: 0.80 | Time plot: 0.00 | Simulation time: 22h 14m 30s
		80080 Time iteration: 0.79 | Time plot: 0.69 | Simulation time: 22h 14m 40s
		80090 Time iteration: 0.80 | Time plot: 0.00 | Simulation time: 22h 14m 50s
		80100 Time iteration: 1.42 | Time plot: 0.72 | Simulation time: 22h 15m 0s
		80110 Time iteration: 0.80 | Time plot: 0.00 | Simulation time: 22h 15m 10s
		80120 Time iteration: 0.81 | Time plot: 0.71 | Simulation time: 22h 15m 20s
		80130 Time iteration: 0.82 | Time plot: 0.00 | Simulation time: 22h 15m 30s
		80140 Time iteration: 0.81 | Time plot: 0.66 | Simulation time: 22h 15m 40s
!! Cue_plane3_sat0: Observed Target 232 at off-nadir 0.0 deg
		80150 Time iteration: 1.10 | Time plot: 0.00 | Simulation time: 22h 15m 50s
		80160 Time iteration: 0.79 | Time plot: 0.70 | Simulation time: 22h 16m 0s
		80170 Time iteration: 0.80 | Time plot: 0.00 | Simulation time: 22h 16m 10s
		80180 Time iteration: 0.79 | Time plot: 0.69 | Simulation time: 22h 16m 20s
		80190 Time iteration: 0.79 | Time plot: 0.00 | Simulation time: 22h 16m 30s
		80200 Time iteration: 1.50 | Time plot: 0.67 | Simulation time: 22h 16m 40s
!! Cue_plane0_sat0: Confirmed Target 232=whale (actual=whale)
		80210 Time iteration: 0.93 | Time plot: 0.00 | Simulation time: 22h 16m 50s
		80220 Time iteration: 0.78 | Time plot: 0.68 | Simulation time: 22h 17m 0s
		80230 Time iteration: 0.78 | Time plot: 0.00 | Simulation time: 22h 17m 10s
		80240 Time iteration: 0.76 | Time plot: 0.68 | Simulation time: 22h 17m 20s
		80250 Time iteration: 0.76 | Time plot: 0.00 | Simulation time: 22h 17m 30s
		80260 Time iteration: 0.75 | Time plot: 1.00 | Simulation time: 22h 17m 40s
		80270 Time iteration: 0.76 | Time plot: 0.00 | Simulation time: 22h 17m 50s
		80280 Time iteration: 0.76 | Time plot: 1.33 | Simulation time: 22h 18m 0s
		80290 Time iteration: 0.78 | Time plot: 0.00 | Simulation time: 22h 18m 10s
		80300 Time iteration: 0.91 | Time plot: 0.77 | Simulation time: 22h 18m 20s
		80310 Time iteration: 0.75 | Time plot: 0.00 | Simulation time: 22h 18m 30s
		80320 Time iteration: 0.74 | Time plot: 1.06 | Simulation time: 22h 18m 40s
		80330 Time iteration: 0.77 | Time plot: 0.00 | Simulation time: 22h 18m 50s
		80340 Time iteration: 0.75 | Time plot: 0.68 | Simulation time: 22h 19m 0s
		80350 Time iteration: 0.77 | Time plot: 0.00 | Simulation time: 22h 19m 10s
		80360 Time iteration: 0.76 | Time plot: 0.68 | Simulation time: 22h 19m 20s
		80370 Time iteration: 0.74 | Time plot: 0.00 | Simulation time: 22h 19m 30s
		80380 Time iteration: 0.78 | Time plot: 0.68 | Simulation time: 22h 19m 40s
		80390 Time iteration: 0.75 | Time plot: 0.00 | Simulation time: 22h 19m 50s
		80400 Time iteration: 0.93 | Time plot: 0.70 | Simulation time: 22h 20m 0s
		80410 Time iteration: 0.75 | Time plot: 0.00 | Simulation time: 22h 20m 10s
		80420 Time iteration: 0.73 | Time plot: 0.86 | Simulation time: 22h 20m 20s
		80430 Time iteration: 0.72 | Time plot: 0.00 | Simulation time: 22h 20m 30s
		80440 Time iteration: 0.75 | Time plot: 1.13 | Simulation time: 22h 20m 40s
		80450 Time iteration: 0.72 | Time plot: 0.00 | Simulation time: 22h 20m 50s
		80460 Time iteration: 0.78 | Time plot: 0.68 | Simulation time: 22h 21m 0s
		80470 Time iteration: 0.73 | Time plot: 0.00 | Simulation time: 22h 21m 10s
		80480 Time iteration: 0.73 | Time plot: 0.66 | Simulation time: 22h 21m 20s
		80490 Time iteration: 0.73 | Time plot: 0.00 | Simulation time: 22h 21m 30s
		80500 Time iteration: 0.90 | Time plot: 0.67 | Simulation time: 22h 21m 40s
		80510 Time iteration: 0.74 | Time plot: 0.00 | Simulation time: 22h 21m 50s
		80520 Time iteration: 0.74 | Time plot: 0.68 | Simulation time: 22h 22m 0s
		80530 Time iteration: 0.75 | Time plot: 0.00 | Simulation time: 22h 22m 10s
		80540 Time iteration: 0.73 | Time plot: 0.70 | Simulation time: 22h 22m 20s
		80550 Time iteration: 0.77 | Time plot: 0.00 | Simulation time: 22h 22m 30s
		80560 Time iteration: 0.73 | Time plot: 0.68 | Simulation time: 22h 22m 40s
		80570 Time iteration: 0.73 | Time plot: 0.00 | Simulation time: 22h 22m 50s
		80580 Time iteration: 0.73 | Time plot: 0.68 | Simulation time: 22h 23m 0s
		80590 Time iteration: 0.75 | Time plot: 0.00 | Simulation time: 22h 23m 10s
		80600 Time iteration: 0.90 | Time plot: 0.68 | Simulation time: 22h 23m 20s
		80610 Time iteration: 0.74 | Time plot: 0.00 | Simulation time: 22h 23m 30s
		80620 Time iteration: 0.73 | Time plot: 0.66 | Simulation time: 22h 23m 40s
		80630 Time iteration: 0.73 | Time plot: 0.00 | Simulation time: 22h 23m 50s
		80640 Time iteration: 0.75 | Time plot: 0.85 | Simulation time: 22h 24m 0s
		80650 Time iteration: 0.75 | Time plot: 0.00 | Simulation time: 22h 24m 10s
		80660 Time iteration: 0.73 | Time plot: 0.88 | Simulation time: 22h 24m 20s
		80670 Time iteration: 0.77 | Time plot: 0.00 | Simulation time: 22h 24m 30s
		80680 Time iteration: 0.76 | Time plot: 0.67 | Simulation time: 22h 24m 40s
		80690 Time iteration: 0.78 | Time plot: 0.00 | Simulation time: 22h 24m 50s
		80700 Time iteration: 0.94 | Time plot: 0.76 | Simulation time: 22h 25m 0s
		80710 Time iteration: 0.76 | Time plot: 0.00 | Simulation time: 22h 25m 10s
		80720 Time iteration: 0.75 | Time plot: 1.07 | Simulation time: 22h 25m 20s
		80730 Time iteration: 0.75 | Time plot: 0.00 | Simulation time: 22h 25m 30s
		80740 Time iteration: 0.86 | Time plot: 1.07 | Simulation time: 22h 25m 40s
		80750 Time iteration: 0.76 | Time plot: 0.00 | Simulation time: 22h 25m 50s
		80760 Time iteration: 0.76 | Time plot: 0.67 | Simulation time: 22h 26m 0s
		80770 Time iteration: 0.75 | Time plot: 0.00 | Simulation time: 22h 26m 10s
		80780 Time iteration: 0.76 | Time plot: 0.72 | Simulation time: 22h 26m 20s
		80790 Time iteration: 0.77 | Time plot: 0.00 | Simulation time: 22h 26m 30s
		80800 Time iteration: 1.53 | Time plot: 2.12 | Simulation time: 22h 26m 40s
		80810 Time iteration: 0.75 | Time plot: 0.00 | Simulation time: 22h 26m 50s
		80820 Time iteration: 0.77 | Time plot: 0.79 | Simulation time: 22h 27m 0s
		80830 Time iteration: 0.74 | Time plot: 0.00 | Simulation time: 22h 27m 10s
		80840 Time iteration: 0.77 | Time plot: 0.84 | Simulation time: 22h 27m 20s
		80850 Time iteration: 0.76 | Time plot: 0.00 | Simulation time: 22h 27m 30s
		80860 Time iteration: 0.80 | Time plot: 0.74 | Simulation time: 22h 27m 40s
		80870 Time iteration: 0.75 | Time plot: 0.00 | Simulation time: 22h 27m 50s
		80880 Time iteration: 0.76 | Time plot: 0.66 | Simulation time: 22h 28m 0s
		80890 Time iteration: 0.86 | Time plot: 0.00 | Simulation time: 22h 28m 10s
		80900 Time iteration: 1.15 | Time plot: 0.67 | Simulation time: 22h 28m 20s
		80910 Time iteration: 0.78 | Time plot: 0.00 | Simulation time: 22h 28m 30s
		80920 Time iteration: 0.77 | Time plot: 0.66 | Simulation time: 22h 28m 40s
		80930 Time iteration: 0.76 | Time plot: 0.00 | Simulation time: 22h 28m 50s
		80940 Time iteration: 0.77 | Time plot: 0.67 | Simulation time: 22h 29m 0s
		80950 Time iteration: 0.76 | Time plot: 0.00 | Simulation time: 22h 29m 10s
		80960 Time iteration: 0.76 | Time plot: 0.68 | Simulation time: 22h 29m 20s
		80970 Time iteration: 0.78 | Time plot: 0.00 | Simulation time: 22h 29m 30s
		80980 Time iteration: 0.77 | Time plot: 0.68 | Simulation time: 22h 29m 40s
		80990 Time iteration: 0.76 | Time plot: 0.00 | Simulation time: 22h 29m 50s
		81000 Time iteration: 0.92 | Time plot: 0.68 | Simulation time: 22h 30m 0s
		81010 Time iteration: 0.78 | Time plot: 0.00 | Simulation time: 22h 30m 10s
		81020 Time iteration: 0.75 | Time plot: 0.69 | Simulation time: 22h 30m 20s
		81030 Time iteration: 0.76 | Time plot: 0.00 | Simulation time: 22h 30m 30s
		81040 Time iteration: 0.76 | Time plot: 0.72 | Simulation time: 22h 30m 40s
		81050 Time iteration: 0.75 | Time plot: 0.00 | Simulation time: 22h 30m 50s
		81060 Time iteration: 0.77 | Time plot: 0.74 | Simulation time: 22h 31m 0s
		81070 Time iteration: 0.79 | Time plot: 0.00 | Simulation time: 22h 31m 10s
		81080 Time iteration: 0.77 | Time plot: 0.71 | Simulation time: 22h 31m 20s
		81090 Time iteration: 0.77 | Time plot: 0.00 | Simulation time: 22h 31m 30s
		81100 Time iteration: 0.93 | Time plot: 0.68 | Simulation time: 22h 31m 40s
!! Cue_plane1_sat1: Observed Target 183 at off-nadir 0.0 deg
		81110 Time iteration: 0.82 | Time plot: 0.00 | Simulation time: 22h 31m 50s
		81120 Time iteration: 0.79 | Time plot: 0.68 | Simulation time: 22h 32m 0s
		81130 Time iteration: 0.77 | Time plot: 0.00 | Simulation time: 22h 32m 10s
		81140 Time iteration: 0.78 | Time plot: 1.54 | Simulation time: 22h 32m 20s
		81150 Time iteration: 0.79 | Time plot: 0.00 | Simulation time: 22h 32m 30s
		81160 Time iteration: 0.78 | Time plot: 0.87 | Simulation time: 22h 32m 40s
!! Cue_plane0_sat1: Confirmed Target 183=whale (actual=whale)
		81170 Time iteration: 0.94 | Time plot: 0.00 | Simulation time: 22h 32m 50s
		81180 Time iteration: 0.77 | Time plot: 0.72 | Simulation time: 22h 33m 0s
		81190 Time iteration: 0.82 | Time plot: 0.00 | Simulation time: 22h 33m 10s
		81200 Time iteration: 1.41 | Time plot: 1.71 | Simulation time: 22h 33m 20s
		81210 Time iteration: 0.78 | Time plot: 0.00 | Simulation time: 22h 33m 30s
		81220 Time iteration: 0.79 | Time plot: 0.74 | Simulation time: 22h 33m 40s
		81230 Time iteration: 0.77 | Time plot: 0.00 | Simulation time: 22h 33m 50s
		81240 Time iteration: 0.77 | Time plot: 0.71 | Simulation time: 22h 34m 0s
		81250 Time iteration: 0.77 | Time plot: 0.00 | Simulation time: 22h 34m 10s
		81260 Time iteration: 0.78 | Time plot: 0.68 | Simulation time: 22h 34m 20s
		81270 Time iteration: 0.77 | Time plot: 0.00 | Simulation time: 22h 34m 30s
		81280 Time iteration: 0.77 | Time plot: 0.66 | Simulation time: 22h 34m 40s
		81290 Time iteration: 0.77 | Time plot: 0.00 | Simulation time: 22h 34m 50s
		81300 Time iteration: 1.36 | Time plot: 0.93 | Simulation time: 22h 35m 0s
		81310 Time iteration: 0.79 | Time plot: 0.00 | Simulation time: 22h 35m 10s
		81320 Time iteration: 0.79 | Time plot: 0.66 | Simulation time: 22h 35m 20s
		81330 Time iteration: 0.75 | Time plot: 0.00 | Simulation time: 22h 35m 30s
		81340 Time iteration: 0.75 | Time plot: 0.66 | Simulation time: 22h 35m 40s
		81350 Time iteration: 0.75 | Time plot: 0.00 | Simulation time: 22h 35m 50s
		81360 Time iteration: 0.77 | Time plot: 0.67 | Simulation time: 22h 36m 0s
		81370 Time iteration: 0.78 | Time plot: 0.00 | Simulation time: 22h 36m 10s
		81380 Time iteration: 0.78 | Time plot: 0.67 | Simulation time: 22h 36m 20s
		81390 Time iteration: 0.78 | Time plot: 0.00 | Simulation time: 22h 36m 30s
		81400 Time iteration: 0.96 | Time plot: 0.68 | Simulation time: 22h 36m 40s
		81410 Time iteration: 0.77 | Time plot: 0.00 | Simulation time: 22h 36m 50s
		81420 Time iteration: 0.77 | Time plot: 0.67 | Simulation time: 22h 37m 0s
		81430 Time iteration: 0.78 | Time plot: 0.00 | Simulation time: 22h 37m 10s
		81440 Time iteration: 0.77 | Time plot: 0.68 | Simulation time: 22h 37m 20s
!! Cue_plane6_sat1: Observed Target 239 at off-nadir 0.0 deg
		81450 Time iteration: 0.99 | Time plot: 0.00 | Simulation time: 22h 37m 30s
		81460 Time iteration: 0.79 | Time plot: 0.66 | Simulation time: 22h 37m 40s
		81470 Time iteration: 0.79 | Time plot: 0.00 | Simulation time: 22h 37m 50s
		81480 Time iteration: 0.78 | Time plot: 0.70 | Simulation time: 22h 38m 0s
		81490 Time iteration: 0.78 | Time plot: 0.00 | Simulation time: 22h 38m 10s
		81500 Time iteration: 0.98 | Time plot: 1.57 | Simulation time: 22h 38m 20s
!! Cue_plane0_sat1: Confirmed Target 239=whale (actual=whale)
		81510 Time iteration: 0.92 | Time plot: 0.00 | Simulation time: 22h 38m 30s
		81520 Time iteration: 0.80 | Time plot: 0.77 | Simulation time: 22h 38m 40s
		81530 Time iteration: 0.78 | Time plot: 0.00 | Simulation time: 22h 38m 50s
		81540 Time iteration: 0.80 | Time plot: 0.89 | Simulation time: 22h 39m 0s
		81550 Time iteration: 0.80 | Time plot: 0.00 | Simulation time: 22h 39m 10s
		81560 Time iteration: 0.79 | Time plot: 0.68 | Simulation time: 22h 39m 20s
		81570 Time iteration: 0.86 | Time plot: 0.00 | Simulation time: 22h 39m 30s
		81580 Time iteration: 0.78 | Time plot: 0.67 | Simulation time: 22h 39m 40s
		81590 Time iteration: 0.79 | Time plot: 0.00 | Simulation time: 22h 39m 50s
		81600 Time iteration: 2.41 | Time plot: 0.66 | Simulation time: 22h 40m 0s
		81610 Time iteration: 0.80 | Time plot: 0.00 | Simulation time: 22h 40m 10s
		81620 Time iteration: 0.77 | Time plot: 0.68 | Simulation time: 22h 40m 20s
		81630 Time iteration: 0.78 | Time plot: 0.00 | Simulation time: 22h 40m 30s
		81640 Time iteration: 0.78 | Time plot: 0.69 | Simulation time: 22h 40m 40s
		81650 Time iteration: 0.76 | Time plot: 0.00 | Simulation time: 22h 40m 50s
		81660 Time iteration: 0.82 | Time plot: 0.66 | Simulation time: 22h 41m 0s
		81670 Time iteration: 0.77 | Time plot: 0.00 | Simulation time: 22h 41m 10s
		81680 Time iteration: 0.77 | Time plot: 0.65 | Simulation time: 22h 41m 20s
		81690 Time iteration: 0.79 | Time plot: 0.00 | Simulation time: 22h 41m 30s
		81700 Time iteration: 0.92 | Time plot: 0.66 | Simulation time: 22h 41m 40s
		81710 Time iteration: 0.78 | Time plot: 0.00 | Simulation time: 22h 41m 50s
		81720 Time iteration: 0.78 | Time plot: 0.68 | Simulation time: 22h 42m 0s
		81730 Time iteration: 0.79 | Time plot: 0.00 | Simulation time: 22h 42m 10s
		81740 Time iteration: 0.79 | Time plot: 0.66 | Simulation time: 22h 42m 20s
		81750 Time iteration: 0.78 | Time plot: 0.00 | Simulation time: 22h 42m 30s
		81760 Time iteration: 0.78 | Time plot: 0.66 | Simulation time: 22h 42m 40s
		81770 Time iteration: 0.80 | Time plot: 0.00 | Simulation time: 22h 42m 50s
		81780 Time iteration: 0.77 | Time plot: 0.69 | Simulation time: 22h 43m 0s
		81790 Time iteration: 0.77 | Time plot: 0.00 | Simulation time: 22h 43m 10s
		81800 Time iteration: 1.28 | Time plot: 0.95 | Simulation time: 22h 43m 20s
		81810 Time iteration: 0.79 | Time plot: 0.00 | Simulation time: 22h 43m 30s
		81820 Time iteration: 0.77 | Time plot: 0.70 | Simulation time: 22h 43m 40s
		81830 Time iteration: 0.79 | Time plot: 0.00 | Simulation time: 22h 43m 50s
		81840 Time iteration: 0.78 | Time plot: 0.67 | Simulation time: 22h 44m 0s
		81850 Time iteration: 0.78 | Time plot: 0.00 | Simulation time: 22h 44m 10s
		81860 Time iteration: 0.79 | Time plot: 0.72 | Simulation time: 22h 44m 20s
		81870 Time iteration: 0.79 | Time plot: 0.00 | Simulation time: 22h 44m 30s
		81880 Time iteration: 0.78 | Time plot: 0.66 | Simulation time: 22h 44m 40s
		81890 Time iteration: 0.77 | Time plot: 0.00 | Simulation time: 22h 44m 50s
		81900 Time iteration: 2.65 | Time plot: 0.89 | Simulation time: 22h 45m 0s
		81910 Time iteration: 0.81 | Time plot: 0.00 | Simulation time: 22h 45m 10s
		81920 Time iteration: 0.78 | Time plot: 0.67 | Simulation time: 22h 45m 20s
		81930 Time iteration: 0.80 | Time plot: 0.00 | Simulation time: 22h 45m 30s
		81940 Time iteration: 0.95 | Time plot: 0.74 | Simulation time: 22h 45m 40s
		81950 Time iteration: 0.78 | Time plot: 0.00 | Simulation time: 22h 45m 50s
		81960 Time iteration: 0.77 | Time plot: 0.70 | Simulation time: 22h 46m 0s
		81970 Time iteration: 0.78 | Time plot: 0.00 | Simulation time: 22h 46m 10s
		81980 Time iteration: 0.79 | Time plot: 0.66 | Simulation time: 22h 46m 20s
		81990 Time iteration: 0.79 | Time plot: 0.00 | Simulation time: 22h 46m 30s
		82000 Time iteration: 1.08 | Time plot: 1.94 | Simulation time: 22h 46m 40s
		82010 Time iteration: 0.85 | Time plot: 0.00 | Simulation time: 22h 46m 50s
		82020 Time iteration: 0.78 | Time plot: 0.70 | Simulation time: 22h 47m 0s
		82030 Time iteration: 0.77 | Time plot: 0.00 | Simulation time: 22h 47m 10s
		82040 Time iteration: 0.78 | Time plot: 0.68 | Simulation time: 22h 47m 20s
		82050 Time iteration: 0.79 | Time plot: 0.00 | Simulation time: 22h 47m 30s
		82060 Time iteration: 0.78 | Time plot: 0.67 | Simulation time: 22h 47m 40s
		82070 Time iteration: 0.79 | Time plot: 0.00 | Simulation time: 22h 47m 50s
		82080 Time iteration: 0.81 | Time plot: 0.68 | Simulation time: 22h 48m 0s
		82090 Time iteration: 0.79 | Time plot: 0.00 | Simulation time: 22h 48m 10s
		82100 Time iteration: 1.27 | Time plot: 1.15 | Simulation time: 22h 48m 20s
		82110 Time iteration: 0.80 | Time plot: 0.00 | Simulation time: 22h 48m 30s
		82120 Time iteration: 0.78 | Time plot: 0.70 | Simulation time: 22h 48m 40s
		82130 Time iteration: 0.78 | Time plot: 0.00 | Simulation time: 22h 48m 50s
		82140 Time iteration: 0.79 | Time plot: 1.66 | Simulation time: 22h 49m 0s
		82150 Time iteration: 0.78 | Time plot: 0.00 | Simulation time: 22h 49m 10s
		82160 Time iteration: 0.78 | Time plot: 1.16 | Simulation time: 22h 49m 20s
		82170 Time iteration: 0.77 | Time plot: 0.00 | Simulation time: 22h 49m 30s
		82180 Time iteration: 0.78 | Time plot: 1.02 | Simulation time: 22h 49m 40s
		82190 Time iteration: 0.79 | Time plot: 0.00 | Simulation time: 22h 49m 50s
		82200 Time iteration: 1.14 | Time plot: 1.09 | Simulation time: 22h 50m 0s
!! Cue_plane1_sat1: Observed Target 360 at off-nadir 0.0 deg
		82210 Time iteration: 0.79 | Time plot: 0.00 | Simulation time: 22h 50m 10s
		82220 Time iteration: 0.79 | Time plot: 0.77 | Simulation time: 22h 50m 20s
		82230 Time iteration: 0.76 | Time plot: 0.00 | Simulation time: 22h 50m 30s
		82240 Time iteration: 0.76 | Time plot: 0.77 | Simulation time: 22h 50m 40s
		82250 Time iteration: 0.74 | Time plot: 0.00 | Simulation time: 22h 50m 50s
		82260 Time iteration: 0.80 | Time plot: 0.73 | Simulation time: 22h 51m 0s
!! Cue_plane0_sat1: Confirmed Target 360=not-whale (actual=whale)
		82270 Time iteration: 0.78 | Time plot: 0.00 | Simulation time: 22h 51m 10s
		82280 Time iteration: 0.77 | Time plot: 0.68 | Simulation time: 22h 51m 20s
		82290 Time iteration: 0.78 | Time plot: 0.00 | Simulation time: 22h 51m 30s
		82300 Time iteration: 2.42 | Time plot: 0.78 | Simulation time: 22h 51m 40s
		82310 Time iteration: 0.79 | Time plot: 0.00 | Simulation time: 22h 51m 50s
		82320 Time iteration: 0.78 | Time plot: 0.69 | Simulation time: 22h 52m 0s
		82330 Time iteration: 0.78 | Time plot: 0.00 | Simulation time: 22h 52m 10s
		82340 Time iteration: 0.82 | Time plot: 0.67 | Simulation time: 22h 52m 20s
		82350 Time iteration: 0.78 | Time plot: 0.00 | Simulation time: 22h 52m 30s
		82360 Time iteration: 0.79 | Time plot: 0.68 | Simulation time: 22h 52m 40s
		82370 Time iteration: 0.78 | Time plot: 0.00 | Simulation time: 22h 52m 50s
		82380 Time iteration: 0.77 | Time plot: 0.68 | Simulation time: 22h 53m 0s
		82390 Time iteration: 0.78 | Time plot: 0.00 | Simulation time: 22h 53m 10s
		82400 Time iteration: 1.41 | Time plot: 1.28 | Simulation time: 22h 53m 20s
		82410 Time iteration: 0.78 | Time plot: 0.00 | Simulation time: 22h 53m 30s
		82420 Time iteration: 0.78 | Time plot: 0.82 | Simulation time: 22h 53m 40s
		82430 Time iteration: 0.77 | Time plot: 0.00 | Simulation time: 22h 53m 50s
		82440 Time iteration: 0.77 | Time plot: 0.72 | Simulation time: 22h 54m 0s
		82450 Time iteration: 0.79 | Time plot: 0.00 | Simulation time: 22h 54m 10s
		82460 Time iteration: 0.78 | Time plot: 0.78 | Simulation time: 22h 54m 20s
		82470 Time iteration: 0.77 | Time plot: 0.00 | Simulation time: 22h 54m 30s
		82480 Time iteration: 0.78 | Time plot: 0.68 | Simulation time: 22h 54m 40s
		82490 Time iteration: 0.80 | Time plot: 0.00 | Simulation time: 22h 54m 50s
		82500 Time iteration: 2.72 | Time plot: 1.26 | Simulation time: 22h 55m 0s
		82510 Time iteration: 0.79 | Time plot: 0.00 | Simulation time: 22h 55m 10s
		82520 Time iteration: 0.80 | Time plot: 0.84 | Simulation time: 22h 55m 20s
		82530 Time iteration: 0.81 | Time plot: 0.00 | Simulation time: 22h 55m 30s
		82540 Time iteration: 0.81 | Time plot: 0.70 | Simulation time: 22h 55m 40s
		82550 Time iteration: 0.79 | Time plot: 0.00 | Simulation time: 22h 55m 50s
		82560 Time iteration: 0.81 | Time plot: 0.76 | Simulation time: 22h 56m 0s
		82570 Time iteration: 0.79 | Time plot: 0.00 | Simulation time: 22h 56m 10s
		82580 Time iteration: 0.81 | Time plot: 0.67 | Simulation time: 22h 56m 20s
		82590 Time iteration: 0.80 | Time plot: 0.00 | Simulation time: 22h 56m 30s
		82600 Time iteration: 3.94 | Time plot: 0.95 | Simulation time: 22h 56m 40s
		82610 Time iteration: 0.79 | Time plot: 0.00 | Simulation time: 22h 56m 50s
		82620 Time iteration: 0.80 | Time plot: 0.71 | Simulation time: 22h 57m 0s
		82630 Time iteration: 0.80 | Time plot: 0.00 | Simulation time: 22h 57m 10s
		82640 Time iteration: 0.79 | Time plot: 0.65 | Simulation time: 22h 57m 20s
		82650 Time iteration: 0.79 | Time plot: 0.00 | Simulation time: 22h 57m 30s
		82660 Time iteration: 0.79 | Time plot: 0.67 | Simulation time: 22h 57m 40s
		82670 Time iteration: 0.79 | Time plot: 0.00 | Simulation time: 22h 57m 50s
		82680 Time iteration: 0.80 | Time plot: 0.68 | Simulation time: 22h 58m 0s
		82690 Time iteration: 0.80 | Time plot: 0.00 | Simulation time: 22h 58m 10s
		82700 Time iteration: 2.00 | Time plot: 0.66 | Simulation time: 22h 58m 20s
		82710 Time iteration: 0.80 | Time plot: 0.00 | Simulation time: 22h 58m 30s
		82720 Time iteration: 0.79 | Time plot: 0.65 | Simulation time: 22h 58m 40s
		82730 Time iteration: 0.80 | Time plot: 0.00 | Simulation time: 22h 58m 50s
		82740 Time iteration: 0.81 | Time plot: 0.68 | Simulation time: 22h 59m 0s
		82750 Time iteration: 0.79 | Time plot: 0.00 | Simulation time: 22h 59m 10s
		82760 Time iteration: 0.80 | Time plot: 0.67 | Simulation time: 22h 59m 20s
		82770 Time iteration: 0.81 | Time plot: 0.00 | Simulation time: 22h 59m 30s
		82780 Time iteration: 0.81 | Time plot: 0.67 | Simulation time: 22h 59m 40s
		82790 Time iteration: 0.80 | Time plot: 0.00 | Simulation time: 22h 59m 50s
		82800 Time iteration: 1.04 | Time plot: 0.74 | Simulation time: 23h 0m 0s
		82810 Time iteration: 0.79 | Time plot: 0.00 | Simulation time: 23h 0m 10s
		82820 Time iteration: 0.80 | Time plot: 0.67 | Simulation time: 23h 0m 20s
		82830 Time iteration: 0.79 | Time plot: 0.00 | Simulation time: 23h 0m 30s
		82840 Time iteration: 0.78 | Time plot: 1.19 | Simulation time: 23h 0m 40s
		82850 Time iteration: 0.77 | Time plot: 0.00 | Simulation time: 23h 0m 50s
		82860 Time iteration: 0.92 | Time plot: 0.96 | Simulation time: 23h 1m 0s
		82870 Time iteration: 0.79 | Time plot: 0.00 | Simulation time: 23h 1m 10s
		82880 Time iteration: 0.80 | Time plot: 0.67 | Simulation time: 23h 1m 20s
		82890 Time iteration: 0.78 | Time plot: 0.00 | Simulation time: 23h 1m 30s
		82900 Time iteration: 0.98 | Time plot: 0.82 | Simulation time: 23h 1m 40s
		82910 Time iteration: 0.79 | Time plot: 0.00 | Simulation time: 23h 1m 50s
		82920 Time iteration: 0.80 | Time plot: 1.31 | Simulation time: 23h 2m 0s
		82930 Time iteration: 0.81 | Time plot: 0.00 | Simulation time: 23h 2m 10s
		82940 Time iteration: 0.83 | Time plot: 1.06 | Simulation time: 23h 2m 20s
		82950 Time iteration: 0.80 | Time plot: 0.00 | Simulation time: 23h 2m 30s
		82960 Time iteration: 0.81 | Time plot: 0.69 | Simulation time: 23h 2m 40s
		82970 Time iteration: 0.87 | Time plot: 0.00 | Simulation time: 23h 2m 50s
		82980 Time iteration: 0.78 | Time plot: 0.68 | Simulation time: 23h 3m 0s
		82990 Time iteration: 0.83 | Time plot: 0.00 | Simulation time: 23h 3m 10s
		83000 Time iteration: 1.30 | Time plot: 0.67 | Simulation time: 23h 3m 20s
		83010 Time iteration: 0.80 | Time plot: 0.00 | Simulation time: 23h 3m 30s
		83020 Time iteration: 0.79 | Time plot: 0.67 | Simulation time: 23h 3m 40s
		83030 Time iteration: 0.79 | Time plot: 0.00 | Simulation time: 23h 3m 50s
		83040 Time iteration: 0.79 | Time plot: 1.21 | Simulation time: 23h 4m 0s
		83050 Time iteration: 0.79 | Time plot: 0.00 | Simulation time: 23h 4m 10s
		83060 Time iteration: 0.79 | Time plot: 0.92 | Simulation time: 23h 4m 20s
		83070 Time iteration: 0.78 | Time plot: 0.00 | Simulation time: 23h 4m 30s
		83080 Time iteration: 0.80 | Time plot: 1.10 | Simulation time: 23h 4m 40s
		83090 Time iteration: 0.80 | Time plot: 0.00 | Simulation time: 23h 4m 50s
		83100 Time iteration: 1.28 | Time plot: 1.26 | Simulation time: 23h 5m 0s
		83110 Time iteration: 0.80 | Time plot: 0.00 | Simulation time: 23h 5m 10s
		83120 Time iteration: 0.80 | Time plot: 1.26 | Simulation time: 23h 5m 20s
		83130 Time iteration: 0.77 | Time plot: 0.00 | Simulation time: 23h 5m 30s
		83140 Time iteration: 0.77 | Time plot: 1.18 | Simulation time: 23h 5m 40s
		83150 Time iteration: 0.76 | Time plot: 0.00 | Simulation time: 23h 5m 50s
		83160 Time iteration: 0.75 | Time plot: 1.08 | Simulation time: 23h 6m 0s
		83170 Time iteration: 0.78 | Time plot: 0.00 | Simulation time: 23h 6m 10s
		83180 Time iteration: 0.77 | Time plot: 1.11 | Simulation time: 23h 6m 20s
		83190 Time iteration: 0.75 | Time plot: 0.00 | Simulation time: 23h 6m 30s
		83200 Time iteration: 2.09 | Time plot: 1.38 | Simulation time: 23h 6m 40s
		83210 Time iteration: 0.77 | Time plot: 0.00 | Simulation time: 23h 6m 50s
		83220 Time iteration: 0.76 | Time plot: 0.83 | Simulation time: 23h 7m 0s
		83230 Time iteration: 0.77 | Time plot: 0.00 | Simulation time: 23h 7m 10s
		83240 Time iteration: 0.76 | Time plot: 0.67 | Simulation time: 23h 7m 20s
		83250 Time iteration: 0.76 | Time plot: 0.00 | Simulation time: 23h 7m 30s
		83260 Time iteration: 0.77 | Time plot: 0.67 | Simulation time: 23h 7m 40s
		83270 Time iteration: 0.76 | Time plot: 0.00 | Simulation time: 23h 7m 50s
		83280 Time iteration: 0.77 | Time plot: 0.66 | Simulation time: 23h 8m 0s
		83290 Time iteration: 0.77 | Time plot: 0.00 | Simulation time: 23h 8m 10s
		83300 Time iteration: 2.45 | Time plot: 0.68 | Simulation time: 23h 8m 20s
		83310 Time iteration: 0.76 | Time plot: 0.00 | Simulation time: 23h 8m 30s
		83320 Time iteration: 0.75 | Time plot: 0.68 | Simulation time: 23h 8m 40s
		83330 Time iteration: 0.73 | Time plot: 0.00 | Simulation time: 23h 8m 50s
		83340 Time iteration: 0.73 | Time plot: 0.96 | Simulation time: 23h 9m 0s
		83350 Time iteration: 0.73 | Time plot: 0.00 | Simulation time: 23h 9m 10s
		83360 Time iteration: 0.73 | Time plot: 0.68 | Simulation time: 23h 9m 20s
		83370 Time iteration: 0.72 | Time plot: 0.00 | Simulation time: 23h 9m 30s
		83380 Time iteration: 0.76 | Time plot: 0.69 | Simulation time: 23h 9m 40s
		83390 Time iteration: 0.74 | Time plot: 0.00 | Simulation time: 23h 9m 50s
		83400 Time iteration: 0.88 | Time plot: 1.01 | Simulation time: 23h 10m 0s
		83410 Time iteration: 0.80 | Time plot: 0.00 | Simulation time: 23h 10m 10s
		83420 Time iteration: 0.73 | Time plot: 0.94 | Simulation time: 23h 10m 20s
		83430 Time iteration: 0.76 | Time plot: 0.00 | Simulation time: 23h 10m 30s
		83440 Time iteration: 0.74 | Time plot: 1.17 | Simulation time: 23h 10m 40s
		83450 Time iteration: 0.73 | Time plot: 0.00 | Simulation time: 23h 10m 50s
		83460 Time iteration: 0.72 | Time plot: 0.90 | Simulation time: 23h 11m 0s
		83470 Time iteration: 0.74 | Time plot: 0.00 | Simulation time: 23h 11m 10s
		83480 Time iteration: 0.75 | Time plot: 0.86 | Simulation time: 23h 11m 20s
		83490 Time iteration: 0.74 | Time plot: 0.00 | Simulation time: 23h 11m 30s
		83500 Time iteration: 1.93 | Time plot: 1.11 | Simulation time: 23h 11m 40s
		83510 Time iteration: 0.74 | Time plot: 0.00 | Simulation time: 23h 11m 50s
		83520 Time iteration: 0.74 | Time plot: 0.79 | Simulation time: 23h 12m 0s
		83530 Time iteration: 0.74 | Time plot: 0.00 | Simulation time: 23h 12m 10s
		83540 Time iteration: 0.75 | Time plot: 0.66 | Simulation time: 23h 12m 20s
		83550 Time iteration: 0.76 | Time plot: 0.00 | Simulation time: 23h 12m 30s
		83560 Time iteration: 0.80 | Time plot: 0.73 | Simulation time: 23h 12m 40s
		83570 Time iteration: 0.75 | Time plot: 0.00 | Simulation time: 23h 12m 50s
		83580 Time iteration: 0.77 | Time plot: 0.69 | Simulation time: 23h 13m 0s
		83590 Time iteration: 0.75 | Time plot: 0.00 | Simulation time: 23h 13m 10s
		83600 Time iteration: 1.67 | Time plot: 1.24 | Simulation time: 23h 13m 20s
		83610 Time iteration: 0.75 | Time plot: 0.00 | Simulation time: 23h 13m 30s
		83620 Time iteration: 0.76 | Time plot: 0.83 | Simulation time: 23h 13m 40s
		83630 Time iteration: 0.75 | Time plot: 0.00 | Simulation time: 23h 13m 50s
		83640 Time iteration: 0.77 | Time plot: 0.70 | Simulation time: 23h 14m 0s
		83650 Time iteration: 0.76 | Time plot: 0.00 | Simulation time: 23h 14m 10s
		83660 Time iteration: 0.77 | Time plot: 0.70 | Simulation time: 23h 14m 20s
		83670 Time iteration: 0.77 | Time plot: 0.00 | Simulation time: 23h 14m 30s
		83680 Time iteration: 0.75 | Time plot: 0.70 | Simulation time: 23h 14m 40s
		83690 Time iteration: 0.78 | Time plot: 0.00 | Simulation time: 23h 14m 50s
		83700 Time iteration: 3.81 | Time plot: 0.77 | Simulation time: 23h 15m 0s
		83710 Time iteration: 0.81 | Time plot: 0.00 | Simulation time: 23h 15m 10s
		83720 Time iteration: 0.75 | Time plot: 0.69 | Simulation time: 23h 15m 20s
		83730 Time iteration: 0.77 | Time plot: 0.00 | Simulation time: 23h 15m 30s
		83740 Time iteration: 0.76 | Time plot: 0.65 | Simulation time: 23h 15m 40s
		83750 Time iteration: 0.75 | Time plot: 0.00 | Simulation time: 23h 15m 50s
		83760 Time iteration: 0.77 | Time plot: 0.67 | Simulation time: 23h 16m 0s
		83770 Time iteration: 0.76 | Time plot: 0.00 | Simulation time: 23h 16m 10s
		83780 Time iteration: 0.81 | Time plot: 0.69 | Simulation time: 23h 16m 20s
		83790 Time iteration: 0.75 | Time plot: 0.00 | Simulation time: 23h 16m 30s
		83800 Time iteration: 1.09 | Time plot: 0.67 | Simulation time: 23h 16m 40s
		83810 Time iteration: 0.77 | Time plot: 0.00 | Simulation time: 23h 16m 50s
		83820 Time iteration: 0.76 | Time plot: 0.68 | Simulation time: 23h 17m 0s
		83830 Time iteration: 0.77 | Time plot: 0.00 | Simulation time: 23h 17m 10s
		83840 Time iteration: 0.76 | Time plot: 0.67 | Simulation time: 23h 17m 20s
		83850 Time iteration: 0.76 | Time plot: 0.00 | Simulation time: 23h 17m 30s
		83860 Time iteration: 0.76 | Time plot: 0.66 | Simulation time: 23h 17m 40s
		83870 Time iteration: 0.76 | Time plot: 0.00 | Simulation time: 23h 17m 50s
		83880 Time iteration: 0.76 | Time plot: 0.67 | Simulation time: 23h 18m 0s
		83890 Time iteration: 0.75 | Time plot: 0.00 | Simulation time: 23h 18m 10s
		83900 Time iteration: 0.89 | Time plot: 0.67 | Simulation time: 23h 18m 20s
		83910 Time iteration: 0.76 | Time plot: 0.00 | Simulation time: 23h 18m 30s
		83920 Time iteration: 0.76 | Time plot: 0.66 | Simulation time: 23h 18m 40s
		83930 Time iteration: 0.77 | Time plot: 0.00 | Simulation time: 23h 18m 50s
		83940 Time iteration: 0.75 | Time plot: 1.53 | Simulation time: 23h 19m 0s
		83950 Time iteration: 0.77 | Time plot: 0.00 | Simulation time: 23h 19m 10s
		83960 Time iteration: 0.76 | Time plot: 0.69 | Simulation time: 23h 19m 20s
		83970 Time iteration: 0.78 | Time plot: 0.00 | Simulation time: 23h 19m 30s
		83980 Time iteration: 0.81 | Time plot: 0.67 | Simulation time: 23h 19m 40s
		83990 Time iteration: 0.77 | Time plot: 0.00 | Simulation time: 23h 19m 50s
		84000 Time iteration: 1.13 | Time plot: 1.40 | Simulation time: 23h 20m 0s
		84010 Time iteration: 0.77 | Time plot: 0.00 | Simulation time: 23h 20m 10s
		84020 Time iteration: 0.78 | Time plot: 0.69 | Simulation time: 23h 20m 20s
		84030 Time iteration: 0.80 | Time plot: 0.00 | Simulation time: 23h 20m 30s
		84040 Time iteration: 0.78 | Time plot: 0.75 | Simulation time: 23h 20m 40s
		84050 Time iteration: 0.78 | Time plot: 0.00 | Simulation time: 23h 20m 50s
		84060 Time iteration: 0.79 | Time plot: 0.99 | Simulation time: 23h 21m 0s
		84070 Time iteration: 0.78 | Time plot: 0.00 | Simulation time: 23h 21m 10s
		84080 Time iteration: 0.78 | Time plot: 0.89 | Simulation time: 23h 21m 20s
		84090 Time iteration: 0.80 | Time plot: 0.00 | Simulation time: 23h 21m 30s
		84100 Time iteration: 1.41 | Time plot: 0.66 | Simulation time: 23h 21m 40s
		84110 Time iteration: 0.77 | Time plot: 0.00 | Simulation time: 23h 21m 50s
!! Cue_plane1_sat0: Observed Target 284 at off-nadir 0.0 deg
		84120 Time iteration: 0.78 | Time plot: 0.69 | Simulation time: 23h 22m 0s
		84130 Time iteration: 0.78 | Time plot: 0.00 | Simulation time: 23h 22m 10s
		84140 Time iteration: 0.77 | Time plot: 0.77 | Simulation time: 23h 22m 20s
		84150 Time iteration: 0.77 | Time plot: 0.00 | Simulation time: 23h 22m 30s
		84160 Time iteration: 0.90 | Time plot: 0.98 | Simulation time: 23h 22m 40s
		84170 Time iteration: 0.77 | Time plot: 0.00 | Simulation time: 23h 22m 50s
!! Cue_plane0_sat0: Confirmed Target 284=not-whale (actual=whale)
		84180 Time iteration: 0.77 | Time plot: 0.67 | Simulation time: 23h 23m 0s
		84190 Time iteration: 0.78 | Time plot: 0.00 | Simulation time: 23h 23m 10s
		84200 Time iteration: 1.68 | Time plot: 0.77 | Simulation time: 23h 23m 20s
		84210 Time iteration: 0.77 | Time plot: 0.00 | Simulation time: 23h 23m 30s
		84220 Time iteration: 0.76 | Time plot: 0.67 | Simulation time: 23h 23m 40s
		84230 Time iteration: 0.78 | Time plot: 0.00 | Simulation time: 23h 23m 50s
		84240 Time iteration: 0.76 | Time plot: 0.68 | Simulation time: 23h 24m 0s
		84250 Time iteration: 0.76 | Time plot: 0.00 | Simulation time: 23h 24m 10s
		84260 Time iteration: 0.76 | Time plot: 0.67 | Simulation time: 23h 24m 20s
		84270 Time iteration: 0.76 | Time plot: 0.00 | Simulation time: 23h 24m 30s
		84280 Time iteration: 0.76 | Time plot: 0.67 | Simulation time: 23h 24m 40s
		84290 Time iteration: 0.79 | Time plot: 0.00 | Simulation time: 23h 24m 50s
		84300 Time iteration: 1.13 | Time plot: 1.45 | Simulation time: 23h 25m 0s
		84310 Time iteration: 0.77 | Time plot: 0.00 | Simulation time: 23h 25m 10s
		84320 Time iteration: 0.78 | Time plot: 0.68 | Simulation time: 23h 25m 20s
		84330 Time iteration: 0.77 | Time plot: 0.00 | Simulation time: 23h 25m 30s
		84340 Time iteration: 0.77 | Time plot: 0.67 | Simulation time: 23h 25m 40s
		84350 Time iteration: 0.81 | Time plot: 0.00 | Simulation time: 23h 25m 50s
		84360 Time iteration: 0.78 | Time plot: 1.63 | Simulation time: 23h 26m 0s
		84370 Time iteration: 0.79 | Time plot: 0.00 | Simulation time: 23h 26m 10s
		84380 Time iteration: 0.77 | Time plot: 0.71 | Simulation time: 23h 26m 20s
		84390 Time iteration: 0.78 | Time plot: 0.00 | Simulation time: 23h 26m 30s
		84400 Time iteration: 1.25 | Time plot: 0.89 | Simulation time: 23h 26m 40s
		84410 Time iteration: 0.76 | Time plot: 0.00 | Simulation time: 23h 26m 50s
		84420 Time iteration: 0.76 | Time plot: 0.77 | Simulation time: 23h 27m 0s
		84430 Time iteration: 0.77 | Time plot: 0.00 | Simulation time: 23h 27m 10s
		84440 Time iteration: 0.76 | Time plot: 0.69 | Simulation time: 23h 27m 20s
		84450 Time iteration: 0.77 | Time plot: 0.00 | Simulation time: 23h 27m 30s
		84460 Time iteration: 0.77 | Time plot: 0.69 | Simulation time: 23h 27m 40s
		84470 Time iteration: 0.79 | Time plot: 0.00 | Simulation time: 23h 27m 50s
		84480 Time iteration: 0.78 | Time plot: 0.67 | Simulation time: 23h 28m 0s
		84490 Time iteration: 0.77 | Time plot: 0.00 | Simulation time: 23h 28m 10s
		84500 Time iteration: 2.29 | Time plot: 1.41 | Simulation time: 23h 28m 20s
		84510 Time iteration: 0.76 | Time plot: 0.00 | Simulation time: 23h 28m 30s
		84520 Time iteration: 0.80 | Time plot: 0.76 | Simulation time: 23h 28m 40s
		84530 Time iteration: 0.77 | Time plot: 0.00 | Simulation time: 23h 28m 50s
		84540 Time iteration: 0.79 | Time plot: 0.73 | Simulation time: 23h 29m 0s
		84550 Time iteration: 0.78 | Time plot: 0.00 | Simulation time: 23h 29m 10s
		84560 Time iteration: 0.78 | Time plot: 0.79 | Simulation time: 23h 29m 20s
		84570 Time iteration: 0.79 | Time plot: 0.00 | Simulation time: 23h 29m 30s
		84580 Time iteration: 0.78 | Time plot: 0.68 | Simulation time: 23h 29m 40s
		84590 Time iteration: 0.79 | Time plot: 0.00 | Simulation time: 23h 29m 50s
		84600 Time iteration: 2.80 | Time plot: 1.29 | Simulation time: 23h 30m 0s
		84610 Time iteration: 0.79 | Time plot: 0.00 | Simulation time: 23h 30m 10s
		84620 Time iteration: 0.78 | Time plot: 0.87 | Simulation time: 23h 30m 20s
		84630 Time iteration: 0.78 | Time plot: 0.00 | Simulation time: 23h 30m 30s
		84640 Time iteration: 0.81 | Time plot: 0.70 | Simulation time: 23h 30m 40s
		84650 Time iteration: 0.77 | Time plot: 0.00 | Simulation time: 23h 30m 50s
		84660 Time iteration: 0.80 | Time plot: 0.70 | Simulation time: 23h 31m 0s
		84670 Time iteration: 0.79 | Time plot: 0.00 | Simulation time: 23h 31m 10s
		84680 Time iteration: 0.77 | Time plot: 0.68 | Simulation time: 23h 31m 20s
		84690 Time iteration: 0.78 | Time plot: 0.00 | Simulation time: 23h 31m 30s
		84700 Time iteration: 4.86 | Time plot: 1.04 | Simulation time: 23h 31m 40s
		84710 Time iteration: 0.81 | Time plot: 0.00 | Simulation time: 23h 31m 50s
		84720 Time iteration: 0.78 | Time plot: 1.26 | Simulation time: 23h 32m 0s
		84730 Time iteration: 0.80 | Time plot: 0.00 | Simulation time: 23h 32m 10s
		84740 Time iteration: 0.78 | Time plot: 0.81 | Simulation time: 23h 32m 20s
		84750 Time iteration: 0.79 | Time plot: 0.00 | Simulation time: 23h 32m 30s
		84760 Time iteration: 0.78 | Time plot: 0.69 | Simulation time: 23h 32m 40s
		84770 Time iteration: 0.79 | Time plot: 0.00 | Simulation time: 23h 32m 50s
		84780 Time iteration: 0.77 | Time plot: 0.76 | Simulation time: 23h 33m 0s
		84790 Time iteration: 0.77 | Time plot: 0.00 | Simulation time: 23h 33m 10s
		84800 Time iteration: 1.59 | Time plot: 0.66 | Simulation time: 23h 33m 20s
		84810 Time iteration: 0.81 | Time plot: 0.00 | Simulation time: 23h 33m 30s
		84820 Time iteration: 0.81 | Time plot: 0.68 | Simulation time: 23h 33m 40s
		84830 Time iteration: 0.80 | Time plot: 0.00 | Simulation time: 23h 33m 50s
		84840 Time iteration: 0.80 | Time plot: 0.66 | Simulation time: 23h 34m 0s
		84850 Time iteration: 0.79 | Time plot: 0.00 | Simulation time: 23h 34m 10s
		84860 Time iteration: 0.78 | Time plot: 0.66 | Simulation time: 23h 34m 20s
		84870 Time iteration: 0.80 | Time plot: 0.00 | Simulation time: 23h 34m 30s
		84880 Time iteration: 0.79 | Time plot: 0.67 | Simulation time: 23h 34m 40s
		84890 Time iteration: 0.80 | Time plot: 0.00 | Simulation time: 23h 34m 50s
		84900 Time iteration: 0.96 | Time plot: 0.68 | Simulation time: 23h 35m 0s
		84910 Time iteration: 0.81 | Time plot: 0.00 | Simulation time: 23h 35m 10s
		84920 Time iteration: 0.80 | Time plot: 0.71 | Simulation time: 23h 35m 20s
		84930 Time iteration: 0.79 | Time plot: 0.00 | Simulation time: 23h 35m 30s
		84940 Time iteration: 0.79 | Time plot: 0.68 | Simulation time: 23h 35m 40s
		84950 Time iteration: 0.78 | Time plot: 0.00 | Simulation time: 23h 35m 50s
		84960 Time iteration: 0.78 | Time plot: 0.68 | Simulation time: 23h 36m 0s
		84970 Time iteration: 0.78 | Time plot: 0.00 | Simulation time: 23h 36m 10s
		84980 Time iteration: 0.79 | Time plot: 0.68 | Simulation time: 23h 36m 20s
		84990 Time iteration: 0.78 | Time plot: 0.00 | Simulation time: 23h 36m 30s
		85000 Time iteration: 0.97 | Time plot: 0.69 | Simulation time: 23h 36m 40s
		85010 Time iteration: 0.91 | Time plot: 0.00 | Simulation time: 23h 36m 50s
		85020 Time iteration: 0.77 | Time plot: 1.23 | Simulation time: 23h 37m 0s
		85030 Time iteration: 0.78 | Time plot: 0.00 | Simulation time: 23h 37m 10s
		85040 Time iteration: 0.78 | Time plot: 1.28 | Simulation time: 23h 37m 20s
		85050 Time iteration: 0.77 | Time plot: 0.00 | Simulation time: 23h 37m 30s
		85060 Time iteration: 0.77 | Time plot: 1.16 | Simulation time: 23h 37m 40s
		85070 Time iteration: 0.78 | Time plot: 0.00 | Simulation time: 23h 37m 50s
		85080 Time iteration: 0.79 | Time plot: 0.69 | Simulation time: 23h 38m 0s
		85090 Time iteration: 0.80 | Time plot: 0.00 | Simulation time: 23h 38m 10s
		85100 Time iteration: 1.09 | Time plot: 0.76 | Simulation time: 23h 38m 20s
		85110 Time iteration: 0.79 | Time plot: 0.00 | Simulation time: 23h 38m 30s
		85120 Time iteration: 0.79 | Time plot: 1.03 | Simulation time: 23h 38m 40s
		85130 Time iteration: 0.79 | Time plot: 0.00 | Simulation time: 23h 38m 50s
		85140 Time iteration: 0.79 | Time plot: 0.69 | Simulation time: 23h 39m 0s
		85150 Time iteration: 0.81 | Time plot: 0.00 | Simulation time: 23h 39m 10s
		85160 Time iteration: 0.78 | Time plot: 0.70 | Simulation time: 23h 39m 20s
		85170 Time iteration: 0.84 | Time plot: 0.00 | Simulation time: 23h 39m 30s
		85180 Time iteration: 0.78 | Time plot: 0.68 | Simulation time: 23h 39m 40s
		85190 Time iteration: 0.78 | Time plot: 0.00 | Simulation time: 23h 39m 50s
		85200 Time iteration: 1.11 | Time plot: 1.85 | Simulation time: 23h 40m 0s
		85210 Time iteration: 0.81 | Time plot: 0.00 | Simulation time: 23h 40m 10s
		85220 Time iteration: 0.79 | Time plot: 1.27 | Simulation time: 23h 40m 20s
		85230 Time iteration: 0.79 | Time plot: 0.00 | Simulation time: 23h 40m 30s
		85240 Time iteration: 0.78 | Time plot: 0.99 | Simulation time: 23h 40m 40s
		85250 Time iteration: 0.78 | Time plot: 0.00 | Simulation time: 23h 40m 50s
		85260 Time iteration: 0.79 | Time plot: 0.72 | Simulation time: 23h 41m 0s
		85270 Time iteration: 0.78 | Time plot: 0.00 | Simulation time: 23h 41m 10s
		85280 Time iteration: 0.78 | Time plot: 0.95 | Simulation time: 23h 41m 20s
		85290 Time iteration: 0.78 | Time plot: 0.00 | Simulation time: 23h 41m 30s
		85300 Time iteration: 2.13 | Time plot: 1.25 | Simulation time: 23h 41m 40s
		85310 Time iteration: 0.79 | Time plot: 0.00 | Simulation time: 23h 41m 50s
		85320 Time iteration: 0.77 | Time plot: 0.82 | Simulation time: 23h 42m 0s
		85330 Time iteration: 0.78 | Time plot: 0.00 | Simulation time: 23h 42m 10s
		85340 Time iteration: 0.78 | Time plot: 0.72 | Simulation time: 23h 42m 20s
		85350 Time iteration: 0.77 | Time plot: 0.00 | Simulation time: 23h 42m 30s
		85360 Time iteration: 0.82 | Time plot: 0.72 | Simulation time: 23h 42m 40s
		85370 Time iteration: 0.78 | Time plot: 0.00 | Simulation time: 23h 42m 50s
		85380 Time iteration: 0.78 | Time plot: 0.67 | Simulation time: 23h 43m 0s
		85390 Time iteration: 0.77 | Time plot: 0.00 | Simulation time: 23h 43m 10s
		85400 Time iteration: 3.16 | Time plot: 1.44 | Simulation time: 23h 43m 20s
		85410 Time iteration: 0.80 | Time plot: 0.00 | Simulation time: 23h 43m 30s
		85420 Time iteration: 0.80 | Time plot: 1.22 | Simulation time: 23h 43m 40s
		85430 Time iteration: 0.80 | Time plot: 0.00 | Simulation time: 23h 43m 50s
		85440 Time iteration: 0.80 | Time plot: 0.96 | Simulation time: 23h 44m 0s
		85450 Time iteration: 0.82 | Time plot: 0.00 | Simulation time: 23h 44m 10s
		85460 Time iteration: 0.80 | Time plot: 0.83 | Simulation time: 23h 44m 20s
		85470 Time iteration: 0.81 | Time plot: 0.00 | Simulation time: 23h 44m 30s
		85480 Time iteration: 0.82 | Time plot: 0.86 | Simulation time: 23h 44m 40s
		85490 Time iteration: 0.80 | Time plot: 0.00 | Simulation time: 23h 44m 50s
		85500 Time iteration: 1.25 | Time plot: 1.14 | Simulation time: 23h 45m 0s
		85510 Time iteration: 0.79 | Time plot: 0.00 | Simulation time: 23h 45m 10s
		85520 Time iteration: 0.81 | Time plot: 1.16 | Simulation time: 23h 45m 20s
		85530 Time iteration: 0.81 | Time plot: 0.00 | Simulation time: 23h 45m 30s
		85540 Time iteration: 0.80 | Time plot: 1.06 | Simulation time: 23h 45m 40s
		85550 Time iteration: 0.80 | Time plot: 0.00 | Simulation time: 23h 45m 50s
		85560 Time iteration: 0.80 | Time plot: 0.91 | Simulation time: 23h 46m 0s
		85570 Time iteration: 0.81 | Time plot: 0.00 | Simulation time: 23h 46m 10s
		85580 Time iteration: 0.80 | Time plot: 1.18 | Simulation time: 23h 46m 20s
		85590 Time iteration: 0.83 | Time plot: 0.00 | Simulation time: 23h 46m 30s
		85600 Time iteration: 1.65 | Time plot: 1.05 | Simulation time: 23h 46m 40s
		85610 Time iteration: 0.83 | Time plot: 0.00 | Simulation time: 23h 46m 50s
		85620 Time iteration: 0.80 | Time plot: 0.80 | Simulation time: 23h 47m 0s
		85630 Time iteration: 0.80 | Time plot: 0.00 | Simulation time: 23h 47m 10s
		85640 Time iteration: 0.80 | Time plot: 0.71 | Simulation time: 23h 47m 20s
		85650 Time iteration: 0.80 | Time plot: 0.00 | Simulation time: 23h 47m 30s
		85660 Time iteration: 0.80 | Time plot: 0.74 | Simulation time: 23h 47m 40s
		85670 Time iteration: 0.80 | Time plot: 0.00 | Simulation time: 23h 47m 50s
		85680 Time iteration: 0.80 | Time plot: 0.71 | Simulation time: 23h 48m 0s
		85690 Time iteration: 0.79 | Time plot: 0.00 | Simulation time: 23h 48m 10s
		85700 Time iteration: 3.40 | Time plot: 0.89 | Simulation time: 23h 48m 20s
		85710 Time iteration: 0.81 | Time plot: 0.00 | Simulation time: 23h 48m 30s
		85720 Time iteration: 0.82 | Time plot: 0.71 | Simulation time: 23h 48m 40s
		85730 Time iteration: 0.80 | Time plot: 0.00 | Simulation time: 23h 48m 50s
		85740 Time iteration: 0.82 | Time plot: 0.69 | Simulation time: 23h 49m 0s
		85750 Time iteration: 0.80 | Time plot: 0.00 | Simulation time: 23h 49m 10s
		85760 Time iteration: 0.79 | Time plot: 0.70 | Simulation time: 23h 49m 20s
		85770 Time iteration: 0.79 | Time plot: 0.00 | Simulation time: 23h 49m 30s
		85780 Time iteration: 0.80 | Time plot: 0.70 | Simulation time: 23h 49m 40s
		85790 Time iteration: 0.82 | Time plot: 0.00 | Simulation time: 23h 49m 50s
		85800 Time iteration: 2.78 | Time plot: 1.62 | Simulation time: 23h 50m 0s
		85810 Time iteration: 0.80 | Time plot: 0.00 | Simulation time: 23h 50m 10s
		85820 Time iteration: 0.83 | Time plot: 0.88 | Simulation time: 23h 50m 20s
		85830 Time iteration: 0.78 | Time plot: 0.00 | Simulation time: 23h 50m 30s
		85840 Time iteration: 0.81 | Time plot: 0.69 | Simulation time: 23h 50m 40s
		85850 Time iteration: 0.79 | Time plot: 0.00 | Simulation time: 23h 50m 50s
		85860 Time iteration: 0.79 | Time plot: 0.65 | Simulation time: 23h 51m 0s
		85870 Time iteration: 0.79 | Time plot: 0.00 | Simulation time: 23h 51m 10s
		85880 Time iteration: 0.81 | Time plot: 0.65 | Simulation time: 23h 51m 20s
		85890 Time iteration: 0.79 | Time plot: 0.00 | Simulation time: 23h 51m 30s
		85900 Time iteration: 1.51 | Time plot: 0.66 | Simulation time: 23h 51m 40s
		85910 Time iteration: 0.81 | Time plot: 0.00 | Simulation time: 23h 51m 50s
		85920 Time iteration: 0.79 | Time plot: 0.65 | Simulation time: 23h 52m 0s
		85930 Time iteration: 0.79 | Time plot: 0.00 | Simulation time: 23h 52m 10s
		85940 Time iteration: 0.80 | Time plot: 0.65 | Simulation time: 23h 52m 20s
		85950 Time iteration: 0.82 | Time plot: 0.00 | Simulation time: 23h 52m 30s
		85960 Time iteration: 0.79 | Time plot: 0.66 | Simulation time: 23h 52m 40s
		85970 Time iteration: 0.81 | Time plot: 0.00 | Simulation time: 23h 52m 50s
		85980 Time iteration: 0.80 | Time plot: 0.67 | Simulation time: 23h 53m 0s
		85990 Time iteration: 0.80 | Time plot: 0.00 | Simulation time: 23h 53m 10s
		86000 Time iteration: 0.95 | Time plot: 0.67 | Simulation time: 23h 53m 20s
		86010 Time iteration: 0.80 | Time plot: 0.00 | Simulation time: 23h 53m 30s
		86020 Time iteration: 0.80 | Time plot: 0.67 | Simulation time: 23h 53m 40s
		86030 Time iteration: 0.79 | Time plot: 0.00 | Simulation time: 23h 53m 50s
		86040 Time iteration: 0.78 | Time plot: 0.67 | Simulation time: 23h 54m 0s
		86050 Time iteration: 0.78 | Time plot: 0.00 | Simulation time: 23h 54m 10s
		86060 Time iteration: 0.79 | Time plot: 0.69 | Simulation time: 23h 54m 20s
		86070 Time iteration: 0.79 | Time plot: 0.00 | Simulation time: 23h 54m 30s
		86080 Time iteration: 0.77 | Time plot: 0.67 | Simulation time: 23h 54m 40s
		86090 Time iteration: 0.75 | Time plot: 0.00 | Simulation time: 23h 54m 50s
		86100 Time iteration: 0.93 | Time plot: 0.67 | Simulation time: 23h 55m 0s
		86110 Time iteration: 0.77 | Time plot: 0.00 | Simulation time: 23h 55m 10s
		86120 Time iteration: 0.75 | Time plot: 0.70 | Simulation time: 23h 55m 20s
		86130 Time iteration: 0.77 | Time plot: 0.00 | Simulation time: 23h 55m 30s
		86140 Time iteration: 0.93 | Time plot: 0.95 | Simulation time: 23h 55m 40s
		86150 Time iteration: 0.91 | Time plot: 0.00 | Simulation time: 23h 55m 50s
		86160 Time iteration: 0.85 | Time plot: 0.77 | Simulation time: 23h 56m 0s
		86170 Time iteration: 0.76 | Time plot: 0.00 | Simulation time: 23h 56m 10s
		86180 Time iteration: 0.75 | Time plot: 0.69 | Simulation time: 23h 56m 20s
		86190 Time iteration: 0.90 | Time plot: 0.00 | Simulation time: 23h 56m 30s
		86200 Time iteration: 1.65 | Time plot: 0.68 | Simulation time: 23h 56m 40s
		86210 Time iteration: 0.77 | Time plot: 0.00 | Simulation time: 23h 56m 50s
		86220 Time iteration: 0.80 | Time plot: 0.69 | Simulation time: 23h 57m 0s
		86230 Time iteration: 0.74 | Time plot: 0.00 | Simulation time: 23h 57m 10s
		86240 Time iteration: 0.74 | Time plot: 0.79 | Simulation time: 23h 57m 20s
		86250 Time iteration: 0.75 | Time plot: 0.00 | Simulation time: 23h 57m 30s
		86260 Time iteration: 0.74 | Time plot: 0.66 | Simulation time: 23h 57m 40s
		86270 Time iteration: 0.73 | Time plot: 0.00 | Simulation time: 23h 57m 50s
		86280 Time iteration: 0.72 | Time plot: 0.66 | Simulation time: 23h 58m 0s
		86290 Time iteration: 0.74 | Time plot: 0.00 | Simulation time: 23h 58m 10s
		86300 Time iteration: 0.91 | Time plot: 0.68 | Simulation time: 23h 58m 20s
		86310 Time iteration: 0.74 | Time plot: 0.00 | Simulation time: 23h 58m 30s
		86320 Time iteration: 0.73 | Time plot: 0.67 | Simulation time: 23h 58m 40s
		86330 Time iteration: 0.75 | Time plot: 0.00 | Simulation time: 23h 58m 50s
		86340 Time iteration: 0.73 | Time plot: 0.67 | Simulation time: 23h 59m 0s
		86350 Time iteration: 0.75 | Time plot: 0.00 | Simulation time: 23h 59m 10s
		86360 Time iteration: 0.74 | Time plot: 0.68 | Simulation time: 23h 59m 20s
		86370 Time iteration: 0.74 | Time plot: 0.00 | Simulation time: 23h 59m 30s
		86380 Time iteration: 0.76 | Time plot: 0.70 | Simulation time: 23h 59m 40s
		86390 Time iteration: 0.72 | Time plot: 0.00 | Simulation time: 23h 59m 50s
		86400 Time iteration: 0.90 | Time plot: 0.83 | Simulation time: 24h 0m 0s

Total simulation time: 20h 11m 35s | Time per iteration: 0.84s | plot_propagation True


---------------------- Mission Summary C_8x2sat_42sd_500tar -----------------------------------

Number of satellites:                       2 (Tip=0, Cue=2)
Total targets:                              500 (positive=500, negative=0)
Simulation time:                            24 h

Tip: orbits completed                       14.829 (full=14, residual=4830.72s, period=5826.4s)
Cue: orbits completed                       14.829 (full=14, residual=4830.72s, period=5826.4s)

Total coverage:                             195,737,070 km² (38.29% Earth, 38.65% mission)
Per orbit coverage:                         13,199,514 km² (2.58% Earth, 2.61% mission)

Tip observed:                               0 (unique: 0)
Tip confirmed:                              0
Tip tasks sent:                             0
Cue tasks started:                          0
Cue observed:                               52 (unique: 50)
Cue confirmed:                              52

Average off-nadir angle:                    0.00° (min 0.00°, max 0.00°, std 0.00°)
Average GSD:                                0.310 m (min 0.310, max 0.310, std 0.000 m)

Average viewing time:                       80.2 s (min 77.1, max 85.6, std 2.1 s)
Average latency (observation):              0.0 s (min 0.0, max 0.0, std 0.0 s)
Average latency (confirmation):             61.0 s (min 61.0, max 61.0, std 0.0 s)

Positive confirmed:                         45 (unique: 43, actual=500)
Negative confirmed:                         7 (unique: 7, actual=0)

Throughput (True Positives):                43
Throughput (Confirmations):                 52

True Positives (TP):                        43
False Positives (FP):                       0
True Negatives (TN):                        0
False Negatives (FN):                       7

Precision:                                  100.00%
Recall (sensitivity):                       86.00%
F1-score:                                   92.47%
False Alarm Rate:                           0.00%
Miss Rate:                                  14.00%

Tip Observation efficiency:                 0.00% of whales
Cue Observation efficiency:                 10.40% of whales
Confirmation efficiency Cue:                10.40% of whales
Tip Task Utilization:                       0.00% (Tip tasks / Tip confirmations)
Cue Success Rate:                           0.00% (Cue confirmations / Cue tasks)

Tasks per Cue satellite:                    0.00 tasks/sat
Observations per Cue satellite:             26.00 targets/sat
Confirmations per Cue satellite:            26.00 targets/sat

True Positives per satellite (all):         21.50 TP/sat
True Positives per orbit (all sats):        1.54 TP/orbit
True Positives per day (all sats):          43.00 TP/day
True Positives per satellite per orbit:     0.77 TP/sat/orbit
True Positives per satellite per day:       21.50 TP/sat/day

Confirmations per satellite (all):          26.00 conf/sat
Confirmations per orbit (all sats):         1.86 conf/orbit
Confirmations per day (all sats):           52.00 conf/day
Confirmations per satellite per orbit:      0.93 conf/sat/orbit
Confirmations per satellite per day:        26.00 conf/sat/day

Total runtime (wall-clock):                 20:11:35
Runtime per simulation hour:                00:50:28
Runtime per simulation day:                 20:11:35

Could not generate off-nadir distribution plot: zero-size array to reduction operation maximum which has no identity
Could not generate latency distribution plot: zero-size array to reduction operation maximum which has no identity


